:020000040801F1
:10000000D013002069020108398901083D780108F0
:1000100035890108490F01089D9901087B020108F3
:10002000000000000000000000000000AD8C01088E
:1000300091100108000000003D890108B18C010801
:100040008502010885020108850201088502010870
:100050008502010885020108850201088502010860
:100060008502010885020108850201088502010850
:100070008502010885020108850201088502010840
:100080008502010885020108850201088502010830
:100090008502010885020108850201088502010820
:1000A0008502010885020108850201088502010810
:1000B000850201083D110108491101085511010887
:1000C0006111010885020108850201088502010805
:1000D0000000000085020108850201089D1001084A
:1000E00085020108850201088502010885020108D0
:1000F000850201082D8E0108398E0108850201084C
:10010000618E0108898E01088502010885020108B7
:10011000850201088502010885020108218B01087A
:100120002D8B01088502010885020108850201085E
:10013000850201089D910108A1910108850201082D
:10014000850201088502010885020108850201086F
:10015000850201088502010885020108850201085F
:10016000000000000000000085020108850201086F
:10017000850201088502010885020108850201083F
:1001800085020108850201088502010800000000BF
:1001900000000000850201080000000000000000CF
:1001A000000000000000000085020108850201082F
:1001B00085020108850201088502010885020108FF
:1001C000850201088502010800000000000000000F
:1001D000000000000000000000000000850201088F
:1001E00085020108850201080000000000000000EF
:1001F000850201088502010885020108000000004F
:1002000000000000850201088502010800000000CE
:1002100000000000850201080000000085020108BE
:1002200085020108000000000000000085020108AE
:10023000850201080000000000000000000000002E
:10024000000000000000000000000000850201081E
:1002500085020108DFF80CD000F072FB004800476F
:10026000F5B60108D013002007488047074800472B
:10027000FEE7FEE7FEE7FEE7FEE7FEE7FEE7FEE756
:10028000FEE7FEE7FEE700007D8D0108550201084C
:100290002DE9F05F0546002092469B4688460646BB
:1002A000814640241BE0284641464746224600F04E
:1002B0004AFA53465A46C01A914110D3114618467D
:1002C000224600F031FA2D1A67EB01084F4622460C
:1002D0000120002100F028FA17EB00094E41201EF2
:1002E000A4F10104DFDC484631462A464346BDE816
:1002F000F09F40EA01039B0703D009E008C9121FE1
:1003000008C0042AFAD203E011F8013B00F8013BCF
:10031000521EF9D27047D2B201E000F8012B491EFB
:10032000FBD270470022F6E710B513460A46044692
:100330001946FFF7F0FF204610BD421C10F8011BC4
:100340000029FBD1801A70472DE9FE4F804681EAD3
:100350000300C00F0C46009021F0004123F000453F
:10036000B8EB0200A94105D24046214690461C4602
:100370000B46024623F00040104347D0270DC7F339
:100380000A00C3F30A510290401A019040286BDA28
:10039000C3F3130040F4801B0098924620B1002361
:1003A000D2EB030A63EB0B0B01985946C0F14002F4
:1003B000504600F0B9F906460D4650465946019A96
:1003C00000F0D1F910EB08006141002487EA1152D6
:1003D00084EAE7731A4340D0009A62B3019A012A73
:1003E0004FEA075215DC001B61EB02014FF000429F
:1003F00002EA0752CDE90042001C41F58011324665
:100400002B4600F008FA03B0BDE8F08F40462146C5
:10041000F9E7001B61EB0201001C41F58013001895
:100420005B412018A2F5001747EB030140EAD570A5
:10043000B6196D4111E06D084FEA360645EAC07500
:100440004FEA0752001B61EB0201001C41F58011CD
:1004500049084FEA30000019514132462B4603B09B
:10046000BDE8F04F00F0C8B9009801224000002319
:10047000D0EB020263EBE073009821464FEAE07490
:10048000B8EB000061EB0401E9E783F000435BE7B0
:1004900081F0004158E72DE9FE4F81EA030404F0A2
:1004A000004421F0004100944FF0000B23F0004382
:1004B00050EA01045ED052EA03045BD0C3F30A544D
:1004C000C1F30A552C44A4F2F3340194A0FB025466
:1004D000C1F3130141F48011C3F3130343F48013F8
:1004E00001FB024400FB034E840A970A44EA81544C
:1004F00047EA8357A4FB076802958D0A05FB078529
:100500004FEA932C04FB0C542705029D4FEA065832
:1005100047EA1637B5EB08056EEB070C870E920E0F
:1005200047EA811742EA8312A7FB0201B6EB0B01EF
:1005300064EB00042B0D43EA0C335E1844EB1C50B3
:10054000DA465146E7FB0201C5F313044FEA0B33C9
:1005500043EA14534FEA0432019C43EA0603A4F130
:100560000C040294009CCDE900B400F054F903B0EF
:10057000BDE8F08F00200146F9E72DE9F04D81EA52
:10058000030404F0004B21F0004514464FF0000A2C
:1005900023F0004150EA050220D054EA01021DD0A8
:1005A000C5F30A570246C5F31303C1F31300C1F3A1
:1005B0000A5640F4801543F48013A7EB0608101B7D
:1005C000D64608F2FD3873EB050002D308F10108A6
:1005D00001E092185B41B8F1000F03DA00200146F8
:1005E000BDE8F08D00204FF48011064684460EE0F1
:1005F000171B73EB050705D3121B63EB05030643BB
:100600004CEA010C49084FEA300092185B4150EA6D
:100610000107EDD152EA030012D082EA040083EA16
:100620000501084305D0101BAB4106D2012200236F
:1006300006E000224FF0004302E06FF00102531089
:100640001AEB06004CEB085110EB0A0041EB0B01D2
:10065000BDE8F04D00F0D0B830B5041E71F10004D3
:1006600004DB4FF00044404264EB0101141E73F1BF
:10067000000405DB1C464FF00043524263EB0403C9
:10068000801A994101D2012030BD002030BD0EB545
:10069000C10F80EAE0700844CA07002140F23343EA
:1006A0008DE80E000A460B4600F0B5F803B000BD19
:1006B0000EB540F2334102910021CDE900110A4606
:1006C0000B4600F0A8F803B000BD00F0004230F087
:1006D00000400AD0C10D01F56071C0F3160042EA76
:1006E0000151C2084007114370470020014670477E
:1006F00001F0004330B421F0004150EA010206D07D
:100700000A0DA2F56072C1F31301002A02DC30BCAD
:1007100000207047440F44EAC104C100E01830BC17
:1007200000EBC25000F031B8202A04DB203A00FA76
:1007300002F1002070479140C2F1200320FA03F338
:10074000194390407047202A04DB203A21FA02F036
:100750000021704721FA02F3D040C2F120029140FB
:10076000084319467047202A06DBCB17203A41FA86
:1007700002F043EAE07306E041FA02F3D040C2F12E
:10078000200291400843194670470029A8BF7047CE
:10079000401C490008BF20F00100704710B4B0FAB7
:1007A00080FC00FA0CF050EA010404BF10BC704752
:1007B00049B1CCF1200421FA04F411FA0CF118BF6C
:1007C000012121430843A3EB0C01CB1D4FEA00613B
:1007D0004FEA102042BF002010BC704700EBC3500E
:1007E00010440029A4BF10BC7047401C490008BF3A
:1007F00020F0010010BC704710B5141E73F1000406
:1008000008DA401C41F1000192185B411A4301D102
:1008100020F0010010BD2DE9F04D92469B4611B12C
:10082000B1FA81F202E0B0FA80F220329046FFF78E
:100830007BFF04460F4640EA0A0041EA0B0153469B
:100840005A46084313D0114653EA010019D0C8F1A3
:1008500040025046FFF777FF05460E465046594680
:100860004246FFF761FF084305D0012004E020461F
:100870003946BDE8F08D0020054346EAE0762C437A
:1008800037430A986305E40AA0EB08000022FD0A3A
:1008900044EA47540A3002D500200146E9E7010541
:1008A00010196941DDE9084500196941BDE8F04DBD
:1008B000A2E770B521F0004303430CD0C1F30A5501
:1008C0000024D5EB040564EB0403D617AD1AB3413D
:1008D00002DB0020014670BD201841EB025170BDC3
:1008E00030B5041E71F1000404DB4FF000444042B7
:1008F00064EB0101141E73F1000405DB1C464FF08C
:100900000043524263EB04038B4208BF824230BD76
:1009100030B5041E71F1000404DB4FF00044404286
:1009200064EB0101141E73F1000405DB1C464FF05B
:100930000043524263EB0403994208BF904230BD2A
:10094000064C074D06E0E06840F0010394E807001C
:1009500098471034AC42F6D3FFF780FC1C02020823
:100960003C0202082DE9F04D00231A461B1A8A4169
:1009700003DB00200146BDE8F08DC1F30A52C1F34C
:10098000130141F480154FF0000BD10702D100187C
:100990006D41521E0027044640F2FF11384601EB1C
:1009A000620A3E468046024600204FF48011FFF75F
:1009B000CAFEC2197141BB1846EB0100B4EB030C2F
:1009C00075EB000C04D3E41A65EB000517460E46E0
:1009D000241908F101006D4180463428E3DDF9193E
:1009E00046EB0600091BA84103D24FF0FF32134625
:1009F00001E0002213461BEB070046EB0A51BDE85D
:100A0000F04DFFF7F9BE000070B584B000260C462B
:100A100005460020C4F202268DF80800ADF8060055
:100A20003046082101F0C2FF0028F9D1052060F30B
:100A30001F1500208DF80B008DF80C40FC2040F6AF
:100A4000C014ADF80D000120C2F200048DF80F00B3
:100A50000DF10A01204606228DF80A5005F0E2FF4A
:100A6000204604F037FF0128FAD140F6C014C2F244
:100A700000040DF106012046032205F09FFC00BF93
:100A8000204604F027FF0128FAD19DF807109DF8B1
:100A9000060009029DF8082041EA004040F6BC51DA
:100AA000104400EE100AC2F20001B8EE400A0860DD
:100AB00004B070BD70B584B040F600060C46054623
:100AC0000020C4F202268DF80800ADF8060000BF31
:100AD0003046402101F06AFF0028F9D1052060F37B
:100AE0001F1500208DF80B008DF80C40FC2040F6FF
:100AF0005024ADF80D000120C2F200048DF80F0063
:100B00000DF10A01204606228DF80A5005F08AFFF1
:100B1000204604F0DFFE0128FAD140F65024C2F24C
:100B200000040DF106012046032205F047FC00BF3A
:100B3000204604F0CFFE0128FAD19DF807109DF859
:100B4000060009029DF8082041EA004040F6BC5129
:100B5000104400EE100AC2F20001B8EE400A08602C
:100B600004B070BDF0B581B00024C4F20224204668
:100B70001021002201F020FF20460421002201F074
:100B80001BFF0A2001F040F820460421012201F059
:100B900013FF642001F038F8FE208DF8010040F6C4
:100BA000C010C2F200000DF1010101220A2305F07C
:100BB0004BFD0A2001F028F80BF07AFF40F2EC61BF
:100BC000C2F20001086006208DF8030020460821CB
:100BD00001F0ECFE0028F9D140F6C0155020C2F219
:100BE00000050DF102068DF802002846314601226B
:100BF0000A2305F029FD00208DF802002846314621
:100C000001220A2305F020FD0DF1030128460122EF
:100C10000A2305F019FD08208DF80300204608215D
:100C200001F0C4FE0028F9D140F6C0155120C2F2EF
:100C300000050DF102068DF802002846314601221A
:100C40000A2305F001FD00272846314601220A2328
:100C50008DF8027005F0F8FC0DF103012846012221
:100C60000A2305F0F1FC8DF8037000BF204608212F
:100C700001F09CFE0028F9D140F6C0155220C2F2C6
:100C800000050DF102068DF80200284631460122CA
:100C90000A2305F0D9FC00208DF8020028463146D1
:100CA00001220A2305F0D0FC0DF1030128460122A0
:100CB0000A2305F0C9FCF0208DF803002046082126
:100CC00001F074FE0028F9D140F6C0155320C2F29D
:100CD00000050DF102068DF802002846314601227A
:100CE0000A2305F0B1FC00272846314601220A23D9
:100CF0008DF8027005F0A8FC0DF1030128460122D1
:100D00000A2305F0A1FC8DF8037000BF20460821DE
:100D100001F04CFE0028F9D140F6C0155420C2F273
:100D200000050DF102068DF8020028463146012229
:100D30000A2305F089FC00208DF802002846314680
:100D400001220A2305F080FC0DF10301284601224F
:100D50000A2305F079FC04F580604FF480510022ED
:100D600001F02AFE04F5006420468021002201F0F3
:100D700023FE0A2000F048FF20468021012201F0D6
:100D80001BFE642000F040FF40F65020C2F200003D
:100D90000DF1010101220A2305F056FC0A2000F0A2
:100DA00033FF0BF0B9FE40F2F061C2F200010860BF
:100DB00006208DF8030000BF2046402101F0F6FD1B
:100DC0000028F9D140F650255020C2F200050DF15F
:100DD00002068DF802002846314601220A2305F05A
:100DE00033FC00208DF802002846314601220A23F8
:100DF00005F02AFC0DF10301284601220A2305F023
:100E000023FC08208DF803002046402101F0CEFD90
:100E10000028F9D140F650255120C2F200050DF10D
:100E200002068DF802002846314601220A2305F009
:100E30000BFC00272846314601220A238DF8027058
:100E400005F002FC0DF10301284601220A2305F0FA
:100E5000FBFB8DF8037000BF2046402101F0A6FD8A
:100E60000028F9D140F650255220C2F200050DF1BC
:100E700002068DF802002846314601220A2305F0B9
:100E8000E3FB00208DF802002846314601220A23A8
:100E900005F0DAFB0DF10301284601220A2305F0D3
:100EA000D3FBF0208DF803002046402101F07EFDA9
:100EB0000028F9D140F650255320C2F200050DF16B
:100EC00002068DF802002846314601220A2305F069
:100ED000BBFB00272846314601220A238DF8027009
:100EE00005F0B2FB0DF10301284601220A2305F0AB
:100EF000ABFB8DF8037000BF2046402101F056FD8A
:100F00000028F9D140F650245420C2F200040DF11B
:100F100002058DF802002046294601220A2305F029
:100F200093FB00208DF802002046294601220A2367
:100F300005F08AFB0DF10301204601220A2305F08A
:100F400083FB01B0F0BD0000FEE700002DE9F04199
:100F500088B040F60814C2F20004002620460221A0
:100F6000022200230096022500F06EFF40F23808AE
:100F7000C2F2000898F80000049500F500700127FF
:100F8000069040F2FF7502A92046CDE9026605975A
:100F9000079500F029FF002818BF00F07BF840F605
:100FA0000810C2F2000002A90397CDE9066500F01F
:100FB0001BFF002818BF00F06DF898F80010022001
:100FC000039001F54070069040F6081040F2FF745F
:100FD000C2F2000002A9079400F006FF002818BF23
:100FE00000F058F898F800100320039001F5806095
:100FF000CDE9060440F60810C2F2000002A900F094
:10100000F3FE002818BF00F045F898F800100420FF
:10101000039001F5A060069040F6081040F2FF74BE
:10102000C2F2000002A9079400F0DEFE002818BFFB
:1010300000F030F8052098F8001003900220059089
:1010400001F5E060CDE9060440F60810C2F20000A8
:1010500002A900F0C9FE002818BF00F01BF840F6F6
:101060000810C2F2000001F00BFA002818BF00F0CF
:1010700011F840F60810C2F200000921002200F029
:10108000D7FD002818BF00F005F808B0BDE8F081D2
:101090007047000072B600BFFEE7000040F608107F
:1010A000C2F2000000F0AABF70B542F2200604466A
:1010B000C4F2020601F086FC316811F00B0F20D05B
:1010C000C4B30546601C11D1306810F00B0F18D066
:1010D000306810F00B0F14D0306810F00B0F10D0E8
:1010E000306810F00B0FEFD10BE000BF01F06AFC8D
:1010F000401BA04284BF032070BD306810F00B0F6E
:10110000F4D1306810F47E000AD040F23C01C2F203
:1011100000014A6802434A603061012070BD00BF8F
:101120003068C0035CBF002070BD4FF48030306178
:10113000002070BD01F046FC032070BD40F2F46059
:10114000C2F2000000F020B940F26C70C2F2000060
:1011500000F01AB940F2E470C2F2000000F014B9D5
:1011600040F65C00C2F2000000F00EB970470000CB
:10117000704700007047000010B5002804BF012030
:1011800010BD044690F8240008BB41F27510C0F66B
:10119000010041F27111A06041F20120C0F601018D
:1011A000C0F60100C4E9031041F20520C0F60100B9
:1011B000E169606141F26D10C0F60100A06121B9E2
:1011C00041F20921C0F60101E16120468847002073
:1011D0000121A06284F82410D4E900120B6823F0E6
:1011E00000431A430A604A6812F0090F1CBF02202C
:1011F00010BDA0620A6842F001020A6010BD000042
:10120000704700007047000081B0006841F2004163
:10121000C4F20301884201D001B0704740F6884013
:10122000C4F20240016841F080410160006800F0B2
:1012300080400090009801B07047000080B5002801
:101240005AD0436F002B57D0016D002954D090F82D
:101250005410D0F800E00129DEF814C004D00229AF
:101260004CD11CF4803149D090F8541001293AD166
:1012700090F84C1001294FF0020145D0012280F86E
:101280004C2080F854101973002181651961DEF833
:10129000141041F4BA41CEF81410416E29B1DEF8B1
:1012A000141041F40071CEF81410006F28B1DEF86C
:1012B000140040F40050CEF8140018680022016AAF
:1012C000CFF60102490861F3596261F39A624FF661
:1012D000FF7120EA0101CEF800104FF6FC710840C2
:1012E0001044CEF87C00DEF8140040F00100CEF887
:1012F0001400002080BD00BF012080BD4021816519
:10130000002180F84C100121084680BD002804BF50
:101310000120704790F8541002290BD1042180F865
:101320005410006842F204024169114341610020F7
:10133000704700BF202181650120704702460028C8
:101340004FF0010008BF7047CB065CBF002070471C
:10135000136840F6FF7223EA020203F57B63C3F3CE
:10136000C41301F01101112900FA03F004D15168EE
:101370000843506000207047516821EA0000506027
:1013800000207047806D704710B5044600680C223D
:10139000034600F57B6162F30B03C1F3C4111A68C5
:1013A00022FA01F1C90700F0CB800169490544BF69
:1013B00041695FEA415143D40169090544BF41696C
:1013C0005FEA015144D40169C90444BF41695FEA3D
:1013D000C14145D40169490444BF41695FEA4141C3
:1013E00046D40169890544BF41695FEA815147D408
:1013F0000169890444BF41695FEA81414AD40169B6
:10140000C90544BF41695FEAC15169D4A06D002894
:1014100000F096802068416941F00201416101209D
:1014200084F8540094F85010090644BF616F0873A3
:10143000A16E0020002984F84C004CD180E000BF50
:101440004FF48061C160A16D41F00101A165B3E776
:101450004FF40061C160A16D41F00201A165B2E7E6
:101460004FF48051C160A16D41F00401A165B1E765
:101470004FF48041C160A16D41F00801A165B0E762
:101480004FF40071C160616E0029B1D020468847D9
:101490002068ADE74FF40051C16094F8541004295E
:1014A0002AD1416921F400514161416941F00201B1
:1014B0004161012184F8541094F85020120603D59C
:1014C000626F117300218164E16E0020002984F8AD
:1014D0004C0008BF10BD2046BDE81040084700BFC3
:1014E00094F85010090613D4816C002904BF01211F
:1014F00084F8541015E000BF052184F85410216FC2
:1015000000293FF47CAF20468847206877E700BF7A
:10151000C16F31B9816C21B9012184F85410626F17
:1015200011734FF44071C160216E0020002984F8CE
:101530004C001CBF20468847A06D00287FF46AAF8E
:1015400010BD000070B5044601F03CFA002C04BF49
:10155000012070BD002184F84C100546206894F8E5
:10156000542022B9C4E91811C4E91A1121670221D3
:1015700084F85410416941F0060141614169C9078D
:1015800009D000BF01F01EFA401B052854D820687E
:101590004169C907F6D1216A426904F1100522F4B4
:1015A000430211434161E36926CD1A4340F24F0ED5
:1015B0001143C5F2020E40F24F3C704541EA05036B
:1015C000C5F2020C1CDC41F24F05C4F20205A84230
:1015D0003ADC40F24F25C4F20205A84262DC40F238
:1015E0004F15C4F20205A84200F39C805025C4F2B6
:1015F0000205A84200F0F080D025C4F20205E9E01F
:1016000041F24F05C5F20205A84235DC40F24F25F4
:10161000C5F20205A84257DC40F24F15C5F202059B
:10162000A84200F38B805025C5F20205A84200F0C5
:10163000D380D025CCE000BF012003221021A1657A
:1016400084F8542070BD00BF41F24F25C4F202055A
:10165000A84245DC41F24F15C4F20205A84277DCEE
:1016600041F25005C4F20205A84200F0B58041F2F3
:10167000D005C4F20205ADE041F24F25C5F20205E6
:10168000A8423FDC41F24F15C5F20205A8426BDCCF
:1016900041F25005C5F20205A84200F09D8041F2DA
:1016A000D00595E040F24F35C4F20205A84265DC52
:1016B00040F25025C4F20205A84200F08D8040F2AD
:1016C000D025C4F2020585E0604563DC40F2502578
:1016D000C5F20205A84200F07F8040F2D02577E0F5
:1016E00041F24F35C4F20205A8425DDC41F25025BB
:1016F000C4F20205A8426FD041F2D025C4F202051F
:1017000068E000BF41F24F35C5F20205A84257DC40
:1017100041F25025C5F20205A8425DD041F2D02524
:1017200056E000BF40F25015C4F20205A84253D063
:1017300040F2D015C4F202054CE000BF40F2501553
:10174000C5F20205A84247D040F2D01540E000BFE4
:1017500041F25015C4F20205A8423DD041F2D01525
:10176000C4F2020536E000BF41F25015C5F2020591
:10177000A84231D041F2D0152AE000BF40F25035E6
:10178000C4F20205A84227D040F2D035C4F20205C7
:1017900020E000BF40F25035C5F20205A8421BD040
:1017A00040F2D03514E000BF41F25035C4F20205DA
:1017B000A84211D041F2D035C4F202050AE000BFC0
:1017C00041F2D035C5F20205A84205D041F25035AC
:1017D000C5F20205A84212D1D4E909514FF07C7636
:1017E000E26A06EB01514FF47C7606EB051501F039
:1017F0007C711A4305F47C75114341EA0503016CC1
:1018000001F0802119430164A1682279E568114340
:10181000226BB5F5007F41EA020323D0B5F5806F56
:1018200040F00E81704521DC41F24F01C4F202010B
:10183000884237DC40F24F21C4F2020188425FDC6B
:1018400040F24F11C4F20201884200F39980502106
:10185000C4F20201884200F0F180D021C4F20201FA
:10186000E6E000BF43F40073EAE000BF41F24F013D
:10187000C5F2020188422DDC40F24F21C5F202017F
:1018800088424FDC40F24F11C5F20201884200F35A
:1018900083805021C5F20201884200F0CF80D02120
:1018A000C4E000BF41F24F21C4F20201884245DC8E
:1018B00041F24F11C4F20201884277DC41F250013B
:1018C000C4F20201884200F0B98041F2D001C4F2B2
:1018D0000201ADE041F24F21C5F2020188423FDC36
:1018E00041F24F11C5F2020188426BDC41F2500116
:1018F000C5F20201884200F0A18041F2D00195E0DA
:1019000040F24F31C4F20201884265DC40F25021BE
:10191000C4F20201884200F0918040F2D021C4F26A
:10192000020185E0604563DC40F25021C5F202010E
:10193000884200F0838040F2D02177E041F24F31BD
:10194000C4F2020188425DDC41F25021C4F202017E
:10195000884273D041F2D021C4F2020168E000BF96
:1019600041F24F31C5F20201884257DC41F2502169
:10197000C5F20201884261D041F2D02156E000BF99
:1019800040F25011C4F20201884257D040F2D01107
:10199000C4F202014CE000BF40F25011C5F2020156
:1019A00088424BD040F2D01140E000BF41F25011CC
:1019B000C4F20201884241D041F2D011C4F20201C6
:1019C00036E000BF41F25011C5F20201884235D025
:1019D00041F2D0112AE000BF40F25031C4F20201BE
:1019E00088422BD040F2D031C4F2020120E000BF87
:1019F00040F25031C5F2020188421FD040F2D0318E
:101A000014E000BF41F25031C4F20201884215D007
:101A100041F2D031C4F202010AE000BF41F2D031FC
:101A2000C5F20201884209D041F25031C5F20201EB
:101A3000884208BF43F4806302E000BF43F4806340
:101A4000626B416C42F20016C3F6C046134331404C
:101A50001943416400216045816411DC41F24F313A
:101A6000C4F2020188421BDC40F25031C4F2020190
:101A700088422DD040F2D031C4F2020126E000BFEE
:101A800041F24F31C5F20201884215DC40F250317B
:101A9000C5F2020188421BD040F2D03114E000BFF1
:101AA00041F25031C4F20201884211D041F2D031EA
:101AB000C4F202010AE000BF41F2D031C5F20201D6
:101AC000884205D041F25031C5F20201884202D16C
:101AD0000021416581650021C16722650122002046
:101AE000A16584F8542070BD10B520B1D0F850C065
:101AF000BCF1000F02D0012010BD00BF90F84CC017
:101B0000BCF1010F04BF022010BD4FF0010C80F8A2
:101B10004CC090F854C0BCF1010F39D14FF0020C09
:101B200080F854C04FF0000CC0F858C0D0F800C086
:101B3000D0F864E0DCF84840BEF1000FC3EA0403CB
:101B4000CCF848304FF4FE43CCF80C30CCF84C10B5
:101B5000CCF85020DCF8141041F4BA41CCF8141041
:101B600005D0DCF8141041F40071CCF81410006FAB
:101B700028B1DCF8140040F40050CCF81400DCF874
:101B8000140040F00100CCF81400002010BD00BF8C
:101B900040218165002180F84C10012010BD00001B
:101BA00080B540F660404CF2FF11C4F20240CDF621
:101BB000FE71416140F22B61C4F2800147F60002E0
:101BC00081610021C0F27F1241618161C26140F6F2
:101BD000E002C0F21002C16102624DF20302C0F2E3
:101BE0000A120162026041F6FF52C0F21F02016058
:101BF000426041F68002C0F211024160C260C160E1
:101C000001F022FB002080BDB0B5044600F0DAFEF2
:101C1000054640F22800C2F200000078611C18BF9F
:101C2000044400BF00F0CEFE401BA042FAD3B0BD7A
:101C300010B590F85C30013B012B69D8006801F0C9
:101C40000703D0F858E01EF0010C00D11BBB11F0C7
:101C5000380F02D01EF002041DD011F4E07F02D034
:101C60001EF0040417D011F4F05F02D01EF0080437
:101C700011D011F4604F02D01EF010040BD011F4FB
:101C8000403F02D01EF0200405D011F47C0F06D096
:101C90001EF0400403D1C46D44F00104C465002B60
:101CA00018BFBCF1000F3BD111F0380F18BF1EF068
:101CB000020335D111F4E07F18BF1EF004032FD1C9
:101CC00011F4F05F18BF1EF0080329D111F4604F22
:101CD00018BF1EF0100323D111F4403F18BF1EF0AF
:101CE00020031DD111F47C0F18BF1EF0400317D143
:101CF0000B061BD4CB0504D5D0F8E0301A43C0F84E
:101D0000E02000F15402002013681943116010BD57
:101D100000F160020120022113681943116010BD17
:101D2000C36D43F00203C3650B06E3D5D0F8DC3086
:101D30001343C0F8DC30CB05E3D5DDE7F0B590F810
:101D40005C30022B12D10668D6F8C4309B0213D443
:101D5000D6F8C4300D69C3F3014CD1E901438CB10D
:101D60000C682B43234343F0804E0FE0016E41F09B
:101D7000080101660120F0BD016E41F400710166A9
:101D80000120F0BD0C682B4343EA844ED1E907459E
:101D9000D1E9053744EA0564CD683C432343446DEB
:101DA0000CEBCC0743EA054504EBC70344F837E0E6
:101DB0005D60CF687FB140F2D01508330332002454
:101DC000C0F60205171957F8037C1F51CF68043479
:101DD000EF5DBC42F6D3012101FA0CF1C6F8CC103C
:101DE00081650020F0BD000080B590F85C20013ACC
:101DF000012A13D80A68BAB101F1040ED1E90431FD
:101E00009EE80450406C43EA4E7E41EA8C7100EB40
:101E1000C20340F832E00020596080BD016E41F0FD
:101E200002010166012080BDD1E901CED1E9032381
:101E30004969D20642EA8E72006C42EA03421143BB
:101E400040F82C10002080BD844690F85C000128EA
:101E500012D19200DCF800C042EA011100985CF84F
:101E6000802F41EA430122F03F02084340EA020189
:101E70000020CCF8001070475CF8600F40F00401BF
:101E80000120CCF800107047704700007047000038
:101E90002DE9F04390F85C70022F1BD1D0F800C000
:101EA00040291FD1DCF890703F0700F09D80DCF8DE
:101EB0009070FF0146BFDCF88070C7F34027002711
:101EC000DCF89060C6F3012606EB070C00F148072A
:101ED0001DE000BF016E41F0080101660120BDE870
:101EE000F08300BFDCF898703F077DD0DCF8987075
:101EF000FF0146BFDCF88070C7F300270027DCF83D
:101F00009860C6F3012606EB070C00F14C073F680A
:101F10000CEBCC0657F8365007EBC60E15F0804593
:101F2000556057F8365025F0604408BFC5F38A4421
:101F3000146057F8365005F00055956057F8364054
:101F400004F000441461BEF80440D461BEF80640B9
:101F500014F00F04D460DEF8044004F480145461DB
:101F6000DEF8044004F4001494619EF8074004F085
:101F70007F041462DEF804404FEAD474546228D01F
:101F800040F2D0180024C0F6020800BF0EEB040691
:101F9000377A651C1F55D76818F80770BD4218D2EC
:101FA000757A1F197D70D56818F80590A51C4D45E8
:101FB0000FD2B57ABD70D56818F80590E51C4D456F
:101FC00007D2F57A0434FD70D56818F80550AC4294
:101FD000DCD3006840290CBFC0F894C0C0F89CC096
:101FE0000020BDE8F08300BF016E41F480710166FE
:101FF0000120BDE8F0830000704700002DE9F04F9C
:1020000085B004460068016D426D056DD0F85490AE
:10201000D0F850A0D0F85480036D01EA020B04936D
:10202000436D0393036D0293436D0193436D076DFD
:102030001F407B065CD405EA0906F8050BF4E05561
:1020400061D408EA0A0806F007062DB1206829467F
:102050000565204600F032FA08F038052EB12068F8
:1020600031460665204600F0FFF92DB1206829466B
:102070000565204600F0FEF9B80557D438065ED451
:10208000B80469D43804DDE9011000EA010506D579
:1020900020684FF400410165204600F007FADDE9B1
:1020A00003100840790405F4602107D522684FF435
:1020B00080431365226E42F08002226600F47105AF
:1020C00021B1206801652046FFF7E0FE25B12068B8
:1020D0000565206E28432066206E002804BF05B0E9
:1020E000BDE8F08F204605B0BDE8F04FFFF7CCBE4D
:1020F000402101652046FFF77FFF05EA0906F80544
:102100000BF4E0559DD52068D0F8D810D0F8E02029
:1021100011404FF480720265204600F0CBF908EAC6
:102120000A08002D06F0070690D195E720684FF4C5
:1021300000710165204600F0C3F93806A0D520687B
:10214000D0F8D410D0F8DC2011408022026520465F
:1021500000F0B2F9B80495D520684FF4005101653C
:10216000204600F0A5F93804DDE9011000EA010578
:102170008ED494E770B5002804BF012070BD0446DA
:1021800090F85C0028B9002084F85D00204600F03B
:1021900015F92068816921F01001816100F012FCBD
:1021A000054600BF20688169090705D500F00AFCD3
:1021B000401B0B28F6D310E0816941F001018161D9
:1021C00000F000FC054600BF20688169C9070DD1F9
:1021D00000F0F8FB401B0B28F6D3206E032140F0E3
:1021E00001002066012084F85C1070BD82694AF20B
:1021F000004CC4F2000C42F002026045826102D140
:102200006268CCF80021227C8369012A23F0400314
:1022100018BF40338361627C8369012A23F48043C1
:1022200008BF03F580438361A27C8369012A23F4FC
:10223000805318BF03F580538361826922F440758F
:10224000D4E9022315438561856925F0A4058561DC
:10225000056925F010050561B3B1022B10D0012BE3
:1022600004D1836943F004030DE000BF8569032BAB
:1022700045F080058561056945F01005056103D1CC
:10228000836943F020038361D4E90515D4E9073657
:102290006FF0FF0E0EEB0323013D43EA456300257B
:1022A000CFF6FF75013E05EB014133431943B2F50B
:1022B000407FC1610FD104F124064ECE0EEB032303
:1022C000013A1A436FF00F0303EB061305EB0141CC
:1022D0001A431143C160D4E90D13E26BD0F8C0601A
:1022E0003243C0F8C0200CF580660CF50062B042A5
:1022F00008BF0CF535622264D0F8806026F4F81629
:1023000046EA0141C0F8801002F170016164D0F822
:10231000801021F0706141EA0361C0F8801002F181
:10232000B000A06402F5C470E06402F51870206586
:1023300002F51E70606502F554700021C2E90011BB
:10234000C2E90211C2E90411C2E90611C2E9081189
:10235000C2E90A11C2E90C11C2E90E11C2E9101159
:10236000C2E91211C2E91411C2E91611C2E9181129
:10237000C2E91A11C2E91C11C2E91E11C2E92011F9
:10238000C2E92211C2E92411C2E92611C2E92811C9
:10239000C2E92A11C2E92C11C2E92E11C2E9301199
:1023A000C2E93211C2F8D010D4328242C6D3002022
:1023B0000121A065206684F85C1070BDB0B5BCB08A
:1023C000044602A800250830C8213B95CDE93955BF
:1023D000CDE93755FDF7A6FF20684AF20041C4F267
:1023E0000001884202D03CB0B0BD00BF0420CDE95E
:1023F00002504FF48070279002A801F08BFF002854
:1024000018BFFEF747FE40F68C40C4F20240416917
:1024100041F400714161416901F400710191019938
:10242000016841F001010160006837A900F0010076
:10243000019001984FF4C05037900220389000204E
:10244000CDE9390009203B900020C4F2022000F0C1
:10245000E5F927200021002200F02EFF272000F0C0
:102460001BFF3CB0B0BD0000C80718BF09F080BA20
:1024700070470000080748BF09F044BB70470000E0
:1024800090F85C1001290BD1022180F85C100168E2
:102490008A6922F001028A610021016608467047BC
:1024A000016E41F004010166012070477047000091
:1024B0007047000070470000704700007047000040
:1024C000704700002DE9F04F81B040F23C06C2F2A7
:1024D00000063278012A02BF022001B0BDE8F08F69
:1024E0000446012030704FF000084FF47A700D461A
:1024F000C6F80480FEF7D8FD20B186F8008001B050
:10250000BDE8F08F206848F2080220F0004142F256
:10251000280A9142C4F2020AB06007D1606800F054
:102520000301032910D148F2200021E040F20809FC
:10253000C8F20009484525D1DAF8180040F0080033
:10254000CAF8180019E000BFC1070BD04FF63F02D0
:10255000DAF80010C7F6FF7202F5F3621140283175
:10256000CAF80010800708D50820C8F20000203003
:10257000DAF800100843CAF800004FF47A70FEF74A
:1025800093FD36E04FF0FF302860D4E90270384404
:1025900087422AD24FEA871B60684FF63F0110F04E
:1025A0000100DAF80000C7F6FF7108BF6FF4F861A8
:1025B00000EA0100CAF80000DAF800004FF0240237
:1025C00040EA0B0008BF09F11C021043CAF80000E2
:1025D0004FF47A70FEF768FD50B9D4E90201013773
:1025E0000BF1400B08448742D6D3002001E000BF26
:1025F0002F6021684FF00042DAF8003062EA0101F2
:102600001940CAF8001086F8008001B0BDE8F08FCC
:1026100042F22800C4F20200016841F001010160A9
:102620000068012121EA0000704700002DE9F04315
:1026300081B040F23C098046C2F20009002042F21B
:10264000280416460D46C4F20204C9F8040000F03E
:10265000B9F954F8081C11F00B0F0CD0074600BF55
:1026600000F0B0F9C01BB0F57A7F13D854F8080C0D
:1026700010F00B0FF4D154F8080C10F47E000DD0BC
:10268000D9F804100143C9F80410A060012001B07A
:10269000BDE8F083032001B0BDE8F08354F8080CD6
:1026A0000227C00344BF4FF48030A06028F00040F0
:1026B0000228C1F20007C9F8088019D1206840F04B
:1026C00002002060EFF3108072B6316829607168F3
:1026D0006960B168A960F168E96080F3108800F072
:1026E00071F954F8081C11F00B0F4AD155E000BFE6
:1026F00028F00401B9421FD1206840F00200206098
:10270000D9F80800A16900F004000843A061EFF3C4
:10271000108072B63168296071686960B168A9601B
:10272000F168E96080F3108800F04CF954F8081C57
:1027300011F00B0F25D130E00221C6F200018842D2
:1027400012D00221C4F200018842206840F0020049
:1027500020603088288000F035F954F8081C11F00A
:102760000B0F0ED119E000BF206840F0020020607E
:102770003068286000F026F954F8081C11F00B0F9F
:102780000BD0054600F01EF9401BB0F57A7F11D83A
:1027900054F8080C10F00B0FF4D154F8080C10F496
:1027A0007E0009D0D9F804100143C9F80410A060D4
:1027B000012009E0032007E054F8080CC00344BFDF
:1027C0004FF48030A06000200421CBF20001226889
:1027D00061EA080111403A1D9045216003D1A169C9
:1027E00021F00401A16101B0BDE8F08342F20400D0
:1027F000C4F20200416AC90704BF0020704740F2DA
:102800002311C4F26751016048F6AB11CCF6EF51C9
:102810000160406A00F00100704700002DE9F04FB0
:1028200081B00B68002B00F0BD8047F67F72C0F2CC
:102830002F0202EA90224FF0000B0026002701240D
:1028400000920BE00B68083733FA04F504F1010439
:1028500006F102060BF1040B00F0A480A4F10108BC
:10286000012202FA08FC13EA0C02EBD0D1F804E0D2
:102870004EF01003122B18D16FF0030303EA580334
:102880000BF01C0500EB030ADAF820E00F23D1F867
:102890001090AB402EEA030E09F00F03AB4043EA61
:1028A0000E03CAF82030D1F804E003680325B540D0
:1028B0000EF003096FEA050AAB4309FA06F52B434C
:1028C000BEF1120F036065D8012303FA0EF313F073
:1028D000061F5FD08368CD6803EA0A03B5402B4327
:1028E000836043684FEA1E1523EA0C0305FA08F5D6
:1028F0002B434360C3688D6803EA0A03B5402B434A
:10290000C3605FEACE039DD528F0030342F20008BE
:10291000C4F2024808EB030EDEF860C007F01805A9
:102920000F23AB402CEA030C009B03FA05F54CEA9D
:102930000503CEF86030D8F800C0D1F804E04CEAC6
:1029400002055FEACE2358BF2CEA0205C8F8005002
:10295000D8F804C05FEA8E234CEA020558BF2CEA7F
:102960000205C8F80450D8F884C05FEA8E334CEAF8
:10297000020558BF2CEA0205C8F88450D8F880C078
:102980005FEACE334CEA020558BF2CEA0205C8F8CC
:10299000805057E7B9F1030FACD18B68012BA9D157
:1029A000AFE700BF01B0BDE8F08F0000006908404C
:1029B00018BF0120704700001823002A08BF2823F1
:1029C000C150704740F6C450C2F200000068704722
:1029D00090F84120202A03D190F84020012A01D10B
:1029E00002207047242280F841200268136823F0F7
:1029F00001031360136823F48053136013681943B1
:102A00001160116841F001011160202180F841102E
:102A1000002180F8401008467047000090F84120DF
:102A2000202A03D190F84020012A01D102207047CA
:102A3000242280F841200268136823F00103136008
:102A4000136823F4706343EA01211160116841F0B7
:102A500001011160202180F84110002180F8401010
:102A600008467047002804BF0120704710B504468F
:102A700090F8410028B9002084F84000204600F07A
:102A800085FA242084F8410094E80910E26801687E
:102A9000012A21F00101016023F070610161816868
:102AA00021F40041816003D14CF40041816009E0D0
:102AB0004CF40441022A816004D1416841F4006170
:102AC00003E000BF416821F400614160416804F106
:102AD000100341F0007141F400414160C16821F4EC
:102AE0000041C1600ECB114341EA0321E269C1609C
:102AF000216A11430160016841F001010160002079
:102B00002021606484F84110206384F8420010BDE5
:102B10002DE9F04F81B0044690F8410020280DD1F6
:102B2000DDF828A0BAF1000F0CD0DDF82CB0BBF115
:102B3000000F07D094F8400001280BD1022001B00B
:102B4000BDE8F08F4FF400706064012001B0BDE873
:102B5000F08F00BF01201D461746894684F84000CB
:102B6000FFF730FF216806468A69120447D4222005
:102B70000C9A84F8410040204FF0000884F842008D
:102B8000C4F84480C4F824A0A4F82AB0C4F834805F
:102B900093466FF39F29E8B24A6849F6000ACFF6D8
:102BA000004A49EA004002EA0A02104400F50050D7
:102BB000486020465946324604F0B8FFA8B9012DB6
:102BC00008D02068390A816220465946324604F00E
:102BD000ADFF50B92068F9B2816220464021002241
:102BE0005B46009604F0E0FE50B384F8408001207C
:102BF00001B0BDE8F08F00BF88690004B7D520465A
:102C00001921324604F01CFE00289ED1FFF7DAFE9F
:102C1000801B21681A28EFD388690004ECD5606C0A
:102C200040F020006064202084F84100002084F8F7
:102C3000420084F84000012001B0BDE8F08F00BFE1
:102C4000608D5F4640F2000BB0F5807FC0F2FF1B45
:102C50000AD320680BF5105350F8041F01EA0A014B
:102C600041EA0902FF210BE0618D2068CAB250F8E9
:102C7000043F49EA024203EA0A031A430BF592337E
:102C80001A434FF0FF080AF58065026021850FE0C6
:102C9000618D20682185C9B250F8042F49EA0141AD
:102CA0002A4011434FF0007211430160608DA8B3B8
:102CB0002046042100223B46009604F075FE0028C1
:102CC0007FF443AF2068616A406A0870606A218DB2
:102CD0000130013960622185608D0904A0F1010095
:102CE0006085608DE2D10028E0D02046802100225E
:102CF0003B46009604F058FE00287FF426AF608D16
:102D0000B0F5807FC4D32068A4F8288050F8041F51
:102D10005A46294041EA0901C6E700BF2046394624
:102D2000324604F0C3FE00287FF40FAF2068202154
:102D3000C16142684EF60003CFF600631A4042605C
:102D4000002084F8411084F8420084F8400001B06B
:102D5000BDE8F08F2DE9F04F81B0044690F84100B6
:102D600020280DD1DDF828A0BAF1000F0CD0DDF835
:102D70002CB0BBF1000F07D094F8400001280BD114
:102D8000022001B0BDE8F08F4FF4007060640120B4
:102D900001B0BDE8F08F00BF01201D4617468946EF
:102DA00084F84000FFF70EFE216806468A69120487
:102DB00049D421200C9A84F8410040204FF00008AB
:102DC00084F84200C4F84480C4F824A0A4F82AB0CF
:102DD000C4F8348049F6004A93466FF39F29E8B25D
:102DE000CFF6004A4A68AAF5806349EA00401A40D3
:102DF000104440F0807040F400504860204659462E
:102E0000324604F093FEA8B9012D08D02068390A93
:102E1000816220465946324604F088FE50B9206847
:102E2000F9B281622046802100225B46009604F0C0
:102E3000BBFD48B384F84080012001B0BDE8F08FAD
:102E400088690004B5D520461921324604F0F8FC03
:102E500000289CD1FFF7B6FD801B21681A28EFD30C
:102E600088690004ECD5606C40F02000606420208C
:102E700084F84100002084F8420084F840000120DA
:102E800001B0BDE8F08F00BF608D0025B0F5807FF8
:102E9000C0F2FF150AD320682B4650F8041F01EA40
:102EA0000A0141EA0902FF210CE000BF618D2068A0
:102EB000CAB250F8043F49EA024203EA0A031A433D
:102EC0004FF000731A43FF270260218511E000BF15
:102ED000618D20682185C9B250F8042F49EA01416B
:102EE00002EA0A0211434FF0007211430160608D43
:102EF00080B320465946324604F018FE00287FF47D
:102F000046AF606A226810F8011B91626062608DB2
:102F100001386085208D411E2185608D0904E6D130
:102F20000028E4D02046802100225B46009604F071
:102F30003BFD00287FF42BAF608DB0F5807FC7D3B9
:102F40002068278550F8041F2A4601EA0A0141EA51
:102F50000901CAE720465946324604F0A7FD002879
:102F60007FF415AF20682021C16142684EF600034E
:102F7000CFF600631A404260002084F8411084F8C4
:102F8000420084F8400001B0BDE8F08FB0B5BCB09D
:102F9000044602A800250830C8213B95CDE93955E3
:102FA000CDE93755FDF7BEF9206845F20041C4F27E
:102FB0000001884202D03CB0B0BD00BF4FF40050C9
:102FC000029002A80395209501F0A4F9002818BFEB
:102FD000FEF760F840F68C44C4F20244206837A93A
:102FE00040F002002060206800F00200019001988B
:102FF000C0203790122038900020CDE939000420FD
:103000003B9040F20040C4F20220FFF707FC206929
:1030100040F400102061206900F400100190019834
:103020003CB0B0BD40F20041C4F203010A68D207CF
:103030001CBF012070470A6822F004021043086098
:1030400000207047B0B540F20045C4F203050220ED
:10305000E860286820F001002860FFF7B3FC2968C9
:10306000C90701D10020B0BD044607E02868C007A9
:103070001CBF0320B0BD2868C007F3D0FFF7A2FC37
:10308000001B0228F2D2F6E740F20041C4F203012D
:10309000086840F0010200200A60704740F22800F2
:1030A00040F6C451C2F20000C2F2000100780A6882
:1030B000104408607047000080B5032000F028F934
:1030C00002F04AF840F62041C4F2024109684FF686
:1030D000807201F00F01C0F60102515CC84040F25D
:1030E0003401C2F200010860042003F0B7FD0F2094
:1030F00000F008F800281CBF012080BD00F0A6F8F1
:10310000002080BDB0B588B040F69C41C4F20241B9
:103110000A68044642F001020A60096802A801F048
:1031200001010291029901A901F070FF059D002D96
:1031300018BF012501F0A4FFA84045F6C5214009AC
:10314000C0F67C21A0FB01014FF0FF3000EBD11154
:1031500040F6E0204FF080426323C2F200000025D9
:10316000C0E90021C0E90253056103F095FE054660
:10317000B8B940F6E020C2F2000003F00FFF0546A8
:1031800078B90F2C0CD82D2021460022002500F004
:1031900093F840F22C00C2F20000046001E000BF8E
:1031A00001252D2000F078F8284608B0B0BD0000B9
:1031B000BFF35F8F41784EF6A053CEF2000390F834
:1031C00000C043F8081C196821F00101196041682A
:1031D000C27B21F01F0141EAC201427B41EA420168
:1031E000827B114343F8041C8168007B21F01F019E
:1031F00041EA400040EA0C00186070474EF6245047
:10320000BFF35F8FCEF20000016821F480310160CE
:10321000016F21F001010167BFF34F8FBFF36F8F83
:10322000704700004EF6245140F00100CEF200013C
:10323000BFF35F8F0867086840F480300860BFF311
:103240004F8FBFF36F8F70477047000070470000CB
:10325000002848BF704700F01F01012202FA01F167
:103260004EF280224009CEF2000242F82010704750
:10327000002848BF704700F01F01012202FA01F147
:103280004EF280124009CEF2000242F82010BFF345
:103290004F8FBFF36F8F7047002848BF704700F013
:1032A0001F01012202FA01F14EF200124009CEF292
:1032B000000242F82010704710B54EF60C5CCEF2BA
:1032C000000CDCF80030C3F3022E8EF00704042C4F
:1032D00028BF0424BEF103034FF0FF3E38BF002394
:1032E0000EFA04F4A14399400EFA03F39A4300F056
:1032F0000F03043B1143634409010C3300F16042A6
:10330000B0F1FF3FC8BF02F56443197010BD000063
:103310004EF60C51CEF200010A684FF6FF031A4038
:1033200060F30A2242F0806040F0FD700860704750
:1033300006F036FB10B540F6284CC4F2024CDCF81F
:103340000CE0DCF80010DCF80020C2F30523DCF808
:103350000020DCF81040DBB3C2F30012C4F3CC044D
:1033600001F0030104FB02F2032900EE102A6FF3BF
:103370005F2EB8EE400A31D0022935D001295CF821
:10338000281C49F20002C1F3C101C0F2D03222FA76
:1033900001F101EE101A02EE103AB8EE411AB8EE41
:1033A000422A9FED4F3A81EE021A02EE10EA20EE19
:1033B000030AB8EE422A30EE020AB7EE002A30EED7
:1033C000022A5CF8281C22EE010A89012CD527E08C
:1033D0000021C0E90011816010BD00BF01EE103A6C
:1033E0009FED3E2A04E000BF01EE103A9FED3D2A1A
:1033F000B8EE411A82EE012A01EE10EA9FED383A4A
:10340000B8EE411A20EE030A30EE010AB7EE001AB8
:1034100030EE011A5CF8281C22EE010A890103D55E
:10342000DCF80010C90307D4002101605CF8281CF7
:10343000890118D41BE000BFDCF80C10B7EE002A9D
:10344000C1F3462101EE101AB8EE411A31EE021A0C
:1034500080EE011ABCEEC11A11EE101A01605CF880
:10346000281C890103D5DCF80010890302D400214F
:1034700012E000BFDCF80C10B7EE002AC1F30641E1
:1034800001EE101AB8EE411A31EE021A80EE011A5E
:10349000BCEEC11A11EE101A41605CF8281C8901BB
:1034A00044BFDCF800105FEA413103D400218160A1
:1034B00010BD00BFDCF80C10B7EE002AC1F30661A6
:1034C00001EE101AB8EE411A31EE021A80EE010A2E
:1034D000BCEEC00A10EE101A816010BD0024F44A40
:1034E000000000390024744A10B540F62C4CC4F298
:1034F000024CDCF810E0DCF80010DCF80020C2F32D
:103500000523DCF80020DCF81440DBB3C2F3001222
:10351000C4F3CC0401F0030104FB02F2032900EE22
:10352000102A6FF35F2EB8EE400A31D0022935D051
:1035300001295CF82C1C49F20002C1F3C101C0F260
:10354000D03222FA01F101EE101A02EE103AB8EE72
:10355000411AB8EE422A9FED4F3A81EE021A02EE6E
:1035600010EA20EE030AB8EE422A30EE020AB7EE65
:10357000002A30EE022A5CF82C1C22EE010A090116
:103580002CD527E00021C0E90011816010BD00BFEB
:1035900001EE103A9FED3E2A04E000BF01EE103A22
:1035A0009FED3D2AB8EE411A82EE012A01EE10EAA3
:1035B0009FED383AB8EE411A20EE030A30EE010AC8
:1035C000B7EE001A30EE011A5CF82C1C22EE010A4C
:1035D000090103D5DCF80010C90307D400210160FC
:1035E0005CF82C1C090118D41BE000BFDCF810109B
:1035F000B7EE002AC1F3462101EE101AB8EE411AC7
:1036000031EE021A80EE011ABCEEC11A11EE101A48
:1036100001605CF82C1C090103D5DCF8001089035B
:1036200002D4002112E000BFDCF81010B7EE002A2F
:10363000C1F3064101EE101AB8EE411A31EE021A3A
:1036400080EE011ABCEEC11A11EE101A41605CF84E
:103650002C1C090144BFDCF800105FEA413103D49F
:103660000021816010BD00BFDCF81010B7EE002A09
:10367000C1F3066101EE101AB8EE411A31EE021ADA
:1036800080EE010ABCEEC00A10EE101A816010BD77
:103690000024F44A000000390024744A10B540F6B2
:1036A000304CC4F2024CDCF814E0DCF80010DCF81A
:1036B0000020C2F30523DCF80020DCF81840DBB35F
:1036C000C2F30012C4F3CC0401F0030104FB02F2C4
:1036D000032900EE102A6FF35F2EB8EE400A31D0B6
:1036E000022935D001295CF8301C49F20002C1F3EF
:1036F000C101C0F2D03222FA01F101EE101A02EE3D
:10370000103AB8EE411AB8EE422A9FED4F3A81EED8
:10371000021A02EE10EA20EE030AB8EE422A30EE58
:10372000020AB7EE002A30EE022A5CF8301C22EEC4
:10373000010A89002CD527E00021C0E90011816031
:1037400010BD00BF01EE103A9FED3E2A04E000BF1D
:1037500001EE103A9FED3D2AB8EE411A82EE012AA1
:1037600001EE10EA9FED383AB8EE411A20EE030A56
:1037700030EE010AB7EE001A30EE011A5CF8301C88
:1037800022EE010A890003D5DCF80010C90307D432
:10379000002101605CF8301C890018D41BE000BFD8
:1037A000DCF81410B7EE002AC1F3462101EE101A1E
:1037B000B8EE411A31EE021A80EE011ABCEEC11ABF
:1037C00011EE101A01605CF8301C890003D5DCF89A
:1037D0000010890302D4002112E000BFDCF81410AD
:1037E000B7EE002AC1F3064101EE101AB8EE411AF5
:1037F00031EE021A80EE011ABCEEC11A11EE101A57
:1038000041605CF8301C890044BFDCF800105FEABE
:10381000413103D40021816010BD00BFDCF81410D9
:10382000B7EE002AC1F3066101EE101AB8EE411A94
:1038300031EE021A80EE010ABCEEC00A10EE101A38
:10384000816010BD0024F44A000000390024744A4D
:1038500080B584B04FF6FF730246C0F23F030020EC
:103860009B1A70EB0103C0F2618041F6FF739B1A53
:1038700070EB0103C0F29280B2F1010E61F1000C15
:10388000DEF11F034FF0000373EB0C03C0F0DC818B
:10389000DFE81EF02000F601A2041C02A204A2042C
:1038A000A2044802A204A204A204A204A204A20444
:1038B000A2047802A204A204A204A204A204A20404
:1038C000A204A204A204A204A204A204A204A204C8
:1038D000A204A80240F60040C4F20240D0F8D8107A
:1038E00011F0070100F010840268012903D112F0E1
:1038F000006240F033840268022903D112F00052C2
:1039000040F0238303680268032903D113F0020304
:1039100040F0C884042903D112F4007240F0E68418
:10392000D0F8F000052900F081BC00BF6FF04043E3
:103930009B1A70EB010380F27780072940F3A08087
:10394000B1F5007F80F22E8181F00803134300F06F
:10395000798281F01001114340F03E8440F600402E
:10396000C4F20240D0F8E41001F03001102900F058
:10397000EF830268202903D112F0005240F0E58263
:10398000006810F400501CBF46F60040C0F2DC2076
:10399000302918BF002000F01FBC00BF4FF6FF7396
:1039A0009B1A4FF0000C7CEB010380F28D804FF6E8
:1039B000FF73C0F203039B1A7CEB0103C0F20E817C
:1039C00082F480330B4300F05F8282F400321143B3
:1039D00040F0028440F60040C4F20240D0F8DC100F
:1039E000C1F30221052900F2F983DFE811F0450156
:1039F00087037B03C903D103070000BFD0F8E81099
:103A00000368026811F0404103D113F0020340F053
:103A10004984B1F1804F40F06F8412F4007240F09D
:103A2000658400F069BC00BF6FF078439B1A4FF0CB
:103A300000038B417CDB82F480030B4300F0408267
:103A400082F000730B4300F0458282F080621143E4
:103A500040F0C28340F60040C4F20240D0F8E810C3
:103A6000026811F0300140F0538312F4005200F06C
:103A70004F8346F60040C0F2DC2004B080BD00BF9A
:103A800082F080430B4300F0458281F00203134330
:103A900000F0628281F00401114340F09D8340F602
:103AA0000041C4F20241D1F8E800096810F4407006
:103AB00040F0488311F4003100F0448341F20020CB
:103AC000C0F27A0004B080BD82F400530B4300F0D2
:103AD000558282F480430B4300F0768282F40042E8
:103AE000114340F0798340F60040C4F20240D0F820
:103AF000E41001F44011B1F5801F00F0F3820029B9
:103B000000F0BA8002680068B1F5001F03D112F01E
:103B1000020240F09D8310F400701CBF40F60010BC
:103B2000C0F23D00B1F5401F18BF002004B080BDB9
:103B300082F000630B4300F06D8282F080530B43F0
:103B400000F0908282F00052114340F0458340F62D
:103B50000041C4F20241D1F8E000C0F38212042A0D
:103B600000F23C8348F20000C0F2BB00DFE812F034
:103B7000F002C6028E023403060000BFD1F8E8004E
:103B80000B6810F04042086803D113F0020340F0C4
:103B90005F83B2F1804F40F0958310F4007040F0E5
:103BA000A5838FE381F40073134300F0758281F4E1
:103BB0008051114340F0108340F60041C4F20241AD
:103BC000D1F8E40000F04060B0F1806F00F08A822C
:103BD000002851D00A68B0F1006F67E182F48023B9
:103BE0000B4300F06B8282F40012114340F0F48228
:103BF00040F60040C4F20240D0F8E81001F007019E
:103C0000022900F07582012900F0CC82002900F021
:103C1000B1810268032903D112F400327FF44EAF60
:103C200002680068042903D112F0020240F01083F8
:103C300010F400701CBF40F60010C0F23D000529D2
:103C400018BF002004B080BD82F48052114340F0C0
:103C5000C38240F60040C4F20240D0F8E01001F008
:103C6000E061B1F1007F00F07081B1F1807F00F080
:103C70007582002940F0C88201F04AFA04B080BD84
:103C800040F60040C4F20240D0F8D81011F03801DC
:103C900000F024820268082903D112F0006240F08B
:103CA0005D82102900F0518103680268182903D150
:103CB00013F0020340F0F682202903D112F40072BF
:103CC00040F01483D0F8F0002829AFE240F600401D
:103CD000C4F20240D0F8D81011F4E07100F0FE8177
:103CE0000268402903D112F0006240F03782026876
:103CF000802903D112F0005240F027810368026846
:103D0000C02903D113F0020340F0CC82B1F5807FCB
:103D100003D112F4007240F0E982D0F8F000B1F55E
:103D2000A07F83E240F60040C4F20240D0F8D810F1
:103D300011F4606100F0D2810268B1F5007F03D117
:103D400012F0006240F00A820268B1F5806F03D180
:103D500012F0005240F0F98003680268B1F5C06FBC
:103D600003D113F0020340F09D82B1F5006F03D13F
:103D700012F4007240F0BA82D0F8F000B1F5206F72
:103D800054E200BF40F60040C4F20240D0F8D81020
:103D900011F4E04100F0A2810268B1F5805F03D127
:103DA00012F0006240F0DA810268B1F5005F03D1E1
:103DB00012F0005240F0C98003680268B1F5405F1C
:103DC00003D113F0020340F06D82B1F5804F03D1AF
:103DD00012F4007240F08A82D0F8F000B1F5A04FE2
:103DE00024E200BF40F60040C4F20240D0F8D810F0
:103DF00011F4603100F072810268B1F5004F03D117
:103E000012F0006240F0AA810268B1F5803F03D150
:103E100012F0005240F0998003680268B1F5C03F8B
:103E200003D113F0020340F03D82B1F5003F03D10E
:103E300012F4007240F05A82D0F8F000B1F5203F41
:103E4000F4E100BF40F60040C4F20240D0F8E810B0
:103E5000D0F8F02011F0C00103D112F0020240F0BE
:103E60002981D0F8F020402902D112F000624CD113
:103E7000006810F4007018BF48F21200802918BFC3
:103E8000002004B080BD00BF40F60041C4F20241F2
:103E9000D1F8E40000F04070B0F1807F00F02281A2
:103EA000002800F01B810A68B0F1007F4FF000008D
:103EB00040F0928112F0020200F08E810868C7E1A2
:103EC00040F60040C4F20240D0F8E400400640F161
:103ED0003F810DE140F60041C4F20241D1F8F0000B
:103EE000D1F8F02000F44070B0F5807F03D112F0DB
:103EF000020240F0DF80D1F8F020B0F5007F40F002
:103F0000558112F0006200F051814FF4FA4004B084
:103F100080BD00BF40F60040C4F20240D0F8E0107F
:103F200011F4606100F0F0800268B1F5007F03D108
:103F300012F0006240F012810268B1F5806F40F02B
:103F40008B8112F0005200F0878101A8FFF7A6FBD9
:103F5000029804B080BD00BF40F60040C4F20240A9
:103F6000D0F8E41001F00301DFE811F00400F200E2
:103F7000C2003C0101F06CF804B080BD40F6004086
:103F8000C4F20240D0F8E41001F44031B1F5803FB2
:103F900000F0A880002900F0A18002680068B1F557
:103FA000003F03D112F0020240F0528110F4007081
:103FB0001CBF40F60010C0F23D00B1F5403F18BFF5
:103FC000002004B080BD00BF40F60040C4F20240B3
:103FD000D0F8E41001F44021B1F5802F00F0828088
:103FE000002900F07B8002680068B1F5002F03D142
:103FF00012F0020240F02C8110F400701CBF40F659
:104000000010C0F23D00B1F5402F18BF002004B0F1
:1040100080BD00BF40F60041C4F20241D1F8E0008B
:1040200000F00702042A00F2D98048F20000C0F232
:10403000BB00DFE802F08D632BD10300D1F8E8006C
:104040000B6810F04042086803D113F0020340F0FF
:10405000FF80B2F1804F40F0358110F4007040F0E5
:1040600045812FE140F60041C4F20241D1F8E00061
:10407000C0F3C202042A00F2B18048F20000C0F28C
:10408000BB00DFE802F0653B03A9DB0001A8FFF7F6
:1040900005FB019804B080BD40F60040C4F2024028
:1040A000D0F8E810D0F8F02011F008015CD112F03F
:1040B000020259D04FF4004004B080BD40F60040E9
:1040C000C4F20240D0F8DC10C1F30231052900F23D
:1040D0008580DFE801F0031307555DDD00F0D0FFB8
:1040E00004B080BD01A8FFF7D9FA039804B080BDE1
:1040F00001A8FFF7F9F9039804B080BD01A8FFF704
:10410000F3F9019804B080BD00F0DEFF04B080BD7B
:104110000268102902D112F0007219D1D0F8F020F3
:10412000202902D112F00202C4D1D0F8F00010F020
:10413000006018BF4FF4FA40302918BF002004B0C7
:1041400080BD00BFB0F5007F08D0B0F5807F45D1BD
:1041500001A8FFF7EFF8029804B080BD01A8FFF7AF
:10416000C3F9029804B080BDD0F8F00010F00060F0
:1041700018BF4FF4FA40002908BF084604B080BDBC
:10418000D0F8F0004FF4004101EA803004B080BD67
:10419000D0F8F0004FF4FA41000101EAE07004B0F9
:1041A00080BD00BF00F0D8FF04B080BD0A68B0F544
:1041B000407F4FF000000FD112F400320CD0C869DC
:1041C00010F4785F0AD0C86941F20021C0F30520DD
:1041D000C0F27A01B1FBF0F004B080BD002004B061
:1041E00080BD00BFD0F8E8100368026811F04041BC
:1041F00002D113F0020355D1B1F1804F40F07C8021
:1042000012F4007272D177E003680268B1F1407F66
:1042100002D113F0020345D1B1F1806F02D112F443
:10422000007263D1D0F8F000B1F1A06F00F002028B
:104230004FF0000008BF900304B080BDD1F8E80043
:104240000B6810F04042086836D113F0020333D0F7
:10425000C0F3C10028E000BF03680268B1F5C06F79
:1042600002D113F002031DD1B1F5006F02D112F497
:1042700000723BD1006810F400301CBF41F20020F6
:10428000C0F27A00B1F5206F18BF002004B080BDE5
:10429000D0F8E8100368026811F0404120D113F013
:1042A00002031DD0C2F3C10049F20001C0F2D031B7
:1042B00021FA00F004B080BDB2F1804F02D110F4B9
:1042C000007013D1086810F400301CBF41F20020C8
:1042D000C0F27A00B2F1004F18BF002004B080BDD8
:1042E000B1F1804F08D112F4007205D040F60010F1
:1042F000C0F23D0004B080BD006810F400301CBF67
:1043000041F20020C0F27A00B1F1004F18BF002046
:1043100004B080BD2DE9F0470446006840F6284807
:10432000C101C4F2024807D5D8F8C010A26D21F02F
:1043300040411143C8F8C010C0070ED0E06D0528F9
:1043400022D8DFE800F003232B030303D8F8B010D2
:1043500021F007010843C8F8B00000262078800744
:1043600002D4354645E000BF206E4FEAF000052834
:104370001ED83546DFE800F004222804040400BFFC
:104380002F4645BB2CE000BF0126E7E704F10800FB
:1043900004F0D6FA06460028E0D106E004F1300029
:1043A00004F046FB06460028D8D1E06DCEE700BFFA
:1043B00001250127207840071FD44EE004F10800B2
:1043C00004F0BEFA04E000BF04F1300004F030FB5A
:1043D00005462F4625B1207840070ED43DE000BFAA
:1043E000D8F8B000216E20F0380008430025C8F846
:1043F000B0003746207840072FD5606E4FEAB010E6
:10440000052809D8DFE800F0040E1404040400BFF6
:104410002E46A5B918E000BF012501262078000727
:104420001FD44EE004F1080004F08AFA04E000BF53
:1044300004F1300004F0FCFA05462E4625B1207840
:1044400000070ED43DE000BFD8F8B000616E20F444
:10445000E07008430025C8F8B0003E462078000709
:104460002FD5A06E4FEA7020052809D8DFE800F0AC
:10447000040E1404040400BF2F46A5B918E000BFC1
:10448000012501272078C0061FD44EE004F1080062
:1044900004F056FA04E000BF04F1300004F0C8FA5A
:1044A00005462F4625B12078C0060ED43DE000BF5A
:1044B000D8F8B000A16E20F4606008430025C8F869
:1044C000B00037462078C0062FD5E06E4FEA303076
:1044D000052809D8DFE800F0040E1404040400BF26
:1044E0002E46A5B918E000BF0125012620788006D8
:1044F0001FD44EE004F1080004F022FA04E000BFEB
:1045000004F1300004F094FA05462E4625B12078D7
:1045100080060ED43DE000BFD8F8B000E16E20F474
:10452000E04008430025C8F8B0003E4620788006E9
:104530002FD5206F4FEAF030052809D8DFE800F0CA
:10454000040E1404040400BF2F46A5B918E000BFF0
:10455000012501276078C0061FD44EE004F1080051
:1045600004F0EEF904E000BF04F1300004F060FA5A
:1045700005462F4625B16078C0060ED43DE000BF49
:10458000D8F8B000216F20F4603008430025C8F847
:10459000B00037466078C0062FD5606F4FEA3060B4
:1045A000052809D8DFE800F0040E1404040400BF55
:1045B0002E46A5B918E000BF0125012660788006C7
:1045C0001FD43AE004F1080004F0BAF904E000BF97
:1045D00004F1300004F02CFA05462E4625B160782F
:1045E00080060ED429E000BFD8F8B800616F20F033
:1045F000E06008430025C8F8B8003E4660788006B1
:104600001BD5A06F6FF0010101EB3041022909D3E6
:104610004FEA304030B1012830D104F1300004F0CD
:1046200007FA05462F464DB9D8F8BC00A16F20F413
:10463000403008430025C8F8BC0037466078400683
:1046400021D5E06F6FF0010101EBB041022909D3E0
:104650004FEAB04030B1012838D104F1300004F005
:10466000E7F905462E467DB9D8F8BC00E16F20F485
:10467000402008430025C8F8BC0004E001250127BC
:1046800060784006DDD43E466078000623D5D4F835
:1046900080006FF0010101EB3051022909D34FEA8C
:1046A000305030B101283BD104F1300004F0C0F9A2
:1046B00005462F4685B9D8F8BC00D4F8801020F400
:1046C000401008430025C8F8BC0004E0012501267D
:1046D00060780006DBD43746A078C00725D0D4F830
:1046E0008400002818BFB0F1007F0DD12E46EDB92F
:1046F000D8F8BC00D4F8841020F04070084300259E
:10470000C8F8BC0011E000BFB0F1807F32D104F1E5
:10471000300004F08DF905462E463DB9E8E700BFAC
:1047200001250127A078C007D9D13E466079C0068F
:1047300025D5D4F88800002818BFB0F1006F0DD13E
:10474000A946EDB9D8F8BC00D4F8881020F0406034
:1047500008430025C8F8BC0011E000BFB0F1806F2D
:1047600034D104F1300004F063F90546A9463DB99F
:10477000E8E700BF012501266079C006D9D4B1461B
:10478000D4E9000140F61C4AC4F2024A09050CD5DE
:10479000DAF8001021F40041CAF80010D4F8C8106B
:1047A000DAF800201143CAF80010800334D5D4F899
:1047B0008C004FEA302005280CD8DFE800F0031108
:1047C000170303032F46C5B91CE000BF01254FF0B6
:1047D0000109D5E701270125A078400720D451E041
:1047E00004F1080004F0ACF804E000BF04F130006C
:1047F00004F01EF905462F4625B1A07840070FD4D6
:1048000040E000BFD8F8B400D4F88C1020F4E06089
:1048100008430025C8F8B4004F46A078400731D5BA
:10482000D4F890004FEA3030052809D8DFE800F0CE
:10483000040E1404040400BF2E46A5B918E000BFFE
:1048400001260125A078800620D447E004F1080065
:1048500004F076F804E000BF04F1300004F0E8F85A
:1048600005462E4625B1A07880060FD436E000BF5D
:10487000D8F8B400D4F8901020F4E04008430025A4
:10488000C8F8B4003E46A078800627D5D4F8A0002A
:10489000052809D802280FD02846ADB1D4E9001266
:1048A000920520D42FE000BF01200125D4E9001299
:1048B000920518D427E000BF04F1080004F040F886
:1048C0000546002D2846E9D1D8F8C000D4F8A0103C
:1048D00020F0070008430025C8F8C0003046D4E99E
:1048E000001292050FD5D4F8A42042F00803082B3B
:1048F0000ED1A94645B9D8F8C030002523F00803E9
:104900001A43C8F8C0208146880106D4484620E0F2
:104910004FF0010901258801F8D54FF60847CFF679
:10492000FF775AF8070040F001004AF80700FEF749
:1049300049F806465AF80700C00707D1FEF742F8C3
:10494000801B0228F6D90320032502E0002D28460B
:1049500064D021684A011CD5D4F898206FF0010377
:1049600003EB3213022B0AD34FEA32133BB1012B74
:1049700038D1D8F8003043F40033C8F800302E4660
:1049800045B9D8F8C030002523F030031A43C8F8E1
:10499000C0200646480229D5D4F89C00402809D0FA
:1049A000D0B9D8F8000040F40030C8F800002F4615
:1049B000A5B906E004F1080003F0C2FF05462F4642
:1049C00065B9D8F8BC00D4F89C1020F0400008432A
:1049D0000025C8F8BC0009E001270125E0780007A0
:1049E00009D47FE0012601254802D5D43746E07876
:1049F000000740F17780D4F8AC00042850D8DFE8F5
:104A000000F003555B090900D8F8000040F40030BD
:104A1000C8F80000002D2E4655D159E0D8F8C8003E
:104A200010F4407018D0D4F8BC10884211D0D8F8D7
:104A3000C800D8F8C81020F4407041F48031C8F89C
:104A4000C810D8F8C81021F48031C8F8C810C8F8C8
:104A5000C800C00740F08E81D4F8BC00DAF800101E
:104A60004FF6CF7300F4407221F47C51C0F2FF0383
:104A700003EA1013B2F5407F08BF1943CAF80010CB
:104A8000D8F8C8106FF31F3021F44071C8F8C8106F
:104A9000D8F8C81000250843C8F8C80036E700BF9A
:104AA00001260125E078C00620D457E004F1080073
:104AB00003F046FF04E000BF04F1300003F0B8FF4C
:104AC00005462E4625B1E078C0060FD446E000BF6B
:104AD000D8F8B800D4F8AC1020F00700084300253F
:104AE000C8F8B8003E46E078C00637D5D4F8B00024
:104AF0004FEAF00004280FD8DFE800F004141A0A87
:104B00000A0000BFD8F8000040F40030C8F80000E8
:104B10002F46A5B918E000BF01270125E0788006DF
:104B200020D457E004F1080003F00AFF04E000BFBE
:104B300004F1300003F07CFF05462F4625B1E078F4
:104B400080060FD446E000BFD8F8B800D4F8B01003
:104B500020F0380008430025C8F8B8003746E07850
:104B6000800637D5D4F8B4004FEAB01004280FD827
:104B7000DFE800F004141A0A0A0000BFD8F80000A9
:104B800040F40030C8F800002E46A5B918E000BF78
:104B900001260125E078400620D451E004F1080008
:104BA00003F0CEFE04E000BF04F1300003F040FF4C
:104BB00005462E4625B1E07840060FD440E000BF00
:104BC000D8F8B800D4F8B41020F4E07008430025F9
:104BD000C8F8B8003E46E078400631D5D4F8B800B1
:104BE0004FEA7020052809D8DFE800F0040E14040D
:104BF000040400BF2F46A5B918E000BF0127012516
:104C00002079800720D43BE004F1080003F098FEEF
:104C100004E000BF04F1300003F00AFF05462F4610
:104C200025B1207980070FD42AE000BFD8F8B8005A
:104C3000D4F8B81020F4606008430025C8F8B80024
:104C40003746207980071BD5D4F8A800032800F246
:104C50008380DFE800F00903850900BFD8F8000071
:104C600040F40030C8F800002E4655B9D8F8BC0012
:104C7000D4F8A81020F0030008430025C8F8BC00B1
:104C80003E462079400722D5D4F8940058B1B0F5BB
:104C9000007F0BD0B0F5807F32D1D8F8000040F40F
:104CA0000030C8F800002F4695B906E004F108006E
:104CB00003F046FE05462F4655B9D8F8C000D4F893
:104CC000941020F4407008430025C8F8C00037460F
:104CD0002079C0062AD5D4F8C400302809D020286D
:104CE00014D0102832D1D8F8000040F40030C8F8B1
:104CF000000095B1207900071CD42846BDE8F08754
:104D0000012701252079C006E5D40FE004F1300029
:104D100003F08EFE0546002DECD1D8F8BC00D4F887
:104D2000C41020F030000843C8F8BC003D4620798C
:104D30000007E2D5D8F8C000D4F8C01020F0C000B9
:104D40000843C8F8C0002846BDE8F087012520794F
:104D50000007D2D5EEE700BF0126012591E700BF8D
:104D600004F1080003F0ECFD0546002D2E467FF40B
:104D700088AF7BE7FDF726FE064641F2883703251C
:104D8000D8F8C80080073FF567AEFDF71BFE801B13
:104D9000B8424FF00300F3D9DBE500002DE9F04302
:104DA00081B0002800F0CD8042F20008C4F2020871
:104DB0000446D8F800000D4600F00F0088420DD2DE
:104DC000D8F8000020F00F002843C8F80000D8F8F9
:104DD000000000F00F00A84240F0B380206840F6C9
:104DE0002047C106C4F202470CD561693A687023B6
:104DF00003EA1222914205D93A6822F4E04242EADB
:104E00000121396001070CD521693A68702303EA52
:104E10001212914205D93A6822F4E06242EA011185
:104E2000396041070AD5E1683A6802F070029142A0
:104E300004D93A6822F070021143396081070AD51B
:104E4000A1683A6802F00F02914204D93A6822F050
:104E50000F0211433960C00768D1206881070AD565
:104E6000A1683A6802F00F02914204D23A6822F037
:104E70000F0211433960D8F8001001F00F01A94268
:104E80000CD9D8F8001021F00F012943C8F8001000
:104E9000D8F8001001F00F01A94252D141070AD5FC
:104EA000E1683A6802F07002914204D23A6822F056
:104EB00070021143396001070CD521693A687023EB
:104EC00003EA1212914205D23A6822F4E06242EA01
:104ED00001113960C0060CD560693968702202EA98
:104EE0001121884205D2396821F4E04141EA0020CD
:104EF000386000F031F939684FF6807201F00F0127
:104F0000C0F60102525C40F22C01C2F200010968B5
:104F100040F2340320FA02F2C2F2000308461A609B
:104F200001B0BDE8F043FEF7EDB800BF60680128AE
:104F30000CD002285ED0032862D157F8201C8901CA
:104F400008D4012001B0BDE8F08300BF57F8201C51
:104F50008905F6D557F8041C21F00301084347F8EA
:104F6000040CFDF72FFD61680646032941F28839DC
:104F70002BD0022937D0012910D100BF57F8040CDB
:104F800000F0180008283FF468AFFDF71BFD801BF8
:104F900048454FF00300F1D90DE000BF57F8040C6D
:104FA00010F0180F3FF459AFFDF70CFD801B48457A
:104FB0004FF00300F2D901B0BDE8F083FDF702FD28
:104FC000801B48454FF00300F5D857F8040C00F05B
:104FD00018001828F2D140E7FDF7F4FC801B484583
:104FE0004FF00300E7D857F8040C00F01800102821
:104FF000F2D132E757F8201C8903A2D5AAE700BFF7
:1050000057F8201C89079CD5A4E700001F220260E6
:1050100040F61C42C4F2024213684FF0700C03F0D9
:1050200003034360526802F00F03836002F07003D1
:10503000C3600CEA12130CEA1222C0E9043242F2F5
:105040000000C4F20200006800F00F000860704722
:1050500080B500F081F840F62041C4F202410968B1
:105060004FF6807201F00F01C0F60102515C01F0B1
:105070001F01C84040F23401C2F20001086080BD47
:1050800080B500F069F840F62041C4F202410A6898
:105090004FF6807302F00F02C0F601039A5C02F033
:1050A0001F02D04040F23402C2F2000210600968D0
:1050B0004FF69072C1F30211C0F60102515C01F08B
:1050C0001F01C84080BD000080B500F045F840F6E3
:1050D0002041C4F202410A684FF6807302F00F02C9
:1050E000C0F601039A5C02F01F02D04040F2340285
:1050F000C2F20002106009684FF69072C1F30221FB
:10510000C0F60102515C01F01F01C84080BD0000E3
:1051100080B500F021F840F62041C4F202410A684F
:105120004FF6807302F00F02C0F601039A5C02F0A2
:105130001F02D04040F23402C2F20002106009683F
:105140004FF69072C1F30231C0F60102515C01F0DA
:105150001F01C84080BD000080B540F60041C4F288
:105160000241C86900F01800082802BF40F600108C
:10517000C0F23D0080BDC86910F0180F34D0C86976
:1051800000F01800102802BF41F20020C0F27A009F
:1051900080BDC86900F01800182849F20000C0F26C
:1051A000D03066D1D1F828E08A6AC2F3052C8A6A29
:1051B0008B6BBCF1000F04BF002080BDC2F3001256
:1051C000C3F3CC0303FB02F200EE102A0EF003023D
:1051D000B8EE400A032A15D0012A17D10A689206B0
:1051E00018D49FED251A1DE00868800649F20000DA
:1051F000C0F2D03058BF80BD0968C1F3C101C840BA
:1052000080BD00BF9FED1B1A0CE000BF9FED1B1A75
:1052100008E000BF0A68C2F3C102D04001EE100AE4
:10522000B8EE411A02EE10CA486BB8EE422A6FF38C
:105230005F2081EE021A02EE100A9FED113AB8EEDD
:10524000422A20EE030A486B30EE020AB7EE002A2B
:10525000C0F3462030EE020A013021EE000A01EED2
:10526000100AB8EE411A80EE010ABCEEC00A10EE38
:10527000100A80BD0024F44A0024744C0024744AAF
:10528000000000392DE9F04381B0002800F03281A0
:1052900040F6004740F6F0490446C4F20247C4F223
:1052A0000249F86959F8C81C227800F01808D0069D
:1052B00001F0030629D5B8F1080F1BD0B8F1180F7B
:1052C00008BF022E16D0E1693868002900F08281FB
:1052D00040F480703860FDF775FB0546386880053E
:1052E0000CD4FDF76FFB401B02284FF00300F5D9EB
:1052F0007AE200BFE069002800F0FC80B869216A0A
:1053000020F47C1040EA0140B8612078C00717D033
:10531000B8F1100F10D0B8F1180F08BF032E0BD042
:105320006068B0F5A02F61DA002800F0BD81B0F50B
:10533000803F00F0DD81DFE16068002800F0DA8066
:105340002078800777D5B8F1000F21D0E068B8F158
:10535000180F08BF012E57D03968002800F080814F
:10536000206921F0180108433860386840F00100D6
:105370003860FDF727FB05463868800754D4FDF7F1
:1053800021FB401B02284FF00300F5D92CE200BF9F
:10539000E068002800F0AE803968206901F018014B
:1053A000814233D0396821F0180108433860FFF793
:1053B000D3FE396A4FF6807201F00F01C0F6010288
:1053C000515C40F2340201F01F0120FA01F140F279
:1053D0002C00C2F200000068C2F200021160FDF76A
:1053E00091FE002840F0868010E000BF00F0788138
:1053F000B0F5A81F40F08081386840F48020386004
:10540000386840F4801072E1002873D0FDF7DAFAB2
:10541000054600BF3868800706D4FDF7D3FA401B65
:105420000228F7D97FE000BF3869616920F4FE00E7
:1054300040EA01403861207800075FD420784007B7
:1054400076D42078800600F19780A56A002D00F0C0
:105450003A82B8F1180F40F0E18059F8C81C59F8A9
:10546000BC0C012D46D0E26A01F00303934241D106
:10547000C1F30521226B91423CD1626B01466FF36F
:105480005F21013A914235D1A16BC0F34622013927
:105490008A422FD1E16BC0F3064201398A4229D1F9
:1054A000216CC0F306600139884223D159F8B80C49
:1054B000E16CC0F3CC00884200F0058259F8C80CBA
:1054C00020F0100049F8C80CFDF77CFA0546FDF7FE
:1054D00079FAA842FBD0E06CC00049F8B80C59F842
:1054E000C80C40F0100049F8C80C002001B0BDE81D
:1054F000F08300BF012001B0BDE8F083A169D9F8B5
:105500000000002950D040F08060C9F80000FDF78D
:1055100059FA0546D9F8000000018FD4FDF752FA78
:10552000401B0228F6D9032001B0BDE8F08300BF7C
:105530004FF62446CFF6FF76B859C00712D1B859B6
:1055400040F00100B851FDF73DFA0546B859C007D3
:1055500008D1FDF737FA401B02284FF00300F5D9B8
:1055600042E100BFA068042846DC002800F0E0808B
:10557000012800F00F8113E1616A3868002900F00A
:10558000818040F480503860FDF71CFA054600BF6A
:10559000386880043FF559AFFDF714FA401B022824
:1055A0004FF00300F4D91FE120F08060C9F800003B
:1055B000FDF708FA054600BFD9F8000000017FF5A5
:1055C0003DAFFDF7FFF9401B02284FF00300F3D970
:1055D0000AE100BF20F480703860FDF7F3F905465A
:1055E000386880057FF591AEFDF7ECF9401B022885
:1055F0004FF00300F4D9F7E0052800F0BF808528BC
:1056000040F0CE80D9F8000040F00400C9F8000056
:10561000D9F8000040F08000BAE000BF386820F000
:1056200080703860FDF7CEF9022D05460CD100BF21
:105630003868800140F1DC80FDF7C4F9401B022886
:105640004FF00300F4D9CFE03868800140F1328197
:10565000FDF7B8F9401B02284FF00300F4D9C3E06E
:1056600021F001003860FDF7ADF905463868800784
:105670007FF5E1AEFDF7A6F9401B02284FF00300CD
:10568000F4D9B1E020F480503860FDF79BF905466D
:10569000386880047FF5D9AEFDF794F9401B0228E5
:1056A0004FF00300F4D99FE0386820F48030386070
:1056B000386820F480103860386820F48020386022
:1056C000FDF780F9054600BF386880037FF538AEE6
:1056D000FDF778F9401B64284FF00300F4D983E00C
:1056E000386840F480203860386820F480103860D2
:1056F000386840F480300AE0386820F48030386040
:10570000386820F480203860386820F480103860D1
:10571000FDF758F9054600BF386880033FF510AE25
:10572000FDF750F9401B64284FF00300F4D95BE00B
:10573000D9F8000020F00100C9F80000D9F80000F5
:1057400020F08000C9F80000D9F8000020F0040023
:10575000C9F80000FDF736F9054641F2883600BF6A
:10576000D9F8000080077FF56CAEFDF72BF9401BE0
:10577000B0424FF00300F3D936E000BFD9F8000083
:1057800040F00400C9F80000D9F8000020F08000C3
:10579000C9F80000D9F8000040F0010010E000BF97
:1057A000D9F8000020F00100C9F80000D9F8000085
:1057B00020F00400C9F80000D9F8000020F08000B3
:1057C000C9F80000FDF7FEF8054641F2883600BF33
:1057D000D9F8000080073FF534AEFDF7F3F8401B21
:1057E000B0424FF00300F3D901B0BDE8F08300BF31
:1057F00059F8C80C43F6037104F12C0388430ECB0F
:10580000084340EA0220A16B49F8C80C4FF47E42DD
:1058100002EB4121E26B581E4FF4FE0389B203EB09
:1058200002426FF35F20084402F4FE01226C4FF045
:10583000FE4303EB0262084402F0FE41084449F8CB
:10584000BC0C59F8C80C20F0100049F8C80CE06CEA
:10585000C00049F8B80C59F8C80C40F0100049F8DD
:10586000C80C59F8C80C616C20F00C00084349F8CA
:10587000C80C59F8C80CA16C20F02000084349F866
:10588000C80C59F8C80C40F4803049F8C80C386886
:1058900040F080703860FDF795F804463868800164
:1058A00011D4FDF78FF8001B02284FF00300F5D943
:1058B0009AE700BF59F8C80C4FF6FC71CFF6F871A3
:1058C000084049F8C80C002001B0BDE8F083000092
:1058D0007047000090F88900704700002DE9F04300
:1058E00081B00668044630697169D6F8089094F86A
:1058F000898002070CD511F4006209D0B06940F428
:1059000000612046B16101B0BDE8F04300F09ABEED
:1059100001EA000505F06407042F05D1E16F204678
:105920008847A16F2046884705F04500012807D128
:10593000A16F2046884705F02600022804D00BE01E
:1059400005F02600022805D1E16F204601B0BDE830
:10595000F0430847042F03D101B0BDE8F08300BF36
:10596000280715D415F4587FF6D015F0400065D1FE
:10597000A80570D4E80505F020007CD4002840F08C
:105980008880D4F88C00002840F09380E4E700BFC2
:105990002068816941F008018161816941F010014D
:1059A0008161816941F400618161016921F008012F
:1059B0000161806810F4404F15D0204603F0BCF818
:1059C000012084F88900D4F88C0028B32046ADE08B
:1059D0002068E16E006B41F8040BE166B4F87200D8
:1059E0000138A4F87200B4F872000028E5D0E0682D
:1059F0001028EDD2082805D3308EE16E21F8020B75
:105A0000EBE700BF206890F83000E16E0870E06EB0
:105A10000130E066E2E700BFB8F1030F00F08C80D0
:105A2000B8F1040F00F08E80B8F1050F94D1204634
:105A300001B0BDE8F04301F00FB900BF2068D4F811
:105A40008C1041F00401C4F88C10816941F04001D0
:105A50008161A8058ED52068D4F88C1041F0010131
:105A6000C4F88C10816941F400718161E80505F08A
:105A700020007FF583AF2168D4F88C2042F0080223
:105A8000C4F88C208A6942F480728A6100283FF44D
:105A900078AF2068D4F88C1041F08001C4F88C10E5
:105AA000816941F020018161D4F88C0000283FF425
:105AB00053AF206840F26B32016821F001010160B0
:105AC0000169914309F44042B2F5404F016129D187
:105AD000816848F6054521F440418160D4F884008E
:105AE000C0F6010548B1C566FBF710FC28B1D4F833
:105AF0008C0040F04000C4F88C00D4F880000028EE
:105B00003FF42AAFC566FBF701FC00283FF424AF41
:105B1000D4F88C0040F04000C4F88C0001B0BDE81F
:105B2000F08300BF0121204684F8891001B0BDE850
:105B3000F043FFF7CDBE00BF204601B0BDE8F04303
:105B400001F086B8204601B0BDE8F04300F076BD14
:105B5000F0B581B0002800F07F800446006844F66C
:105B6000004240F08053C5F2010200219342A1623D
:105B700004D1E1680F296FD801E000BFE168E36B51
:105B8000012505EB53130831C90803FB01F143F26A
:105B9000FF73C5F20003984212DC42F6FF72C4F2B2
:105BA0000102904220DC43F60002C4F2000290425F
:105BB00050D043F60042C4F2000290424AD029E09D
:105BC00042F6FF73C5F20103984219DC43F6000266
:105BD000C5F2000290423DD043F60042C5F20002F9
:105BE000904237D016E000BF43F20002C4F2010237
:105BF00090422FD044F60042C4F2010206E000BFFA
:105C000043F20003C5F20103984223D0904201D130
:105C1000082921D894F8891031B9002084F8880027
:105C2000204600F075F82068022184F88910016888
:105C300021F0010101608368A7696268B7F1806F94
:105C400003F4F81C14D15AB1B2F5800F10D1A36B34
:105C5000A3B909E01029DDD9012001B0F0BD00BFD2
:105C6000A36BB3F1805F05D1036843F480530360F5
:105C7000530203D4E3684FF0010E0DE0E368072BF5
:105C800008D3D0F800E0266D2EF4807535434FF030
:105C9000000E04E04FF0000E056825F480750560E5
:105CA000E569A66A45EA0C05E16B2E4331431943C9
:105CB000A568266963698160616B3A43676A11432D
:105CC000A26B394311433143226A1943E36C1143F8
:105CD0001943A26C2943A36D1143E26D1943236E4E
:105CE00011431943C160016DBEF1000F21F00101A4
:105CF000016505D1C168626D21F000411143C160A9
:105D000000200121C4F88C0084F8891001B0F0BD96
:105D1000F0B587B00446006843F60001C4F2000104
:105D2000002688420696CDE904660396029600F0A6
:105D3000978043F20001C4F20101884240F01781CC
:105D400040F68C40C4F202408169002641F4805143
:105D50008161816940F2501701F4805101910199EC
:105D60000168C4F2020741F001010160006802A964
:105D700000F0010001900198E020029002200390C1
:105D8000052006900020C4F20220CDE90466FCF74D
:105D900045FD40F26C7507F18000C2F20005072155
:105DA0004FF4806285E8430005F10C0008234CC0E5
:105DB0000120C5E90860C5E90A062846C5E9066666
:105DC000C5E90C66FBF7BEFB002818BFFBF762F9BC
:105DD00028461021C4F88050EC65FBF7AFFA002884
:105DE00018BFFBF757F940F2F4660620C2F200062E
:105DF0000021C6E9007001204FF40022C6E9081016
:105E0000C6E90A013046C6E90211C6E90412C6E92C
:105E10000611C6E90C11FBF795FB002818BFFBF72C
:105E200039F930461021C4F88460F465FBF786FA2E
:105E3000002818BFFBF72EF9372000210022FDF7BC
:105E40003BFA3720FDF728FA2868416941F4807150
:105E500041613068416941F48071416107B0F0BD32
:105E600040F68C40C4F20240016940F2501741F400
:105E7000804101610169C4F2020701F4804101918E
:105E80000199016841F002010160006802A900F077
:105E90000200019001984FF4604002900220CDE989
:105EA0000306052006900020C4F2022000F5806061
:105EB0000596FCF7B3FC40F65C0507F5C070C2F22E
:105EC000000509214FF4806285E8430005F10C00CC
:105ED00008234CC00120C5E90860C5E90A06284628
:105EE000C5E90666C5E90C66FBF72CFB002818BF60
:105EF000FBF7D0F828461021C4F88050EC65FBF77A
:105F00001DFA002818BFFBF7C5F840F2E47507F545
:105F10008070C2F200050821002285E807000120F8
:105F20004FF40023C5E90820C5E90A022846C5E95F
:105F30000322C5E90532EA61C5E90C22FBF702FB41
:105F4000002818BFFBF7A6F828461021C4F8845093
:105F5000EC65FBF7F3F9002818BFFBF79BF8382036
:105F600000210022FDF7A8F93820FDF795F907B0C8
:105F7000F0BD00002DE9F04F81B0D0F800A0C56B56
:105F80009946174604460E46FCF71CFD94F8891006
:105F900001290DD18046002E4FF0010018BF002FBF
:105FA00002D101B0BDE8F08F94F88800012803D138
:105FB000022001B0BDE8F08F012084F888000420A1
:105FC0000021A34684F88900C4F88C104BF86C6F4C
:105FD0002646A4F8707026F8727F6166A4F86810EF
:105FE000A4F86A10A068A167B0F5C02F2068E16727
:105FF00004D1016821F40061016004E0C16802225B
:1060000062F35241C16041684FF6FF7291433944D7
:106010004160016841F0010101606168B1F5800FE4
:106020004FF0010103D1026842F400720260E2689D
:1060300001EB5511102A17D343F2FF72C5F200028B
:1060400090426DDC43F60002C4F20002904279D027
:1060500043F60042C4F20002904273D043F20002C1
:10606000C4F201026CE000BF072A00F2B58032885A
:10607000002A00F0928119F1010200F03F814FF6F1
:10608000FF728FB2A2F1030A41694269D20725D19A
:1060900032880B041CD5BA421AD290F83000E16E57
:1060A0000870E06E2168421CE26691F83010417081
:1060B000E06E2168421CE26691F830104170E06E9B
:1060C0002168421CE26691F83010417050460CE0A5
:1060D000328811F4C04F1BD0032A19D890F8300031
:1060E000DBF8001008704FF6FF70DBF8001001318C
:1060F000CBF800103188084430803088002800F048
:106100004C81206841694269D207C1D0E6E700BFEF
:10611000FCF758FCA0EB08004845EED39EE000BF1A
:1061200043F60002C5F2000290420BD043F2000297
:10613000C5F20102904205D043F60042C5F20002CA
:10614000904249D13288002A00F027818DB219F19E
:10615000010223D041694269D20704D1328809047F
:106160000CD5AA420AD2016BDBF8000001600430B2
:10617000CBF8000030880138308005E0FCF722FCC5
:10618000A0EB0800484569D23088002800F005815E
:10619000206841694269D207E0D0E4E74169426979
:1061A000D20704D1328809040ED5AA420CD2006B62
:1061B000DBF8001041F8040BCBF8001030880138F0
:1061C0003080308830B9E8E0FCF7FCFB30880028EC
:1061D00000F0E3802068E1E73288002A00F0DD80EB
:1061E00019F101024ED04FF6FF728FB2551E416970
:1061F0004069C00715D130880A040DD5B8420BD2CA
:10620000BAF83010DBF8000020F8041BBAF83010A0
:1062100020F8021C29460CE03088890418D5012892
:1062200016D1BAF83010DBF8000020F8021B4FF648
:10623000FF71CBF800003088084430803088002897
:1062400000F0AB80206841694069C007D3D0E8E71F
:10625000FCF7B8FBA0EB08004845EFD3204602F05E
:106260006BFCD4F88C0040F48070C4F88C000120E2
:1062700084F88900002084F88800032001B0BDE87C
:10628000F08F00BF8DB241694069C0071BD13088D3
:106290000A0413D5A84211D2BAF83000DBF8001076
:1062A00021F8040BBAF83000CBF8001021F8020CEA
:1062B000308802383080308898B96EE030888904A0
:1062C00016D5012814D1BAF83000DBF8001021F8F7
:1062D000020BCBF80010308801383080308800285D
:1062E0005BD0206841694069C007D0D0EBE700BFB0
:1062F000FCF768FB30880028F3D14EE08FB241698B
:106300004269D2072ED132880B0425D5BA4223D256
:1063100090F83000E16E0870E06E2168421CE26681
:1063200091F830104170E06E2168421CE26691F8ED
:1063300030104170E06E2168421CE26691F8301026
:106340004170E06E0130E066B4F872000438A4F8E1
:1063500072003088A8B920E0328811F4C04F17D0FD
:10636000032A15D890F83000DBF800100870DBF82D
:1063700000000130CBF800003088013830803088D0
:1063800058B1206841694269D207BCD0EAE700BF32
:10639000FCF718FB30880028F3D1204602F0CCFB34
:1063A000012084F88900002084F88800D4F88C004B
:1063B000002818BF012001B0BDE8F08F2DE9F041A1
:1063C000044690F8890001280ED115460A4604F1CA
:1063D000880600294FF0010118BF002D0CD10020C4
:1063E00030700846BDE8F08104F1880602210020E3
:1063F00030700846BDE8F0813078012804BF0220E3
:10640000BDE8F081012084F88800042084F8890028
:106410000020C4F88C00E266A4F87050A4F8725012
:10642000C4E91E00A4F86800A4F86A00A068D4F8C3
:1064300000C0B0F5C02F27D1DCF8000020F40060C8
:10644000CCF80000D4F80CE0BEF1100F28D2BEF159
:10645000080F35D3D4F88400C369002B76D0DCF85C
:106460000810BEF10F0F21F480414FF00008CCF866
:10647000081079D8B3F5003F76D1B4F87210013125
:106480004908A4F8721017E0DCF80C00022161F34F
:106490005240CCF80C00D4F80CE0BEF1100FD6D36B
:1064A000D4F88400C369B3F5003F1DD1DCF80810AF
:1064B00021F48041CCF808104FF0000854E000BFF0
:1064C000DCF8080020F48040CCF80800D4F8840000
:1064D000C169B1F5003F3FD0B1F5803F42D1B4F87A
:1064E0007210013149083BE043F2FF71C5F200012F
:1064F0008C454FF0010113DC43F60007C4F200079E
:10650000BC453FF46CAF43F60047C4F20007BC45FE
:106510003FF465AF43F20007C4F2010712E000BF89
:1065200043F60007C5F20007BC453FF458AF43F6F9
:106530000047C5F20007BC453FF451AF43F20007E6
:10654000C5F20107BC453FF44AAF86E701210020B0
:1065500030700846BDE8F081B4F872100331890844
:10656000A4F872104FF0010848F65D43C0F601032D
:1065700048F64D41C0F60101036648F61D43002769
:10658000C0F601034166B8F1000F29468366C7666D
:1065900004D1BEF10F0F8CBFA9006900A4F87210DE
:1065A00090F85010090607D4B4F872300CF130019D
:1065B000FBF79AFA68B91BE0416F51B1B4F8723039
:1065C00009680CF13007C1E902370A61FAF736FEB3
:1065D00070B1D4F88C00012140F01000C4F88C0098
:1065E00084F88910002030700846BDE8F08100BFB3
:1065F000D4F88410D4E90002096D43684FF6FF77A0
:10660000BB43812918BF2B4443608168B2F5800FDA
:1066100041F480418160016941F450710161016878
:1066200041F00101016003D1016841F40071016092
:106630000021002030700846BDE8F081704700005E
:1066400070470000704700002DE9F04381B0D0F89A
:1066500000901D46174604460E46FCF7B3F994F821
:10666000891001290ED18046002E4FF0010018BF7D
:10667000002F03D101B0BDE8F08300BF94F888007B
:10668000012803D1022001B0BDE8F08301210320DD
:10669000002284F8881084F88900C4F88C2066668B
:1066A000A4F86870A4F86A70E266A4F87020A4F8F0
:1066B0007220A068A267B0F5C02F2068E26705D1FC
:1066C0000168034641F4006205E000BF034653F849
:1066D0000C2F61F352421A6041684FF6FF729143EA
:1066E00039444160016841F0010101606168B1F520
:1066F000800F03D1016841F400710160E168102945
:1067000018D343F2FF71C5F20001884278DC43F6EA
:106710000001C4F20001884200F0858043F6004188
:10672000C4F20001884200F07E8043F20001C4F20E
:10673000010175E0072940F2B380B4F86A1000291E
:1067400000F03081691C37D04FF6FE714E1C416954
:10675000890707D4FCF736F9A0EB0800A8421BD341
:106760004CE100BFB4F86A10022909D3E16B39B1DA
:10677000616E51F8042B02624FF6FE70616606E00E
:10678000606E30F8021BA9F8201060663046B4F83D
:106790006A100844A4F86A00B4F86A00002800F0FF
:1067A0000181206841698907DCD4D3E7FCF70AF945
:1067B000B4F86A0010BBF5E041698907F6D5B4F872
:1067C0006A1002290AD3E16B41B1616E51F8042BC2
:1067D00002626166B4F86A00023808E0606E30F860
:1067E000021BA9F820106066B4F86A000138A4F80A
:1067F0006A00B4F86A00002800F0D4802068DBE763
:1068000043F60001C5F2000188420CD043F20001BA
:10681000C5F20101884206D043F60041C5F20001ED
:1068200088427FF48AAFB4F86A10002900F0BA8079
:10683000691C1ED04169890706D4FCF7C3F8A0EB98
:106840000800A8420AD3D9E0616E51F8042B026215
:106850006166B4F86A000138A4F86A00B4F86A0006
:10686000002800F09F80206841698907E5D5EBE7A3
:1068700020684169890703D4FCF7A4F80AE000BF47
:10688000616E51F8042B02626166B4F86A00013847
:10689000A4F86A00B4F86A000028E9D182E000BFD9
:1068A000B4F86A10002900F07D80691C43D04FF6CF
:1068B000FE718E1E4F1C4169890707D4FCF782F8D0
:1068C000A0EB0800A8422CD398E000BFB4F86A10EF
:1068D000042909D3E16B402906D9616E51F8042BD4
:1068E00002623046616617E0B4F86A1002290BD3E1
:1068F000E16B49B1606E30F8021BA9F820106066A8
:106900004FF6FE7008E000BF616E097880F8201035
:10691000606E013060663846B4F86A100844A4F826
:106920006A00B4F86A0000283CD0206841698907F1
:10693000CCD4C3E720684169890703D4FCF742F847
:106940002CE000BFB4F86A1004290BD3E16B412995
:1069500008D3616E51F8042B02626166B4F86A00D4
:10696000043819E0B4F86A1002290BD3E16B49B17D
:10697000606E30F8021BA9F820106066B4F86A0057
:10698000023809E0616E097880F82010606E0130ED
:106990006066B4F86A000138A4F86A00B4F86A00C6
:1069A0000028C7D1681C13D020684069000713D4A1
:1069B000FCF708F8A0EB0800A842F5D3D4F88C0047
:1069C00040F02000C4F88C0006E000BFFBF7FAFF9F
:1069D000206840690007F9D5204602F0ADF8012093
:1069E00084F88900002084F88800D4F88C000028FE
:1069F00018BF012001B0BDE8F08300BF204602F0BF
:106A00009BF8D4F88C0040F48070C4F88C0001200E
:106A100084F88900002084F88800032001B0BDE8D4
:106A2000F0830000F0B581B0044690F88900012899
:106A30000CD100294FF001001CBF1546002A01D1DE
:106A400001B0F0BD94F88800012803D1022001B004
:106A5000F0BD00BF0120032284F8880084F889205B
:106A60000022C4F88C206166A4F86850A4F86A502B
:106A7000E266C4E91E22A4F87020A4F87220A2687D
:106A80002668B2F5C02F1FD13068324640F400634B
:106A90001360D4F80CC0BCF1100F20D2D4F88000E1
:106AA000BCF1080F836923D3002B55D0BCF10F0F25
:106AB0004FF0000E5ED8022B5CD1B4F86A20013290
:106AC0005208A4F86A200FE0324652F80C3F60F3F7
:106AD00052431360D4F80CC0BCF1100FDED3D4F8CD
:106AE00080008369022B0DD14FF0000E42E000BF01
:106AF000022B37D0012B3BD1B4F86A200132520867
:106B000034E000BF43F2FF72C5F20002964211DC8E
:106B100043F60002C4F2000296421DD043F6004242
:106B2000C4F20002964217D043F20002C4F20102FE
:106B300010E000BF43F60002C5F2000296420BD0FF
:106B400043F60042C5F20002964205D043F200022D
:106B5000C5F201029642A7D1002084F888000120E6
:106B600001B0F0BDB4F86A2003329208A4F86A209C
:106B70004FF0010E48F68542C0F6010248F655472F
:106B8000026648F61D420023C0F60107C0F6010266
:106B9000C0E91972C366B268BEF1000F22F4004268
:106BA000B2602A4604D1BCF10F0F8CBFAA006A0064
:106BB000A4F86A2090F85020120607D4B4F86A307E
:106BC00006F12002FAF790FF68B91BE0426F52B15C
:106BD000B4F86A30126806F12007C2E90231176181
:106BE000FAF72CFB70B1D4F88C00002140F01000B3
:106BF000C4F88C00012084F8890084F8881001B062
:106C0000F0BD00BFD4F88010D4E90002096D4368DC
:106C10004FF6FF77BB43812918BF2B44436081683F
:106C2000B2F5800F41F400418160016941F448717F
:106C30000161016841F00101016003D1016841F483
:106C400000710160002084F8880001B0F0BD0000F0
:106C5000704700007047000070470000042888BF9C
:106C60007047DFE800F00315273839004EF21000B6
:106C7000CEF20000016821F00401016040F6E4401A
:106C8000C4F20240016821F00C010160704700BFAE
:106C90004EF21000CEF200000168012221F0040142
:106CA000016040F6E440C4F20240016862F38301EF
:106CB000016070474EF21000CEF20000016802221F
:106CC00021F00401016040F6E440C4F20240016892
:106CD00062F38301016070474EF21000CEF20000B3
:106CE000016841F004010160704700007047000036
:106CF00070470000704700007047000070470000B8
:106D00007047000010B590F83C20012A4FF00202B5
:106D100000F0BD8080F83D20026842F6FF33D2F8D3
:106D200004E0D2F808C0C5F201039A420CDC42F636
:106D30000043C4F201039A4212D043F20043C4F26A
:106D400001039A420CD010E043F20043C5F2010364
:106D50009A4205D042F60043C5F201039A4204D19B
:106D60004C682EF4700344EA030E4FF68F73CFF68F
:106D7000FF530C6803EA0E032343B2F1A04F5360A4
:106D800014DA41F2FF73C4F200039A4222DC40F2AB
:106D9000FF73C4F200039A423EDCB2F1804F6BD025
:106DA00040F20043C4F2000364E000BF41F2FF730D
:106DB000C5F200039A421FDC40F2FF73C5F20003E4
:106DC0009A4235DCB2F1A04F56D040F20043C5F2F2
:106DD00000034FE043F2FF33C4F201039A4233DC75
:106DE00041F60003C4F200039A4245D042F6004344
:106DF000C4F201033EE000BF43F2FF33C5F20103DA
:106E00009A422DDC41F60003C5F200039A4233D0CA
:106E100042F600432CE000BF40F60003C4F200033A
:106E20009A4229D040F60043C4F2000322E000BF9A
:106E300040F60003C5F200039A421DD040F600431D
:106E4000C5F2000316E000BF43F20043C4F20103A1
:106E50009A4211D044F20003C4F201030AE000BFD9
:106E600044F20003C5F201039A4205D043F2004305
:106E7000C5F201039A4204D189682CF080031943BA
:106E800091600121002280F83D1080F83C201046DE
:106E900010BD000070470000002804BF01207047AB
:106EA00010B5044690F83D0028B9002084F83C0055
:106EB000204600F023F8022084F83D002068211DC0
:106EC00002F04EF8012084F8480084F83E0084F86F
:106ED0003F0084F8400084F8410084F8420084F8C0
:106EE000430084F8440084F8450084F8460084F8A0
:106EF000470084F83D00002010BD000010B584B0AC
:106F0000006841F20001C4F2000188421CD040F642
:106F10000041C4F20001884226D040F20041C4F290
:106F2000000188421CBF04B010BD40F69C40C4F272
:106F3000024001682E2441F002010160006800F067
:106F40000200039003981DE040F69C40C4F202400A
:106F50000168312441F010010160006800F0100068
:106F6000019001980EE000BF40F69C40C4F2024040
:106F70000168302441F008010160006800F0080059
:106F800002900298204600210022FCF795F9204645
:106F900004B0BDE81040FCF77FB9000090F83D1048
:106FA00001291CBF01207047022180F83D100168B3
:106FB000C868B1F1A04F40F00100C86014DA41F296
:106FC000FF70C4F20000814222DC40F2FF70C4F284
:106FD000000081423EDCB1F1804F6BD040F20040B6
:106FE000C4F2000064E000BF41F2FF70C5F200008F
:106FF00081421FDC40F2FF70C5F20000814235DCA7
:10700000B1F1A04F56D040F20040C5F200004FE071
:1070100043F2FF30C4F20100814233DC41F600004C
:10702000C4F20000814245D042F60040C4F20100A3
:107030003EE000BF43F2FF30C5F2010081422DDC8B
:1070400041F60000C5F20000814233D042F6004014
:107050002CE000BF40F60000C4F20000814229D0BD
:1070600040F60040C4F2000022E000BF40F60000FD
:10707000C5F2000081421DD040F60040C5F200007C
:1070800016E000BF43F20040C4F20100814211D07B
:1070900044F20000C4F201000AE000BF44F2000024
:1070A000C5F20100814205D043F20040C5F2010063
:1070B00081420DD188680722C0F201020240062AEF
:1070C0004FF0000018BFB2F5803F01D1704700BFFC
:1070D000086840F001000860002070470146006821
:1070E00041F21113C26822F00102C260026A1A4220
:1070F00004D00122002081F83D207047026A44F24A
:1071000044431A42F5D1026822F0010202600122D2
:10711000002081F83D20704780B590F83C20012A7E
:107120004FF0020200F09E8080F83D20D0F800C0B1
:107130008822DCF80830CFF6CE721A40CCF808204E
:107140000B68B3F5005F0FDB3F22C0F210029342E1
:1071500018DCB3F1101F31DB71D02021C0F2100117
:107160008B426CD030215FE03F2B1FDD5F2B2DDD8C
:10717000602B79D0702B00F09980B3F5805F6AD0D6
:10718000DEE000BF5F21C0F210018B4246DD6021CE
:10719000C0F210018B4252D07021C0F210018B421C
:1071A00018BFB3F5001F4AD0CAE000BF1F2B41DC57
:1071B000002B44D0102B42D0C2E000BFB3F5005FDB
:1071C00000F08880B3F5801F39D0B9E0402B00F083
:1071D0009580502B40F0B480D1F804E0C968DCF809
:1071E0002030DCF8202022F00102CCF82020DCF84E
:1071F000182022F0F00242EA011123F00A0242EACA
:107200000E02CCF81810CCF82020DCF808104FF64D
:107210008872CFF6CF72114057311AE04021C0F288
:1072200010018B420BD05021C0F210018B4206D0CE
:1072300086E000BF202B02D0302B40F08180DCF8AC
:1072400008104FF68872CFF6CF721140194341F003
:107250000701CCF808100022012180F83D10002120
:1072600080F83C10104680BDD1F804E0C968DCF815
:107270002030DCF8202022F01002CCF82020DCF8AE
:10728000182022F4704242EA013123F0A00242EABF
:107290000E12CCF81810CCF82020DCF808104FF6AD
:1072A0008872CFF6CF7211406731D2E7D1E901E39E
:1072B000C968DCF8082043EA0E0343EA012122F4FE
:1072C0007F421143CCF80810DCF8081041F0770138
:1072D000BFE700BFD1E901E3C968DCF8082043EA51
:1072E0000E0343EA012122F47F421143CCF8081037
:1072F000DCF8081041F48041ABE700BFD1F804E0AE
:10730000C968DCF82030DCF8202022F00102CCF83B
:107310002020DCF8182022F0F00242EA011123F0CC
:107320000A0242EA0E02CCF81810CCF82020DCF851
:1073300008104FF68872CFF6CF721140473188E7B8
:10734000012289E770470000F0B581B0044600686B
:10735000C768066906EA0705A90739D468074DD446
:10736000280763D4E8067AD4E80740F0928017F043
:10737000800718BF16F4025040F09980002F18BF04
:1073800016F4807040F0A080680600F1A780A8067F
:1073900000F1AE80E80200F1B580A80200F1BC80E7
:1073A000680206D520686FF4800101612046FFF76E
:1073B000A7FC28025CBF01B0F0BD21686FF4000299
:1073C00020460A6101B0BDE8F040FFF763BD00BF91
:1073D0006FF002010161012121778069800703D0EC
:1073E0002046FFF7AFFF05E0204600F0A1F8204659
:1073F00000F0A0F8002020776807B1D520686FF072
:107400000401016102212177806910F4407F03D0DB
:107410002046FFF797FF05E0204600F089F8204658
:1074200000F088F80020207728079BD520686FF0AF
:107430000801016104212177C069800704D020463A
:10744000FFF780FF06E000BF204600F071F82046FD
:1074500000F070F800202077E8067FF585AF2068FF
:107460006FF01001016108212177C06910F4407F9D
:1074700004D02046FFF766FF06E000BF204600F07C
:1074800057F8204600F056F800202077E8073FF430
:107490006EAF20686FF001010161204600F04CF8EA
:1074A00017F0800718BF16F402503FF467AF20684A
:1074B0006FF4025101612046FFF71AFC002F18BF3C
:1074C00016F480703FF460AF20686FF48071016142
:1074D0002046FFF70BFC68067FF559AF20686FF078
:1074E00040010161204600F02FF8A8067FF552AF59
:1074F00020686FF0200101612046FFF7FBFBE802E6
:107500007FF54BAF20686FF4801101612046FFF7D3
:10751000F5FBA8027FF544AF20686FF4001101610C
:107520002046FFF7E9FB68027FF543AF3AE700002A
:1075300070470000704700000068B0F1804F08BF3E
:10754000FBF7ACBD704700007047000090F8841056
:10755000012904BF022070472421C0F88810026866
:107560001168136823F00103136021F00053002118
:10757000416613602022C0F8882080F884100846F5
:1075800070470000B0B590F88420012A04BF0220A3
:10759000B0BD2422C0F888200268D0F864E0D2F898
:1075A00000C01368BEF1000F23F00103136093685D
:1075B00023F0606341EA0301916019D093689168F8
:1075C00040F2002E490FC0F6020E40F208251EF8C8
:1075D0000140C0F60205C3F34263695CE400B4FBFA
:1075E000F1F11EF80340EB5CE500B5FBF3F301E0BD
:1075F00001210123A0F86A102021A0F86830C2F808
:1076000000C0C0F88810002180F884100846B0BD82
:10761000B0B590F88420012A04BF0220B0BD242216
:10762000C0F888200268D0F864E0D2F800C013687F
:10763000BEF1000F23F001031360936823F0604351
:1076400041EA0301916019D09368916840F2002EDD
:10765000490FC0F6020E40F208251EF80140C0F6A0
:107660000205C3F34263695CE400B4FBF1F11EF868
:107670000340EB5CE500B5FBF3F301E001210123DE
:10768000A0F86A102021A0F86830C2F800C0C0F845
:107690008810002180F884100846B0BD10B5E0B114
:1076A0000446D0F8880028B9002084F884002046D9
:1076B00000F028F82420C4F888002068A16A026835
:1076C000002922F0010202601CBF204601F06AFD81
:1076D000204601F093FE012802D1012010BD00BF19
:1076E0002168486820F490404860886820F02A00AB
:1076F0008860086840F0010220460A60BDE810403A
:1077000001F0C4BD70B5BCB00446002502A8D0216C
:107710003B95CDE93955CDE93755F8F703FE20689B
:1077200045F20001C4F20001884235D044F6004120
:10773000C4F20001884240F07F80082000240290BB
:1077400002A803941C94FCF7E5FD002818BFF9F784
:10775000A1FC40F68C40C4F20240016941F40021D2
:107760000161016901F4002101910199016841F071
:1077700004010160006800F00400019001984FF4DA
:10778000406037900220CDE9380440F600003A947A
:107790003D24C4F2022042E01020029002A803958A
:1077A0001D95FCF7B7FD002818BFF9F773FC40F6EC
:1077B0008C40C4F20240016940F6000441F480119B
:1077C00001610169C4F2022401F48011019101995F
:1077D0000168022541F0040101600168002601F002
:1077E000040101910199016841F0080101600068FC
:1077F00037A900F00800019001984FF480503790AD
:1078000008203B9020463895CDE93966FBF706F80D
:10781000042037A961C104F580603E243A9608210E
:107820003B9137A9FAF7FAFF204600210022FBF727
:1078300043FD2046FBF730FD3CB070BDFEE7000085
:1078400070B50446006815468369DA0602D4002143
:1078500000226AE00E461021C1618169890660D468
:10786000711C54D046BBFBF7ADF82068426894F811
:1078700042308169202B0DD012F480420AD111F4DC
:10788000004107D0416841F480414160FBF79AF81C
:10789000054600BF20688169890605D4FBF792F888
:1078A000401B1928F6D92AE081698906DBD538E022
:1078B00020688169890634D4FBF784F8401BB04204
:1078C000F6D92068426894F842308169202B0DD0A7
:1078D00012F480420AD111F4004107D0416841F40A
:1078E00080414160FBF76EF8054600BF2068806963
:1078F0008006DDD4FBF766F8401B1A28F6D3206813
:1079000001228169242110E08169890609D48169F5
:10791000890606D4816989065CBF81695FEA816155
:10792000F2D52021C161012204218369DE0505D53C
:107930004FF4807241F00101C26101225E0507D45B
:107940009B050CD4002A04BF002070BD0CE000BFD2
:1079500041F008014FF480629B05C26104D541F0FB
:1079600002014FF40072C2618269920744BF002293
:1079700082628269D20703D1826942F00102826188
:1079800042684EF60003CFF600631A404260606C16
:1079900008436064202084F84100002084F84200FD
:1079A00084F84000012070BD2DE9F04104460068D4
:1079B00080690840401AB0FA80F04009904271D1C5
:1079C000DDF8188015460E461F46581C30D0002F93
:1079D00042D100BF204600214246FFF731FF002878
:1079E0001CBF0120BDE8F081FAF7ECFF2068816937
:1079F0003140891BB1FA81F14909A94242D080691D
:107A00003040801BB0FA80F04009A8421CBF002023
:107A1000BDE8F081DEE700BF206880693040801B50
:107A2000B0FA80F04009A8421CBF0020BDE8F081F8
:107A300020464FF0FF314246FFF702FF0028EBD00F
:107A40000120BDE8F08100BF80693040801BB0FAA2
:107A500080F04009A84225D1204639464246FFF72A
:107A6000EFFE0028ECD1FAF7ADFFA0EB080120688B
:107A7000B942E9D981693140891BB1FA81F14909DB
:107A8000A942E1D1606C40F020006064202084F8BD
:107A90004100002084F8420084F840000120BDE845
:107AA000F08100BF0020BDE8F081000070B5044601
:107AB00000688069800637D415460E4619B92AE059
:107AC0008069800630D4204631462A46FFF7B8FE4A
:107AD00040BBFAF777FF411B2068B142F0D98169BA
:107AE0008906EDD4606C40F020006064202084F8AA
:107AF0004100002084F8420084F84000012070BD5D
:107B0000FAF760FF206881698906EBD580698006F5
:107B100044BF002070BD204600212A46FFF790FE9A
:107B20000028EDD0012070BD002070BD70B5044666
:107B30000068806980074DD415460E46481C1DD04C
:107B40004EBB00BF204600212A46FFF779FE0028E1
:107B50001CBF012070BDFAF735FF206881698907D5
:107B600029D58069800744BF002070BDEAE700BFC7
:107B700020688069800744BF002070BD20464FF018
:107B8000FF312A46FFF75CFE0028F1D0012070BDCE
:107B9000806980071ED4204631462A46FFF750FEF2
:107BA0000028F3D1FAF70EFF411B2068B142EFD94C
:107BB00081698907ECD4606C40F02000606420206B
:107BC00084F84100002084F8420084F8400001203D
:107BD00070BD00BF002070BD70B582B040F20C35A2
:107BE000C2F200054BF60D60C0F601002C4644F8C9
:107BF000200F4BF6E950C0F60100606040F66C10B3
:107C0000C2F20000E0600A20F9F7FEFF40F2C01661
:107C1000C2F200062046314603F078F93078702829
:107C200046D105F120042046042103F001FC0DF1AA
:107C3000070500BF2046294603F0C4FB0120F9F7E1
:107C4000E3FF9DF807000028F4D12046012101251B
:107C500003F03AF92046082103F0ECFC2046082105
:107C600003F046FB2046012103F024FD20460421B9
:107C700003F07EFB707840F00D012046717003F038
:107C80005DFA2046012103F039FA2046032103F072
:107C900013FA2046012103F0C9FA2046042103F01B
:107CA000A5FA204600F0EAFA284602B070BD00BFEF
:107CB0004FF0FF35284602B070BD00000000000004
:107CC0002DE9F04381B02DED108BB0EE429A21EEFC
:107CD000822A22EE222AB5EE402AF1EE10FA05D1D0
:107CE000BDEC108B01B0BDE8F08300BF40F2580935
:107CF00040F2C018C2F20009C2F20008B0EE40BA69
:107D000099ED000A98ED012A98ED033A98ED024AA0
:107D100011EE100AB0EE618AB0EE62AAB0EE60CA4F
:107D200023EE03DA24EE03EA24EE04FA62EE038A79
:107D300062EE029A60EE04AA60EE02BA60EE00DA29
:107D4000F8F7C3FC9FEDE40B54EC105B23462A4686
:107D5000F8F7A1FB9FEDE20B56EC107B33463A4659
:107D6000F8F70BFCF8F7C4FC0CEE900A1CEE100AB6
:107D7000F8F7ABFC2A462346F8F78DFB3A46334624
:107D8000F8F7FBFBF8F7B4FC0CEE100A1BEE100A38
:107D9000F8F79BFC2A462346F8F77DFB3A46334624
:107DA000F8F7EBFBF8F7A4FC28EE080A29EE091A0D
:107DB0000BEE100A30EE010A2AEE0A1A30EE011A12
:107DC000B1EEC10AB4EE400AF1EE10FA80F176810C
:107DD00089EE001A8AEE002A88EE000A3DEEE93AA2
:107DE00038EEEA4A33EE4F3A3BEE8E5A33EE0D3A16
:107DF00035EE055A34EE044ADFEDBE0AD8ED052A09
:107E0000D8ED033AD9ED004A23EE016A25EE027A55
:107E100024EE022A23EE003A36EE476A32EE432A77
:107E20009FEDB33A25EE000A26EE035A62EE031ADE
:107E300024EE011A35EE055A71EEA11A30EE410A10
:107E400098ED047A25EE205A61EEA01A20EE033A4E
:107E500037EE055A32EEA17AF2EE042A88ED045A82
:107E600033EE033A26EE226A22EE222AD8ED061AD3
:107E700023EE203A36EE0B6A20EE220A32EE0C2A6E
:107E800098ED011A98ED024A31EE833A36EE056A12
:107E900030EE2C0A32EE072A30EE030A61EE461A63
:107EA00062EE042A64EE865A71EEE21A60EE232A2C
:107EB00060EE046A71EEE21A75EEA62A62EE235AAB
:107EC00064EE826A61EE007A72EEE52A61EEA01A33
:107ED00076EEE75A62EEA02A74EEA11A24EE800A2A
:107EE00066EE234A71EE222A21EE021A35EEA42A0A
:107EF00030EE010A22EE201A26EE042A34EE014A60
:107F000030EE420A21EEA11A22EEA22A20EE200A29
:107F100031EE021A24EE042A33EE806A32EE010AB0
:107F200026EE061A88ED057A88ED063A31EE001A3B
:107F3000C9ED001AC8ED012AB1EEC10A88ED024A66
:107F400088ED036AB4EE400AF1EE10FA80F1BC80CD
:107F500099ED001A98ED012A81EE001A98ED023A87
:107F600082EE002A98ED034A83EE008A84EE00AA8E
:107F700031EE013A89ED001A32EE020A88ED012A4B
:107F800020EE080A23EE0A3A88ED028A88ED03AA59
:107F900030EE030A10EE100AF8F797FBB8EE009ADD
:107FA00028EE090A3AEE0A1A28EE000A2AEE011A09
:107FB000B7EE00AA30EE410A41EC180B30EE0A0A87
:107FC00010EE100AF8F781FBB0EE480A41EC110BF5
:107FD000F0EE680A06F030FE51EC100B9FED420BFC
:107FE00054EC105B23462A46F8F755FAF8F780FB65
:107FF00098ED010A99ED003A98ED021A98ED032ADE
:1080000030EE000A33EE033A20EE020A23EE011AA4
:10801000C8F8680031EE400A10EE101A0846F8F76A
:1080200054FB41EC100B06F0EBFA51EC100B2A4616
:108030002346F8F730FAF8F75BFB98ED02BA99EDB2
:10804000001A98ED018A98ED030A3BEE0BCA31EE57
:10805000011A2CEE000A21EE081AC8F86C0030EE66
:10806000010A10EE101A0846F8F72FFB28EE090A4D
:108070002BEE0C1A28EE000A41EC180B30EE410AE8
:1080800030EE0A0A10EE100AF8F71FFBB0EE480AAD
:1080900041EC110BF0EE680A06F0CEFD51EC100B2E
:1080A0002A462346F8F7F7F9F8F722FBC8F87000DC
:1080B000BDEC108B01B0BDE8F08300BFB0EE410A0B
:1080C00007F0EAFC84E600BFB0EE410A07F0E4FCEA
:1080D0003EE700BF00BF00BF4AD8124DFB21094058
:1080E0000000000000806640CB67791EDCA54C4094
:1080F0006F12033C0AD7233CB0B544F60040C4F2EB
:108100000000C16911F00E0F1CBF0E2202620A06A8
:1081100010D540F61042C2F20002B2F85630CBB190
:10812000136D5C1C14651B788362B2F85630013BFA
:10813000A2F856304A0617D540220262026822F0A1
:1081400040020260026892060ED4026842F02002E9
:10815000026009E0026822F080020260026842F0D8
:10816000400202604A06E7D4890658BFB0BD40F617
:108170002C34C2F20004456A20686FF001010161ED
:1081800001612046FEF7AAFF40F21A60C2F2000029
:10819000018840F2515C4A1C93B2C2F2000C0CF808
:1081A0000150C72B88BF0022216802800022204690
:1081B0004A62BDE8B040FEF7F1BE0000B0B545F23E
:1081C0000004C4F20004E569280611D540F6A44075
:1081D000C2F20000B0F85610002943D0016D4A1CCD
:1081E00002650978A162B0F856100139A0F856105E
:1081F00068060ED54020206220684FF4807120F080
:108200004000206040F20040C4F202200022FAF751
:10821000D3FBA80658BFB0BD656A40F67834C2F2F9
:10822000000420686FF00101016101612046FEF742
:1082300055FF40F2E460C2F20000018840F21C6C7D
:108240004A1C93B2C2F2000C0CF80150C72B88BF35
:10825000002221680280002220464A62BDE8B04028
:10826000FEF79CBE206820F080002060206840F06F
:10827000400020606806CCD5BCE7000010B582B095
:108280000121044603F016FA38BB2046042103F00E
:108290006FF810BB01A9204602F05EFEE8B99DF818
:1082A000040040F0010120468DF8041002F0A6FE03
:1082B00098B92046062102F02FFE70B9204606210B
:1082C00003F0B8F948B92046062103F011F820B9A7
:1082D0002046032103F0EAF820B14FF0FF3002B04E
:1082E00010BD00BF2046012103F034F9002818BF5B
:1082F0004FF0FF3002B010BD80B540F6D40041F21F
:108300000041C2F20000C4F203010022C0E90012E1
:10831000F8F732FF002808BF80BDBDE88040F8F7BD
:10832000B9BE000080B540F608104AF20041C2F222
:108330000000C4F200010022C0E90012012105235F
:1083400001824FF04F0C4FF0140EC0E90531C0E927
:108350000911C0E90B110621C0E902228274C0E9AB
:1083600007CEC0E90D12C263F9F704FF002818BF59
:10837000F8F790FEBDE88040F8F7E8BD80B5FAF761
:1083800035FA002818BFF8F785FEFAF741F90028FA
:1083900008BF80BDBDE88040F8F77CBE80B582B0E4
:1083A00040F68840C4F202400168002241F0010119
:1083B00001600068002100F00100019001981D207B
:1083C000FAF77AFF1D20FAF767FF1E20002100222E
:1083D000FAF772FF1E20FAF75FFF1F20002100222C
:1083E000FAF76AFF1F20FAF757FF2020002100222A
:1083F000FAF762FF202002B0BDE88040FAF74CBFD8
:108400002DE9F04F87B04FF0000840F68C40CDF8D2
:108410001880C4F202400168002641F004010160A6
:108420000168C4F2022601F004010191019901687A
:1084300006F5006441F0800101600168002201F04E
:1084400080010191019901680E2741F0010101604D
:10845000016801F0010101910199016841F00201F7
:108460000160016801F0020101910199016841F088
:108470000801016000680E2100F0080001900198D9
:108480002046FAF799FA3046042101224FF0040BF6
:108490000125FAF791FA304610210022FAF78CFAFA
:1084A00006F5806948464FF488510022FAF784FAAD
:1084B000204680210122FAF77FFACDE9027502AF4A
:1084C0004FF0020A204639460495CDF814A0FAF779
:1084D000A5F9CDE902B54FF0030B30463946CDF88A
:1084E0001080CDF814B0FAF799F90820CDE9020808
:1084F00030463946CDF81080FAF790F9102002A9DD
:1085000081E8210530463946FAF788F94FF4805062
:1085100002A981E8210548463946FAF77FF940204B
:10852000CDE9020820463946CDF81080FAF776F9F1
:10853000802002A981E8210920463946FAF76EF920
:108540004FF48070CDE9020548463946CDE9045A1A
:10855000FAF764F907B0BDE8F08F000080B540F687
:108560006C1045F2004244F2E533C2F200000021F3
:10857000C4F200024FF0010CC1F2C003C0E90023B5
:10858000C0E9021CC0E90411C0E906110162FAF752
:1085900069FA002818BFF8F77DFD40F66C10C2F2AA
:1085A00000000021FAF714FA002818BFF8F772FD4E
:1085B00040F66C10C2F200000021FAF72FFA0028F2
:1085C00008BF80BDBDE88040F8F764BD80B50020DD
:1085D000FAF728FD002818BFF8F75CFDFAF754FDFC
:1085E000002808BF80BDBDE88040F8F753BD0000FB
:1085F000B0B540F6C01043F200044FF48001C2F25F
:108600000000C4F201040022C0E9004100F11001A1
:1086100007234FF0807C4FF0806E4FF0C04581E81B
:1086200004504FF48041C0E90223C0E90752C0E979
:108630000922C362C0E90D22C263C0E91222C0E967
:108640001422C0E916220166FDF782FA002808BF4D
:10865000B0BDBDE8B040F8F71DBD0000B0B540F6B4
:10866000502043F600044FF48001C2F20000C4F22F
:1086700000040022C0E9004100F1100107234FF07F
:10868000807C4FF0806E4FF0C04581E804504FF47D
:108690008041C0E90223C0E90752C0E90922C36250
:1086A000C0E90D22C263C0E91222C0E91422C0E968
:1086B00016220166FDF74CFA002808BFB0BDBDE8E0
:1086C000B040F8F7E7BC000080B588B040F62C3029
:1086D00040F200430021C2F2000046F2A712C4F2A9
:1086E000000340F22B1C0791CDE905110391CDE960
:1086F0000111C0E90032C0E9021C01618161FEF78D
:10870000CBFB002818BFF8F7C5FC4FF4805004904D
:1087100040F62C30C2F2000004A9FEF7FDFC002850
:1087200018BFF8F7B7FC00200190039040F62C30FA
:10873000C2F2000001A9FEF7E5FA002818BFF8F719
:10874000A9FC08B080BD000080B588B040F6783044
:1087500040F600430021C2F2000046F2A712C4F224
:10876000000340F2F31C0791CDE905110391CDE917
:108770000111C0E90032C0E9021C01618161FEF70C
:108780008BFB002818BFF8F785FC4FF4805004904D
:1087900040F67830C2F2000004A9FEF7BDFC0028C4
:1087A00018BFF8F777FC00200190039040F678306E
:1087B000C2F2000001A9FEF7A5FA002818BFF8F7D9
:1087C00069FC08B080BD000010B584B040F6C4302C
:1087D00041F200020024C2F2000046F2A711C4F2E6
:1087E000000209230294C0E90021C0E90243846128
:1087F000FEF752FB002818BFF8F74CFC40F6C430D7
:10880000C2F2000001A901940394FEF77BFA00284C
:1088100018BFF8F73FFC04B010BD000010B540F6DB
:10882000104044F600434FF4E131C2F20000002250
:10883000C4F200030C24C0E90031C0E90222C0E9FF
:108840000424C0E90622C0E908228262FEF726FF5E
:10885000002818BFF8F71EFC40F61040C2F20000D6
:108860000021FEF7D5FE002818BFF8F713FC40F6EC
:108870001040C2F200000021FEF784FE002818BF5D
:10888000F8F708FC40F61044C2F200042046FEF758
:108890005DFE002818BFF8F7FDFB2068016841F075
:1088A0002001016010BD000010B540F6A44045F263
:1088B00000034FF4E131C2F200000022C4F20003D1
:1088C0000C24C0E90031C0E90222C0E90424C0E957
:1088D0000622C0E908228262FEF7E0FE002818BFE7
:1088E000F8F7D8FB40F6A440C2F200000021FEF7E2
:1088F0008FFE002818BFF8F7CDFB40F6A440C2F267
:1089000000000021FEF73EFE002818BFF8F7C2FB6A
:1089100040F6A444C2F200042046FEF717FE0028E9
:1089200018BFF8F7B7FB2068016841F0200101602B
:1089300010BD0000FEE70000FEE7000070470000E9
:1089400070B540F62C46C4F2024656F82C1C04467C
:1089500021F0806046F82C0CFAF734F8054600BF89
:1089600056F82C0C000107D5FAF72CF8401B02280A
:1089700084BF032070BDF3E7306843F6037188437A
:1089800094E80E00084340EA0220E16830604FF4AA
:108990007E4202EB41212269581E4FF4FE0389B248
:1089A00003EB02426FF35F20084402F4FE016269A8
:1089B0004FF0FE4303EB0262084402F0FE4108441C
:1089C00030613068A16920F00C00084330603068E5
:1089D000E16920F0200008433060606A3168084394
:1089E000306030684FF6F87120F010003060706928
:1089F000226A884340EAC2007061306840F010008B
:108A0000306056F82C0C40F0806046F82C0CF9F7DA
:108A1000D9FF044656F82C0C000144BF002070BD5D
:108A2000F9F7D0FF001B032824BF032070BDF1E736
:108A300070B540F63046C4F2024656F8301C044683
:108A400021F0805046F8300CF9F7BCFF054600BF16
:108A500056F8300C800007D5F9F7B4FF401B022808
:108A600084BF032070BDF3E7306843F60371884389
:108A700094E80E00084340EA0220E16830604FF4B9
:108A80007E4202EB41212269581E4FF4FE0389B257
:108A900003EB02426FF35F20084402F4FE016269B7
:108AA0004FF0FE4303EB0262084402F0FE4108442B
:108AB00070613068A16920F00C00084330603068B4
:108AC000E16920F0200008433060606A31680843A3
:108AD000306030684FF6F87120F010003060B069F7
:108AE000226A884340EAC200B061306840F010005A
:108AF000306056F8300C40F0805046F8300CF9F7F2
:108B000061FF044656F8300C800044BF002070BD61
:108B1000F9F758FF001B032824BF032070BDF1E7BD
:108B200040F6C010C2F20000FCF7D8BE40F650205C
:108B3000C2F20000FCF7D2BE016840F26F32D1F8F9
:108B400014C08B6943F008038B618B6943F01003F9
:108B50008B610B6823F001030B600B6923EA0202AF
:108B60000A618A6822F440428A6090F889305FEA9C
:108B70008C620BD5042B09D0D0F88C2042F08002F7
:108B8000C0F88C208A6942F020028A6190F889300E
:108B90005FEA4C620BD5032B09D0D0F88C2042F051
:108BA0000402C0F88C208A6942F040028A615FEAC0
:108BB0008C5209D45FEACC5213D40021A0F86A1079
:108BC000A0F87210704700BFD0F88C2042F001026C
:108BD000C0F88C208A6942F400728A615FEACC5244
:108BE000EBD5D0F88C2042F00802C0F88C208A69BE
:108BF00042F480728A610021A0F86A10A0F8721015
:108C000070470000C06D0021A0F87210A0F86A1033
:108C1000012180F88910FCF75BBE000010B5C46D1F
:108C2000F8F7B0FB002808BF10BD2046FFF784FF0F
:108C3000D4F88C00012140F01000C4F88C002046CC
:108C400084F88910BDE81040FCF742BEC06DFDF706
:108C5000F7BC0000C06DFDF7FDBF0000C06D90F8CF
:108C60008910072908BF7047D0F88410096D812941
:108C700008BFFDF7E3BC0068016941F0080101612C
:108C800070470000C06D90F88910072908BF704731
:108C9000D0F88010096D812908BFFDF7D9BF0068A1
:108CA000016941F008010161704700007047000050
:108CB00070470000B0B59CB0002140F61400CDE92B
:108CC0001011CDE90E11CDE90C11CDE90A11079172
:108CD000CDE90511CDE90311C4F20240029150F82B
:108CE000041C41F0300140F8041C50F8041C01F051
:108CF00030010191019900BF016809075FBF016858
:108D00005FEA017101685FEA017102D40168090735
:108D1000F2D5012008904FF4803009900220FA2209
:108D2000129003240421CDE91520CDE91700002578
:108D300008A8139414911991CDE91A55FCF7A2FAD9
:108D400010B172B6FEE700BF1F2002A931C102A810
:108D50000521CDE905550795FCF720F810B172B64D
:108D6000FEE700BF42F20000C4F2020001680222E6
:108D700062F3051101601CB0B0BD00004EF6885CC6
:108D8000CEF2000CDCF80010012241F47001CCF8A6
:108D9000001040F60041C4F202410A600022CA619C
:108DA0000A620B684EF6E320CEF6E2201840086017
:108DB00040F28020C0F201108A62CA620A634863EE
:108DC0008A63C8630A6448648A64086820F480205F
:108DD000086000200A65C0F6010042F21C01C4F2DE
:108DE00002014CF8800C51F8040C420F062A05D8F9
:108DF00000F06040B0F1404F18BF70470868C007EE
:108E00000BD042F63B20C0F6190041F8100C46F694
:108E10007F60C4F65D4041F8100C086840F0020025
:108E20000860086840F001000860704740F6E020E4
:108E3000C2F20000FEF788BA10B540F62C34C2F238
:108E4000000420686FF00101016101612046FEF716
:108E500045F9206800214162BDE8104002F098BE4B
:108E600010B540F67834C2F2000420686FF00101BA
:108E7000016101612046FEF731F92068002141625D
:108E8000BDE8104003F09EBF10B540F2E86040F22C
:108E9000505EC2F20000C2F2000E01689EF800307F
:108EA00040F6001CC2F2000C4A1C002BDCF800400B
:108EB00002601CBF0134CCF80040B4F5967F08DD99
:108EC00040F60410C2F200000122027000208EF869
:108ED000000040F26822C2F200029069002804BF3C
:108EE0000123136001309061D069536A411C581C02
:108EF0000A29D161506204BF01215160142805D1B3
:108F00000020C2E9060050620120D06040F6C05047
:108F100040F2EB03C2F20000C2F2000301681A78CB
:108F200044F23F2E0131C0F20F0E01320160714553
:108F30001A7084BF00210160D0B2C92824BF00206C
:108F400018707445C4BF0020CCF8000040F6C4304F
:108F5000C2F2000000686FF00101016110BD000065
:108F600080B50268B0F1A04F14DA40F6FF33C4F2C6
:108F70000003984222DCB0F1804F43D040F200431E
:108F8000C4F2000398423DD040F60003C4F200034F
:108F900036E000BF40F6FF33C5F2000398421FDC05
:108FA000B0F1A04F2ED040F20043C5F2000398422A
:108FB00028D040F60003C5F2000321E040F600434C
:108FC000C4F2000398421DD042F60043C4F20103EC
:108FD000984217D043F20043C4F2010310E000BFEF
:108FE00040F60043C5F2000398420BD043F2004321
:108FF000C5F20103984205D042F60043C5F20103D1
:10900000984203D14B6822F070021A43B0F1A04F8E
:1090100014DA41F2FF73C4F20003984222DC40F2FA
:10902000FF73C4F2000398423EDCB0F1804F6BD076
:1090300040F20043C4F2000364E000BF41F2FF735A
:10904000C5F2000398421FDC40F2FF73C5F2000333
:10905000984235DCB0F1A04F56D040F20043C5F243
:1090600000034FE043F2FF33C4F20103984233DCC4
:1090700041F60003C4F20003984245D042F6004393
:10908000C4F201033EE000BF43F2FF33C5F2010327
:1090900098422DDC41F60003C5F20003984233D01C
:1090A00042F600432CE000BF40F60003C4F2000388
:1090B000984229D040F60043C4F2000322E000BFEA
:1090C00040F60003C5F2000398421DD040F600436D
:1090D000C5F2000316E000BF43F20043C4F20103EF
:1090E000984211D044F20003C4F201030AE000BF29
:1090F00044F20003C5F20103984205D043F2004355
:10910000C5F20103984203D1CB6822F440721A439E
:109110004B6922F0800E8A6843EA0E03D1F800C042
:109120000360C26242F6FF32C5F201029042C0F80B
:1091300028C013DC42F60042C4F2010290421FD064
:1091400043F20042C4F20102904219D044F20002FC
:10915000C4F20102904213D014E000BF42F6004274
:10916000C5F2010290420BD044F20002C5F20102A6
:10917000904205D043F20042C5F20102904201D173
:1091800009690163012141610169C90708BF80BD07
:10919000016921F00101016180BD0000FEF7ACBF53
:1091A000FFF70CB880B5816A0A070DD4CA0716D13B
:1091B0008A071FD44A0728D4CA0631D48A063AD46B
:1091C0004A0658D542E000BF0268D0F838C053685C
:1091D00023F4004343EA0C035360CA07E8D0026853
:1091E000D0F82CC0536823F4003343EA0C035360D7
:1091F0008A07DFD50268D0F830C0536823F4803383
:1092000043EA0C0353604A07D6D50268D0F834C04D
:10921000536823F4802343EA0C035360CA06CDD578
:109220000268D0F83CC0936823F4805343EA0C03EF
:1092300093608A06C4D50268D0F840C0936823F4CE
:10924000005343EA0C0393604A0614D50268D0F831
:1092500044C05368BCF5801F23F4801343EA0C0319
:10926000536008D1D2F804C0D0F848E02CF4C00311
:1092700043EA0E035360090658BF80BD0168C06C05
:109280004A6822F400221043486080BDB0B582B025
:1092900004460020C4F89000F9F794FB21680546C5
:1092A0000A68120737D56FF07E4C20464FF4001144
:1092B00000222B46CDF800C000F0C6F950B300BF25
:1092C000206850E8000F216820F0800041E800028B
:1092D000DAB1206850E8000F216820F0800041E8F2
:1092E000000292B1206850E8000F216820F0800051
:1092F00041E800024AB1206850E8000F216820F0E0
:10930000800041E80002002ADAD12020C4F8880059
:1093100060E000BF21680868400761D56FF07E4CAF
:1093200020464FF4800100222B46CDF800C000F00B
:109330008BF9002854D000BF206850E8000F216846
:1093400020F4907041E80002BAB3206850E8000FA2
:10935000216820F4907041E8000272B3206850E860
:10936000000F216820F4907041E800022AB32068C1
:1093700050E8000F216820F4907041E80002002AB4
:10938000DAD11AE0206850E8020F216820F00100CD
:1093900041E80202DAB1206850E8020F216820F0AB
:1093A000010041E8020292B1206850E8020F2168F2
:1093B00020F0010041E802024AB1206850E8020FA3
:1093C000216820F0010041E80202002ADAD12020C1
:1093D000C4F88C000320002184F8841002B0B0BDD2
:1093E0002020C4F88800C4F88C000020E0662067C4
:1093F000002184F8841002B0B0BD000070B50446AE
:1094000004F108052ECD006819432943E669036875
:1094100046F6F315CCF6FF7531432B401943016036
:10942000416840F0805321F440511143416042F2C1
:109430000041A269C5F200418B421CBF236A1A4356
:1094400083684FF2FF45C1F2FF152B401A4382603B
:10945000C26A636A22F00F021A4346F2FF33C4F273
:1094600000039842C2621BDC44F6FF31C4F20001E3
:10947000884231DC44F20041C4F20001884249D004
:1094800044F60001C4F20001884240F0A7800420A5
:109490000021FAF7DDF9B6F5004F52D1A5E000BF83
:1094A00042F2FF32C4F20042904229DC46F200410F
:1094B000C4F20001884235D043F60001C4F2010134
:1094C000884240F08B8001200021FAF7C1F9B6F5FF
:1094D000004F36D189E000BF44F60041C4F20001DC
:1094E000884227D045F20001C4F20001884275D1BC
:1094F00010200021FAF7ACF9B6F5004F21D174E045
:1095000042F20042C4F20042904237D0884265D114
:10951000002035E002200021FAF79AF9B6F5004F55
:109520000FD162E020200021FAF792F9B6F5004F42
:1095300007D15AE008200021FAF78AF9B6F5004F62
:1095400053D0B8B1616A4FF69872C0F6010232F892
:1095500011106268B0FBF1F000EB5200B0FBF2F0CA
:109560004FF6EF72A0F11001914205D82168002555
:10957000C86060E000255EE001255CE04FF48050AB
:1095800000210025FAF764F9002854D0616A4FF6EB
:109590009872C0F6010232F811106268B0FBF1F067
:1095A00002EB42010125884245D31103884242D88B
:1095B000010E000210EB520041F100010023F6F70A
:1095C00067FE4FF6FF42A0F54071C0F20F029142D4
:1095D00030D821680025C8602DE000BF00200021A0
:1095E000FAF736F9B6F5004FABD1F8B1616A4FF62C
:1095F0009872C0F6010232F811106268B0FBF1F007
:10960000510801EB4000B0FBF2F04FF6EF72A0F111
:10961000100191420CD84FF6F0710140C0F34200A6
:1096200022680844D060002505E000BF002502E064
:10963000012500E001254FF00110A0660021284619
:109640006167A16770BD00002DE9F04180460068A8
:109650001546C2690E461140891BB1FA81F14909CC
:10966000A94226D1069C3CB3611C2BD1C169314073
:10967000891BB1FA81F14909A9421CBF0020BDE84C
:10968000F081C1693140891BB1FA81F14909A942D0
:109690000FD1C1693140891BB1FA81F14909A94251
:1096A00007D1C1693140891BB1FA81F14909A94249
:1096B000DCD00020BDE8F081F9F784F90320BDE893
:1096C000F08100BF1F460AE0C0693040801BB0FA3D
:1096D00080F04009A8421CBF0020BDE8F081F9F7E6
:1096E00071F9C01BA04284BF0320BDE8F081D8F807
:1096F000000001684907E7D5402E18BF802EE3D04F
:10970000C16909073CD4C1690905DDD54FF4006181
:10971000016200BF50E8000FD8F8001020F49070EC
:1097200041E80002002A00F0CB80D8F8000050E8A1
:10973000000FD8F8001020F4907041E80002002AD1
:1097400000F0BE80D8F8000050E8000FD8F80010F4
:1097500020F4907041E80002002A00F0B180D8F8AF
:10976000000050E8000FD8F8001020F4907041E895
:109770000002002A00F0A480D8F80000CAE700BF69
:109780000821016250E8000FD8F8001020F4907012
:1097900041E8000222B3D8F8000050E8000FD8F8E2
:1097A000001020F4907041E80002CAB1D8F800001F
:1097B00050E8000FD8F8001020F4907041E8000243
:1097C00072B1D8F8000050E8000FD8F8001020F46B
:1097D000907041E800021AB1D8F80000D2E700BF4B
:1097E0004FF6FE70CEF6FF70D8F8001051E8021F59
:1097F000D8F80020014042E80213F3B1D8F8001075
:1098000051E8021FD8F80020014042E80213A3B13A
:10981000D8F8001051E8021FD8F80020014042E8B3
:10982000021353B1D8F8001051E8021FD8F80020F5
:10983000014042E80213002BD6D1D8F86C00012871
:109840002DD100BFD8F8000050E8000FD8F8001064
:1098500020F0100041E800020AB3D8F8000050E8F8
:10986000000FD8F8001020F0100041E80002B2B15B
:10987000D8F8000050E8000FD8F8001020F01000D1
:1098800041E800025AB1D8F8000050E8000FD8F8BB
:10989000001020F0100041E80002002AD2D1202060
:1098A000C8F88C0000200821C8F86C00C8F87400C3
:1098B000C8F8901088F884000120BDE8F08100BF4E
:1098C0004FF6FE70CEF6FF70D8F8001051E8021F78
:1098D000D8F80020014042E80213F3B1D8F8001094
:1098E00051E8021FD8F80020014042E80213A3B15A
:1098F000D8F8001051E8021FD8F80020014042E8D3
:10990000021353B1D8F8001051E8021FD8F8002014
:10991000014042E80213002BD6D1D8F86C00012890
:109920002DD100BFD8F8000050E8000FD8F8001083
:1099300020F0100041E800020AB3D8F8000050E817
:10994000000FD8F8001020F0100041E80002B2B17A
:10995000D8F8000050E8000FD8F8001020F01000F0
:1099600041E800025AB1D8F8000050E8000FD8F8DA
:10997000001020F0100041E80002002AD2D120207F
:109980000021C8F88C00C8F86C10C8F87410C8F82A
:109990009000032088F88410BDE8F081FEE7000005
:1099A0004EF60C50BFF34F8FCEF200000168042238
:1099B00001F4E061C0F2FA5211430160BFF34F8F2E
:1099C00000BF00BF00BF00BFFAE7000000000000BA
:1099D0002DE9F04F81B02DED108B94B0D0E90076D9
:1099E000D0E90254D0E904CED0E90680CDE90C7666
:1099F000CDE90E54CDE910CECDE912809DED0C0AD3
:109A0000DFEDAC0A40F2680BB4EE600A1C469446E7
:109A1000F1EE10FAC2F2000B36DC9DED0D6AF4EEA9
:109A2000460AF1EE10FA3BDB9DED0E1AF4EE410A08
:109A3000F1EE10FA40DB9DED0F2AF4EE420AF1EE52
:109A400010FA45DB9DED103AF4EE430AF1EE10FA00
:109A50004ADB9DED114AF4EE440AF1EE10FA4FDBB9
:109A60009DED125AF4EE450AF1EE10FA54DB9DED2D
:109A7000137AF4EE470AF1EE10FA59DA0720CDF81E
:109A80000CC0CBF83400A2E0F0EE400A0020CBF886
:109A900034009DED0D6AF4EE460AF1EE10FAC3DAD9
:109AA000F0EE460A0120CBF834009DED0E1AF4EEDC
:109AB000410AF1EE10FABEDAF0EE410A0220CBF8CC
:109AC00034009DED0F2AF4EE420AF1EE10FAB9DAF5
:109AD000F0EE420A0320CBF834009DED103AF4EE8C
:109AE000430AF1EE10FAB4DAF0EE430A0420CBF8A0
:109AF00034009DED114AF4EE440AF1EE10FAAFDAAB
:109B0000F0EE440A0520CBF834009DED125AF4EE35
:109B1000450AF1EE10FAAADAF0EE450A0620CBF873
:109B200034009DED137AF4EE470AF1EE10FAA5DB4E
:109B3000DBF83470012F45DB072F43D00CA87E1EC5
:109B400000EB870300EB8600D3ED000AD3ED011A8A
:109B5000D0ED002A70EEE11A70EEE20AF0EEE11AA2
:109B600040F29C33F0EEE00AC2F20003F4EE601A19
:109B7000F1EE10FAC8BF374607F1010983ED000A7C
:109B8000C7F10702012FCBF82C90CBF830203FDB38
:109B900083ED016A42D0022F83ED021A48DD032FC4
:109BA00083ED032A4ED0042F83ED043A54DD052FB4
:109BB00083ED054A5AD0072F83ED065A60DB83ED0B
:109BC000077A67E0002FCDF80CC000F0FF85DDE9D3
:109BD0000C37DDE90E65DDE910AC0020CBF8300074
:109BE000DDF8488040F29C30DDF84CE04FF0080989
:109BF0000022C2F20000CBF82C90C0E90037C0E987
:109C00000265C0E904ACC0E9068EDDF80CC041E095
:109C100040F23C30C2F2000080ED106A40F23C336A
:109C2000C7F10100C2F2000303EB800080ED101ABF
:109C300040F23C33C7F10200C2F2000303EB8000A4
:109C400080ED102A40F23C33C7F10300C2F200035A
:109C500003EB800080ED103A40F23C33C7F1040082
:109C6000C2F2000303EB800080ED104A40F23C3367
:109C7000C7F10500C2F2000303EB800080ED105A2B
:109C800040F23C33C7F10600C2F2000303EB800050
:109C900080ED107A91ED000A91ED012A91ED021A02
:109CA000A9F10100032809F0030105D20027964617
:109CB00049E000BF00401CC640F29C30C2F20000E8
:109CC00000F12C0629F003050027964616ED0B3A05
:109CD00016ED0A4A22EE036A23EE017A30EE066A96
:109CE00023EE073A64EE010A36EE033A22EE046AE6
:109CF00016ED095A30EE066A24EE204A16ED087A6F
:109D000006ED033A043736EE043A25EE016A22EEF8
:109D1000054A25EE065A22EE076A67EE010A30EE82
:109D2000044A30EE066A27EE207A34EE054A36EE13
:109D3000075A06ED023A06ED014ABD4286ED005A89
:109D400006F11006C2D1C9B340F29C33C2F200033F
:109D500003EB8700012990ED003A22EE034A23EE3F
:109D6000015A30EE044A23EE053A34EE033A80ED10
:109D7000083A23D0781C03EB8000022990ED003ACA
:109D800022EE034A23EE015A30EE044A23EE053A4E
:109D900034EE033A80ED083A10D0B81C03EB800093
:109DA00090ED003A22EE032A23EE011A30EE020A69
:109DB00023EE011A30EE010A80ED080ABEF1010F10
:109DC000C0F29F809CED000A9CED012A9CED021AD6
:109DD000AEF1010003280EF0030101D200224AE097
:109DE00040F23C3540F29C332EF003070026C2F2CD
:109DF0000005C2F200030022A81990ED103A90ED80
:109E0000114A22EE036A23EE017A30EE066A23EE4F
:109E1000073A64EE010A36EE033A22EE046A90ED48
:109E2000125A30EE066A24EE204A90ED137A981901
:109E300080ED103A043236EE043A25EE016A22EE45
:109E4000054A25EE065A22EE076A67EE010A30EE51
:109E5000044A30EE066A27EE207A34EE054A36EEE2
:109E6000075A974280ED113A06F1100680ED124A2A
:109E700080ED135AC0D1002943D040F23C33C2F2E6
:109E8000000303EB820040F29C3790ED103AC2F2DF
:109E9000000722EE034A23EE015A30EE044A23EE75
:109EA000053A07EB820034EE033A012980ED103ABF
:109EB00027D0501C03EB800607EB800096ED103A8C
:109EC000022922EE034A23EE015A30EE044A23EE21
:109ED000053A34EE033A80ED103A12D0901C03EBB1
:109EE000800107EB800091ED103A22EE032A23EE69
:109EF000011A30EE020A23EE011A30EE010A80ED5B
:109F0000100A4FF0000AB9F1050FCBE909AACBF806
:109F100008A0A4BFA9F1040ACBF824A0BEF1050F44
:109F2000A6BFAEF10406CBF828600026CA450DDABC
:109F3000A9EB0A01481E032801F003080CD20022F5
:109F40005546B8F1000F944658D1A0E04FF0000CF0
:109F5000B64500F3A18048E140F29C300AF10405C7
:109F6000C2F20000CDE9008E21F0030800EB85016C
:109F700040F23C3E0023C2F2000E0022039600BFD6
:109F8000A818C61EA0F1020C00EE106A04EE10CA5A
:109F9000CE18B8EEC00A96ED041A96ED052AB8EE72
:109FA000C44A471E30EE410A34EE421A02EE107ADD
:109FB00096ED063AB8EEC22A96ED074A32EE432AEB
:109FC00003EE100A0432B8EEC33A0EEB030033EE90
:109FD000443A904580ED080A03F1100380ED091A18
:109FE00080ED0A2A80ED0B3ACAD1DDE9008E039E8E
:109FF0000AEB0205B8F1000F944648D040F29C30BD
:10A000006F1CC2F2000000EE107A00EB8501B8EE82
:10A01000C00A91ED081A40F23C30C2F2000030EE66
:10A02000410A00EB8201B8F1010F02F1010C81ED50
:10A03000080A2CD040F29C31AB1CC2F2000100EEA9
:10A04000103A01EB8701B8EEC00A91ED081A00EB57
:10A050008C0130EE410AB8F1020F02F1020C81EDE1
:10A06000080A14D0E91C00EE101A40F29C31C2F22A
:10A07000000101EB8301B8EEC00A91ED081A00EB74
:10A080008C0030EE410A02F1030C80ED080ACBF897
:10A0900008C0B64540F3A980AEEB06020396012A3C
:10A0A000D8BF0122501E032802F0030E04D2002262
:10A0B000BEF1000F4ED194E04FF6FC70C7F6FF7072
:10A0C00002EA000640F23C30C2F2000000EB8C07CE
:10A0D00040F29C380025C2F20008002209EB020081
:10A0E000411C00EE101A08EB0501B8EEC00A91ED14
:10A0F000101A831C30EE410A01EE103A91ED112A3C
:10A10000B8EEC11A91ED123A91ED134AC11C31EE2D
:10A11000421A02EE101A7919043081ED080A00EE95
:10A12000100AB8EEC22AB8EEC00A32EE432A043250
:10A1300081ED091A30EE440A964281ED0A2A05F1B2
:10A14000100581ED0B0AC9D10CEB0207BC46BEF12C
:10A15000000F46D0561C40F29C3806EB0900C2F2B4
:10A16000000800EE100A08EB8200B8EEC00A90ED7D
:10A17000101A40F23C35C2F2000530EE410A05EB00
:10A180008C00BEF1010F0CF1010780ED080A28D008
:10A19000931C03EB090000EE100A08EB8600B8EEF2
:10A1A000C00A90ED101A05EB870030EE410ABEF1AF
:10A1B000020F0CF1020780ED080A12D002EB090031
:10A1C000033000EE100A08EB8300B8EEC00A90EDF1
:10A1D000101A05EB870030EE410A0CF1030780ED01
:10A1E000080A039EBC46CBF808709FED538ABCF169
:10A1F000010FB0EE480A41DBACF1010003280CF07E
:10A20000030003D29FED4C0A002220E040F23C32D2
:10A21000C2F200029FED480AA2F110032CF00307DE
:10A22000002200BF93ED0C1A93ED0D2A31EE000AC7
:10A2300093ED0E1A32EE000A93ED0F2A31EE000A6A
:10A24000043232EE000A974203F11003EAD1A8B1BA
:10A2500040F23C31C2F2000101EB8202012892ED92
:10A26000081A31EE000A09D092ED091A022831EEDF
:10A27000000A03D092ED0A1A31EE000A01EE10CA6C
:10A28000B0EE042A0020B8EEC11ACDE90A0080EE33
:10A29000011AB8EE040ACDE90800CDE906000590E0
:10A2A0000490CBF80C00CBF8100031EE000A31EE30
:10A2B000029A8BED011A8BED070AB4EE490A8BED79
:10A2C000089AF1EE10FA80F278820AEB0601C1F1E9
:10A2D0000800002840F352820DF11009F7EE009AB1
:10A2E00001EE100A00F0030E20F00307A9F11000A0
:10A2F0000AF1040501900CA89FED0FEA00EB850020
:10A30000B8EEC18A94ED01AA94ED02BA94ED03CAA5
:10A3100094ED04DA9FEDEA1A9FEDEBFBF0EE4E8A26
:10A32000C1F1070C0AF102060AF101082038009079
:10A33000CDE902AC2AE000BF0000000083EE082A4D
:10A3400010EE100A8BED053ACA46F146B4EE421AF9
:10A350008BED062AC1FE42AAF1EE10FA70FE288AA1
:10A36000F6F7B3F953EC1F2BF5F7EEFFF6F7C0F94C
:10A3700000EE100ACE46D146DDE902ACB4EE409ABA
:10A38000B0EE6A1AF1EE10FA40F3F281B0EE4E2A06
:10A390000020BCF1030FCBF80C00C0F0D580DDE944
:10A3A0000021B0EE4E2A00200AEB000303EE103A23
:10A3B00094ED004AB8EEC33A08EB000333EE403A9E
:10A3C00033EE293A23EE0A5A23EE0B6A34EE054A9D
:10A3D00023EE065A23EE0D6A34EE054A23EE0C5A9C
:10A3E00023EE066A23EE055A23EE066A23EE055A8B
:10A3F00023EE063A34EE054A34EE033A92ED044A6F
:10A4000033EE443A04EE103A32EE032AB8EEC44A70
:10A410008BED032A331834EE404A94ED005A34EEA3
:10A42000294A81ED043A24EE0A6A24EE0B7A35EECD
:10A43000065A24EE076A24EE0D7A35EE065A24EE0B
:10A440000C6A24EE077A24EE066A24EE077A24EEDC
:10A45000066A24EE074A35EE065A35EE044A92EDB6
:10A46000055A34EE454A05EE103A32EE042AB8EEAB
:10A47000C55A8BED032A2B1835EE405A94ED006A2D
:10A4800035EE295A013B81ED054A25EE0A7A65EE43
:10A490000B0A36EE076A25EE207A65EE0D0A36EED7
:10A4A000076A25EE0C7A65EE200A25EE077A65EE3E
:10A4B000200A25EE077A25EE205A36EE076A043088
:10A4C00036EE055A92ED066A874235EE465A06EE9A
:10A4D000103A32EE052AB8EEC66A8BED032A01F176
:10A4E000100336EE406A94ED007A36EE296A81ED6B
:10A4F000065A66EE0A0A66EE0B1A37EE207A66EE08
:10A50000210A66EE0D1A37EE207A66EE0C0A66EE28
:10A51000211A66EE200A66EE211A66EE200A26EE61
:10A52000216A37EE207A37EE066A92ED077A02F159
:10A53000100236EE476A32EE062A81ED076A1946A6
:10A540008BED032A7FF430AFBEF1000F0CAB00F0AF
:10A55000AB8000EB0A0103EE101A94ED004AB8EE4E
:10A56000C33A03EB810133EE403ABEF1010F33EE03
:10A57000293A23EE0A5A23EE0B6A34EE054A23EEFB
:10A58000065A23EE0D6A34EE054A23EE0C5A23EEEA
:10A59000066A23EE055A23EE066A23EE055A23EED9
:10A5A000063A34EE054A34EE033A91ED004A09EBDF
:10A5B000800133EE443A32EE032A81ED003A8BED0E
:10A5C000032A71D0411C01EB0A0203EE102A94ED1C
:10A5D000004AB8EEC33A03EB820233EE403A09EB8D
:10A5E000810133EE293ABEF1020F23EE0A5A23EE1F
:10A5F0000B6A34EE054A23EE065A23EE0D6A34EE5A
:10A60000054A23EE0C5A23EE066A23EE055A23EE82
:10A61000066A23EE055A23EE063A34EE054A34EE76
:10A62000033A92ED004A33EE443A32EE032A81EDCA
:10A63000003A8BED032A37D0023000EB0A0103EE1B
:10A64000101A94ED004AB8EEC33A03EB810133EEE1
:10A65000403A09EB800033EE293A23EE0A5A23EE02
:10A660000B6A34EE054A23EE065A23EE0D6A34EEE9
:10A67000054A23EE0C5A23EE066A23EE055A23EE12
:10A68000066A23EE055A23EE063A34EE054A34EE06
:10A69000033A91ED004A33EE443A32EE032A80ED5C
:10A6A000003A8BED032A00BF82EE082ABCF1030FAB
:10A6B0004FF000008BED042A0AD2B0EE4E3A2FE0A4
:10A6C0000024744900BF00BF9A9999999999C93F8C
:10A6D0000199B0EE4E3A00BF91ED044A91ED055A52
:10A6E00034EE424A91ED066A24EE044A35EE425AAF
:10A6F00091ED077A33EE043A25EE054A36EE425ADA
:10A7000033EE043A25EE054A37EE425A33EE043A68
:10A7100025EE054A043033EE043A10318742DBD18E
:10A72000BEF1000F3FF40AAE09EB8000BEF1010F4D
:10A7300090ED004A34EE424A24EE044A33EE043AE5
:10A740003FF4FCAD90ED014ABEF1020F34EE424AF7
:10A7500024EE044A33EE043A3FF4F0AD90ED024AA1
:10A7600034EE422A22EE022A33EE023AE6E500BF38
:10A77000B2EE040A28EE808A1FE000BF9FED361B70
:10A78000002155EC114B0020C7F6C071CBE9030046
:10A79000CBF81400CBF8181010EE100AF5F795FF5F
:10A7A00022462B46F5F7D0FDF5F7A2FF00EE100A82
:10A7B000B4EE409AF1EE10FAEEDCB0EE480A14B0B6
:10A7C000BDEC108B01B0BDE8F08F00BFB4EE460ABF
:10A7D00040F23C33F1EE10FAC2F200031ED1072022
:10A7E00083ED106ACBF8300083ED111A40F29C30F3
:10A7F00083ED122A4FF0010983ED133AC2F20000F3
:10A8000083ED144ACBF82C9080ED000A072283EDEB
:10A81000155A83ED167AFFF7F8B900BFDDE911CEBE
:10A82000DDE90F654FF0000908200CAFCBE90B9074
:10A8300085CFDDF84C8003F14001C3E915CEDDF88A
:10A840000CC085C1C3E913654FF0080EC3F85C80E6
:10A85000FFF7B8BA00BF00BF9A9999999999C93F73
:10A860002DE9F04140F20810C2F200004168026890
:10A8700040F2D84540F25C10C2F20005C2F200007E
:10A880002960016A6A60C26BA960816BEA60426BF1
:10A89000296101686A61C269A9618169EA614269E5
:10A8A0002962416A6A62826AA962C16AEA62026BCB
:10A8B000296341686A638268A963D0E90310EA6387
:10A8C00040F21012C2F200022964516840F23C26A4
:10A8D000C5E9110140F2F410C2F2000090ED000A47
:10A8E00040F23000C2F20000C2F200060078317877
:10A8F000126841EA004040F26001C2F20001D1F862
:10A900000080BCEEC00A6865404685ED140AEA6422
:10A91000F5F713FD012832DB411E032900F0030C7B
:10A9200002D2002014E000BF20F0030208F101036E
:10A93000002000BF191811F8014C37183C751C5C39
:10A9400004307C754C788242BC758978F975F1D1F8
:10A95000BCF1000F13D018F800103218BCF1010F31
:10A9600011750CD0411C18F801203144BCF1020FC4
:10A970000A7504D0023018F8001030440175D6E989
:10A980000501D6F81E20D6F82230D6F8267000BA77
:10A9900005F1580C09BA12BA1BBA3FBA8CE88F00FD
:10A9A000BDE8F0812DE9F047CCB040F26809C2F271
:10A9B000000999F800100120002989F8010000F031
:10A9C0000D8140F2E010C0F60200D0E900230DF145
:10A9D000C00C44922492826845932593C3684692A2
:10A9E0002692026947932793436948922892D0E9B7
:10A9F00006202993CDE9493240F2B013C0F6020394
:10AA00002A92DA684B902B9018683B921B92D3E9FC
:10AA100001321890CDE9380319933A921A9240F214
:10AA2000C012C0F60202D368106833931393D2E9C0
:10AA300001238CE80D000DF1400C8CE80D0040F274
:10AA40009820C2F20000D0E9093242F20008409397
:10AA5000C3694192026A3E933F92826943693D9283
:10AA6000026B3C93C36A40F2FC34CDE94232D0E938
:10AA70000523C0F603083492C2693593036A3692FF
:10AA8000426A3793836A2C92C26A2D93036B012921
:10AA9000CDE92E23D0E91132C2F200042093C36B1A
:10AAA0002192026C1E931F92826B436B1D92026D6A
:10AAB0001C93C36CCDE92232D0E90D231492C26BF2
:10AAC0001593036C1692426C1793836CCDE90C239B
:10AAD000D0E913200E920F9036D109AF34A838A9CF
:10AAE00004220223009701F0A3F906AF2CA830A995
:10AAF00004220223009701F09BF901AF44A83CA96E
:10AB000008220423009701F093F9DDE90860DDE9EC
:10AB10000A12DDE906370DF1040E84E88F0005986E
:10AB20009EE82050DDF810A0A062404621460B228E
:10AB3000C4E90565C4F81CC0C4E908EA03F02CFBAD
:10AB400099F8001089F80100022943D1002709ADC6
:10AB500014A818A9042202230B97CDE909770095C0
:10AB600001F066F906AD0CA810A90422022308978B
:10AB7000CDE90677009501F05BF90597CDE90377FC
:10AB8000CDE9017701AF24A81CA90822042300976E
:10AB900001F04EF90DF1240E9EE8015006AF44F885
:10ABA0002C0F89CFDDE90312DDE90156C4E901CE9E
:10ABB00004F10C0C8CE8890005982162C4E9092095
:10ABC00008F5005021460B22C4E9065603F0E4FACA
:10ABD00089F8010000204CB0BDE8F08703204CB09C
:10ABE000BDE8F087B0B540F23C24C2F200046078C2
:10ABF000012853D140F21405C2F20005A8680328C9
:10AC00000ED002282CD0012848D140F25440C2F284
:10AC1000000000F045F800F0C1F80320A860B0BDC6
:10AC200040F26800C2F200000078022822D0012819
:10AC300018BFB0BD40F2AC2040F2A00140F2AC021F
:10AC400040F2D003C2F20000C2F20001C2F20002E0
:10AC5000C2F20003FEF7BCFE84ED010AB0BD00BFE6
:10AC600003F0D6FBFFF79EFE00F0CAF80320A860B1
:10AC7000B0BD00BF40F2CC2040F2B80140F2C402A7
:10AC800040F29823C2F20000C2F20001C2F20002B8
:10AC9000C2F20003FEF79CFE84ED020AB0BD000084
:10ACA0002DE9F04381B02DED0A8B90B040F6C858E5
:10ACB0000446C2F2000801206D4688F800002846CC
:10ACC0004021F5F72FFB9FED320BA4F11001A5F108
:10ACD00010079FED31AA55EC104B102691ED04BAE8
:10ACE00091ED05CA1BEE100A91ED069A91ED078AC7
:10ACF00001F11009F5F7E9FC22462B46F5F724FB94
:10AD0000F5F7F6FC47F8100F8BFE0AAA1CEE100AA6
:10AD1000F5F7DBFC22462B46F5F716FBF5F7E8FCCA
:10AD200078608CFE0AAA19EE100AF5F7CEFC2246CE
:10AD30002B46F5F709FBF5F7DBFCB86089FE0A9AAC
:10AD400018EE100AF5F7C1FC22462B46F5F7FCFA7F
:10AD5000F5F7CEFC043E88FE09AA4946F860BDD14D
:10AD600040F22000C2F2000080ED00AA0020C0F6F0
:10AD700003006946102203F00FFA88F8000010B0B3
:10AD8000BDEC0A8B01B0BDE8F08300BF00BF00BF7F
:10AD900033333333333303C00000000070B590B059
:10ADA0000020C0F603006946102203F0A3F840F229
:10ADB00098259DE80F50069CC2F20005079EA965E4
:10ADC000C5F864C0DDE908C16865EA652B66C5F8A9
:10ADD00068E0C5E91B46DDE90D540AAE40F23C309F
:10ADE0004CCEC2F20000DDF83CE0C0E900C100F149
:10ADF00008014CC1C0E90554C0F81CE010B070BD9A
:10AE00002DE9F0418CB042F20005C0F603050DF1CA
:10AE10000408284641460B2203F06CF801AC40F2CE
:10AE200068061FCCC2F20006069F06F1380C8CE8BB
:10AE30009F0007AF8FCF06F1680C8CE88F0005F5F7
:10AE4000005041460B2203F055F801AF8FCF069D0D
:10AE500006F1500C8CE88F0007AB75660FCB40F203
:10AE600098270B9EC2F2000787E80F0001203E6181
:10AE70000CB0BDE8F081000010B582B00C460DF1B9
:10AE800002022821062300F093FA08B102B010BD97
:10AE9000BDF80210019A2180C4F8022002B010BD52
:10AEA00010B582B00C460DF102022221062300F0FB
:10AEB0007FFA08B102B010BDBDF80210019A2180DE
:10AEC000C4F8022002B010BDB0B582B00D460DF13D
:10AED000070212210123044600F06AFA10B102B001
:10AEE000B0BD00BF9DF8070005F0010100F0BF00F4
:10AEF00040EA81100DF107028DF80700204612216B
:10AF0000012300F08DFB02B0B0BD00000A460F2106
:10AF1000012300F04DBA0000B0B582B00D460DF12E
:10AF200007020A210123044600F042FA10B102B0E0
:10AF3000B0BD00BF9DF8070005F0070100F0F80064
:10AF400008448DF807000DF1070220460A2101236D
:10AF500000F066FB02B0B0BDF0B581B00E460DF159
:10AF6000020201210123044600F022FA10B1054635
:10AF700028E000BF9DF80200022767F39F108DF8BC
:10AF800002000DF1020220460121012300F048FBDE
:10AF90000546B8B90DF1010220464421012300F015
:10AFA00007FA05469DF801003178C0F3400201F030
:10AFB000F801114407EAD002042303EAD000114447
:10AFC000084430700DF1030220460121012300F0F6
:10AFD000EFF918B1284401B0F0BD00BF9DF803009F
:10AFE0000DF1030200F03F008DF80300204601211F
:10AFF000012300F015FB284401B0F0BD2DE9F0411C
:10B0000082B00D460DF1060201210123044600F035
:10B01000CFF908B1064630E09DF80600022767F335
:10B020009F108DF806000DF1060220460121012334
:10B0300000F0F6FA064600BB0DF105082046442153
:10B040004246012300F0B4F907EA450105F0020287
:10B0500041EAC20106469DF8050005F0040241EAF6
:10B06000C20100F0CD0008448DF8050020464421BF
:10B070004246012300F0D4FA06440DF107022046AF
:10B080000121012300F094F920B1304402B0BDE861
:10B09000F08100BF9DF807000DF1070200F03F00AE
:10B0A0008DF8070020460121012300F0B9FA304451
:10B0B00002B0BDE8F0810000B0B582B00D460DF1E0
:10B0C000070215210123044600F072F910B102B005
:10B0D000B0BD00BF9DF8070005F0070100F08F002C
:10B0E00040EA01100DF107028DF8070020461521F6
:10B0F000012300F095FA02B0B0BD0000B0B582B0F7
:10B100000D460DF1070216210123044600F050F907
:10B1100010B102B0B0BD00BF9DF8070005F00101FD
:10B1200000F0FE0008448DF807000DF107022046EC
:10B130001621012300F074FA02B0B0BDF0B581B061
:10B140000DF101060D46132132460123044600F09D
:10B150002FF99DF8011005F0010201F0F70141EA15
:10B16000C20107468DF80110204613213246012303
:10B1700000F056FAC01901D001B0F0BD0DF1030680
:10B18000204663213246012300F012F99DF8031096
:10B1900005F00C0201F0CF0141EA820107468DF86B
:10B1A0000310204663213246012300F039FAC0190A
:10B1B000E2D10DF1020620466F213246012300F054
:10B1C000F7F89DF8021005F0020201F0BF0141EA14
:10B1D000421105468DF8021020466F2132460123A8
:10B1E00000F01EFA284401B0F0BD0000B0B582B0F6
:10B1F0000D460DF1070217210123044600F0D8F88F
:10B2000010B102B0B0BD00BF9DF807000DF10702FC
:10B2100000F01F0040EA451017218DF80700204676
:10B22000012300F0FDF902B0B0BD0000B0B582B05E
:10B230000D460DF1070218210123044600F0B8F86D
:10B2400010B102B0B0BD00BF9DF8070005F00101CC
:10B2500000F0F70040EAC1000DF107028DF8070089
:10B2600020461821012300F0DBF902B0B0BD000038
:10B2700010B582B00C460DF107021E21012300F02B
:10B2800097F808B102B010BD21789DF8072001F0B1
:10B29000F80102F007021144217002B010BD000055
:10B2A00000EE100A9FED031AB8EEC00A20EE010A64
:10B2B000704700BF00008C4200EE100A9FED031A99
:10B2C000B8EEC00A20EE010A704700BF23DBF93D4B
:10B2D00000EE100A9FED051AB8EEC00A20EE010A32
:10B2E000B3EE091A30EE010A704700BF0000803B40
:10B2F000F0B581B00DF103060D4611213246012350
:10B30000044600F055F807469DF8030005F00F01CC
:10B3100000F0F00008448DF8030020461121324669
:10B32000012300F07DF9C01902D001B0F0BD00BFCB
:10B330000020B0EB151FF8D02F090DF102052046B3
:10B3400062212A46012300F033F806469DF80200E8
:10B3500007F0030100F0FC0008448DF802002046CD
:10B3600062212A46012300F05BF9304401B0F0BDB0
:10B37000B0B582B00D460DF1070215210123044638
:10B3800000F016F810B102B0B0BD00BF9DF8070084
:10B3900005F00F0100F0F00008448DF807000DF1F2
:10B3A000070220461521012300F03AF902B0B0BD92
:10B3B00080B5D0F80CC0D0F804E06046F446BDE893
:10B3C0008040604770B582B00C460DF10602122134
:10B3D00001230546FFF7ECFF06460DF1070228465C
:10B3E00001210123FFF7E4FF801901D002B070BDF5
:10B3F0009DF806109DF807308A0042EA9111C3F3C8
:10B40000800201F006010A44042A05D80021DFE881
:10B4100002F0040307030B000121217002B070BD8C
:10B420000221217002B070BD0421217002B070BDF4
:10B4300070B582B00D460DF10602122101230446BB
:10B44000FFF7B6FF06460DF1070220460121012352
:10B45000FFF7AEFF801901D002B070BD69089DF8FA
:10B46000060041EA451100F07E0001F08101084428
:10B470009DF8071005F0010201F0FB0141EA82018D
:10B480008DF806008DF807100DF1060220461221F6
:10B49000012300F0C5F805460DF107022046012101
:10B4A000012300F0BDF8284402B070BD70B582B031
:10B4B0000D460DF10602012101230446FFF778FF36
:10B4C00010B102B070BD00BF9DF80600022161F30B
:10B4D0009F108DF806000DF1060220460121012380
:10B4E00000F09EF80028ECD10DF1050220465E2107
:10B4F0000123FFF75DFF064688B99DF8050005F0BA
:10B50000070100F0C70040EAC1000DF105028DF807
:10B51000050020465E21012300F082F806460DF169
:10B520000702204601210123FFF742FF10B13044FA
:10B5300002B070BD9DF807000DF1070200F03F005A
:10B540008DF8070020460121012300F069F83044FE
:10B5500002B070BD70B582B00D460DF1060201213A
:10B5600001230446FFF724FF10B102B070BD00BFF5
:10B570009DF80600022161F39F108DF806000DF181
:10B58000060220460121012300F04AF80028ECD1F0
:10B590000DF10502204604210123FFF709FF0646AD
:10B5A00088B99DF8050005F0010100F0FD0040EAB2
:10B5B00041000DF105028DF805002046042101230C
:10B5C00000F02EF806460DF1070220460121012366
:10B5D000FFF7EEFE10B1304402B070BD9DF80700D9
:10B5E0000DF1070200F03F008DF807002046012111
:10B5F000012300F015F8304402B070BD10B582B0E0
:10B600000C460DF1060220210223FFF7D1FE08B1FE
:10B6100002B010BDBDF80610218002B010BD0000C0
:10B6200080B5D0F80CC0D0F800E06046F446BDE824
:10B6300080406047F0B581B00D460DF10302102146
:10B6400001230446FFF7B4FE10B101B0F0BD00BF06
:10B650009DF8030005F00F0100F0F00008448DF89C
:10B6600003000DF10302204610210123FFF7D8FF4C
:10B670000028EAD10020B0EB151FE6D02F090DF10C
:10B680000205204662212A460123FFF791FE064665
:10B690009DF8020007F0030100F0FC0008448DF85B
:10B6A0000200204662212A460123FFF7B9FF3044F9
:10B6B00001B0F0BDB0B582B00D460DF10702172103
:10B6C00001230446FFF774FE10B102B0B0BD00BF05
:10B6D0009DF8070005F0030100F0FC0008448DF818
:10B6E00007000DF10702204617210123FFF798FFFD
:10B6F00002B0B0BDB4B062B6F7F7DEFCFDF7DAFA1F
:10B700006C4604F10800C821F4F70CFE4FF0C0515C
:10B71000009103210C9108210D91802100200E91B0
:10B720000C210190CDE9121014904FF48030159047
:10B73000102002252C902046CDE90F5511952B9510
:10B74000F8F7E8FD10B172B6FEE700BF4FF600084B
:10B75000C0F60308FCF754FEFCF720FEFCF7E2FD00
:10B76000FCF7FCFEFCF744FFFCF778FFFDF756F80A
:10B77000FDF79AF8FCF7A8FFFCF7E6FFFDF724F8C1
:10B78000FCF7FCFDFCF722FFFCF7B6FDF7F736FDF2
:10B790004FF60006C0F6FF0606F10B0002904FF4CC
:10B7A0004070012403906846ADF800400196F7F719
:10B7B000FFFC0420F7F736FD306840F23C27C2F268
:10B7C0000007C7F81E004FF60400C0F6FF0000682F
:10B7D000C7F822004FF60800C0F6FF000068C7F85F
:10B7E0002600FCF7F9F9F8606420F6F70DFA4046F8
:10B7F00002F0B6FB40F21406C2F200063070FFF70A
:10B80000CDFAFFF7FDFAA8F51840311D012202F02C
:10B8100071FB40F60000C4F2022008210122F7F774
:10B82000CBF8307840F26801C2F200010128B46020
:10B830000D7009D0694640460122009402F092FB47
:10B84000404602F08DFB3070C820F6F7DDF9F5F7C1
:10B8500089F940F6C430C2F20000FBF79FFB40F2CA
:10B86000E86A40F2E90440F2F40840F2181940F2A4
:10B87000300B40F2D8450026C2F2000AC2F20004A2
:10B88000C2F20008C2F20009C2F2000BC2F20005C7
:10B89000F86A012806D1FE62CAF8006000F07CFE5A
:10B8A000FFF7A0F9386B01281CD1F8683E63012826
:10B8B00008BF01F065F9207850B1012812D1D8F8FD
:10B8C000000001281EDC484601F086FF0AE000BFA8
:10B8D00040F2E800C2F200000670C8F8006001F013
:10B8E00045FF00BFB86B0128D2D13E61BE63FEF7B1
:10B8F000B7FF9BF80000294601F0CEFF01F092FC53
:10B90000C6E700BF40F2E800C2F200000221017069
:10B9100001F02CFF40F21010C2F20000007899F8FC
:10B9200000108842DED140F21010C2F200004078D0
:10B9300099F801108842D5D140F21010C2F20000EF
:10B94000807899F802108842CCD140F21010C2F2EF
:10B950000000C07899F803108842C3D140F25C011E
:10B960000120C2F2000126703E700870BAE70000A4
:10B97000B0B58AB040F2A015C2F2000540F608103A
:10B9800005F11803C2F200006A464021F6F780FA7A
:10B990000099BDF80E2088B2A98040F23801C2F2A9
:10B9A00000010978EA8001F50073984216D1687E9B
:10B9B000EB7E297EAA7E034381F0010443EA020064
:10B9C000204319D100212B7F6A7F52EA03041FD044
:10B9D000012B08BF002A21D101221AE001F5407194
:10B9E000884227D1D5E9060140F21812C2F20002BE
:10B9F000106051600AB0B0BD82F0010219431143DA
:10BA0000B1FA81F149092B7F6A7F52EA0304DFD141
:10BA1000002240F2E903C2F200031A70AB7FEA7F12
:10BA2000012B08BF002A09D0022B08BF002A0BD126
:10BA3000022204E0C0B30AB0B0BD00BF012240F250
:10BA40006803C2F200031A700246002818BF0122E0
:10BA50000A4319D0B0FA80F0400981F0010108438F
:10BA60001AD040F6C850C2F200000021017040F226
:10BA70006900C2F20000017040F21C00C2F2000036
:10BA8000032101600AB0B0BD40F21C00C2F2000008
:10BA9000012101600AB0B0BD40F21C00C2F20000FA
:10BAA000022101600AB0B0BD297E687E012908BF6D
:10BAB000052813D0022908BF05281BD0802908BFFC
:10BAC000052819D0812908BF052817D0822902BF6F
:10BAD00005280020A8600AB0B0BD00BF0520A860FE
:10BAE00040F60410C2F200000021017029700AB073
:10BAF000B0BD00BF042002E07F2000E00020A8606D
:10BB00000AB0B0BD10B58AB040F2A014C2F2000471
:10BB100040F6081004F11803C2F200006A46412101
:10BB2000F6F7B6F940F238010098C2F20001097840
:10BB300082B201F5E0618A42BDF80E10A080E1807A
:10BB400023D140F60010C2F200000021016040F64F
:10BB50000410C2F200000170207840F2505201211E
:10BB6000C2F20002117038B101280CD1A068002186
:10BB700040F0800004E000BFA068012120F08000B8
:10BB8000A060A0702170012060700AB010BD00009C
:10BB90002DE9F04F83B040F2E806C2F20006002122
:10BBA00040F21A64318131717171C2F20004B4F84B
:10BBB000009040F2515BB9F1000FC2F2000B4FF060
:10BBC0000005B17117D0002208E000BF1BF8050086
:10BBD00005280ED00132D5B2A9450CD905EB0B00D2
:10BBE0004778012FF6D18778E22FEFD1C07800286F
:10BBF000ECD10120707140F6385AC2F2000AAAF85E
:10BC00001C10CAE90011CAE90211CAE90411CAF8F4
:10BC100018107079012840F097801BF805200BEB75
:10BC20000501022AA2F10103B27109D3901E032873
:10BC300003F003000AD200274FF0000C88BB40E05D
:10BC4000FF209145307142D07EE000BFCDE9000376
:10BC500023F0030046424C1C00276FF003000291C2
:10BC600004EB000898F803C098F8041098F805E071
:10BC70006744043098F80630394437187144043763
:10BC800001EB0307ECD100F1040CDDE9000340F205
:10BC9000E80640F21A640299C2F20006C2F20004F9
:10BCA00078B10CEB050E1BF80EC00128674408D0D4
:10BCB000DE449EF801C0022867441CBF9EF80200C3
:10BCC0000744F843C0B23781914530713CD12B44D1
:10BCD0001BF80330834237D140F600055046C4F2CA
:10BCE0000225F4F706FB0020208040F25150C2F2FA
:10BCF0000000C821F4F716FB9AF801209AF8021008
:10BD00009AF80300012A03D1E22908BF002839D09C
:10BD10009AF8003082F0010283F005031A4381F0A3
:10BD2000D4011143B1FA81F14FEA511190B989B1AF
:10BD3000284602210122F6F73FFEF168002030611B
:10BD4000481CF0603FE000BF0020208003B0BDE849
:10BD5000F08F00BF143818BF012081F001010843A3
:10BD600020D12846022100220024F6F725FE706922
:10BD7000411C0F28C6E9044125DB03203080746193
:10BD800021E000BF0AF104030FCBC6E90823C6E98E
:10BD90000A01284602210122F6F70EFE002030613A
:10BDA00011E000BF3069411C022831610BDB002427
:10BDB0002846022100223461C6E90844C6E90A4443
:10BDC000F6F7FAFD747040F25C00C2F20000012147
:10BDD00000230170284604210022B36103B0BDE8AE
:10BDE000F04FF6F7E9BD000080B584B09C460B46E5
:10BDF0004FF47A7100920291D7211A460123CDF8AF
:10BE000004C0F6F785FE002004B080BD80B584B084
:10BE10009C460B464FF47A7100920291D7211A4644
:10BE20000123CDF804C0F6F795FF002004B080BDD3
:10BE30002DE9F04F81B02DED088B92B0CDE90D12B8
:10BE400024999B460391042101EB83060C90304614
:10BE500003F06CFF8246304603F068FFBBF1000F31
:10BE6000079000F18D83AAF104074FF0FF343D469F
:10BE7000304603F05BFF314645F8040FF4F752FA01
:10BE80000134A345F4D1BBF1000F00F179830BF12C
:10BE9000010000F001019FED7CAA0B9120F001014F
:10BEA00000240290CDF818A0CDF828B00197119188
:10BEB0000AE000BFDDE9054A049880ED00BA5C4560
:10BEC00004F1010400F0CC800E98002201280798AC
:10BED00040F82420F3DB079800EB84000490204610
:10BEE000F4F7D5FB5AF8242041EC180BB0EE4ABA0F
:10BEF0000594A2F1080000240892099011E000BF07
:10BF00000D98109C0F9900EB840000EE101A90ED34
:10BF1000001A0E9821EE000A01343BEE00BA84426A
:10BF2000C8D00C9800EB840650F82400F4F7CDFB41
:10BF3000B0EE481A41EC100BF0EE681A02F07CFFEC
:10BF400051EC100BF4F7D4FB0546F4F7BEFB814629
:10BF5000BBF1000F8A464FF00008CDE90F5452D0D4
:10BF6000099D00BF3068F4F7B0FB41EC190B404667
:10BF7000F4F78DFBB0EE490A41EC110BF0EE690AC3
:10BF800002F05AFF51EC100B4A465346F4F783FA7D
:10BF9000834655F8080F0C46F4F797FB02460B460C
:10BFA00058462146F4F7D0F9F4F7A2FB2860306830
:10BFB000F4F78BFB41EC190B08F10100F4F767FB78
:10BFC000B0EE490A41EC110BF0EE690A02F034FFC1
:10BFD00051EC100B4A465346F4F75DFA0446686884
:10BFE0000F46F4F772FB02460B4620463946F4F73B
:10BFF000ABF9F4F77DFB119908F10208414568603F
:10C00000B0D1DDF828B00B9800283FF479AF306844
:10C01000F4F75BFB41EC190B4046F4F738FBB0EE4C
:10C02000490A41EC110BF0EE690A02F005FF51ECF0
:10C03000100B4A465346F4F72EFA089D044655F86D
:10C0400028000F46F4F741FB02460B4620463946CE
:10C05000F4F77AF9F4F74CFB45F8280050E700BFF5
:10C060000298BBF1000F00F18B82ABF101010B9143
:10C0700000F0030120F0030009910590AAF11000DF
:10C080000024089005E000BF00000000DE4500F03D
:10C09000A981A646A34504F10104F7DD5AF82E90C4
:10C0A000ABEB0E0009EB8E0810F0030598ED000ACB
:10C0B000B0EEC00A3CD05AF82400774600EB8E0060
:10C0C00090ED001A0EF10200B0EEC11AB4EE401A63
:10C0D00081FE000AF1EE10FAC8BF2746012D29D0D3
:10C0E0005AF8201001EB8E0191ED001AB0EEC11A42
:10C0F000B4EE401A81FE000AF1EE10FAC8BF0746FE
:10C10000022D0EF1030015D05AF8201001EB8E011C
:10C1100091ED001AB0EEC11AB4EE401A81FE000A89
:10C12000F1EE10FAC8BF07460EF1040002E000BFAE
:10C13000204677460B99A1EB0E010329119145D3B7
:10C14000089901EB800100BF51F8102F02EB8E021D
:10C1500092ED001A4A68B0EEC11AB4EE401A02EB32
:10C160008E0281FE000AF1EE10FAC8BF07468B6806
:10C1700092ED002ACA6803EB8E03B0EEC21A02EBFE
:10C180008E0293ED002AB4EE401A81FE000AB0EE52
:10C19000C21A92ED002AF1EE10FAC8BF471CB4EEA5
:10C1A000401A81FE000AB0EEC21AF1EE10FAC8BFC2
:10C1B000871CB4EE401AC21C81FE000AF1EE10FA90
:10C1C000C8BF17465A4500F10400BDD1774550D08D
:10C1D0005AF82700BBF1030F109001D200211CE098
:10C1E000DDF814C0A9F11002A0F11003002100BF76
:10C1F00052F8106F53F8100F04318C4510601E6018
:10C200005868566850605E609868966890609E6056
:10C21000D868D668D060DE60EAD1099B109EFBB179
:10C2200056F8210059F82120012B49F8210046F841
:10C23000212015D0481C56F8202059F8203049F804
:10C240002020099A46F82030022A09D0881C56F886
:10C25000201059F8202049F8201046F8202000BF6F
:10C26000079A52F8270052F82E1042F82E0042F892
:10C270002710DE45BFF60AAF07980EF1020200EB69
:10C280008E0709EB8400109009EB82000E900EF1EE
:10C2900003000D9009EB80000C90A9F110000F90A5
:10C2A000204615E0079B97ED001A03EB800320EE74
:10C2B000010A93ED001ADDF828B031EE400ADDF8EE
:10C2C00018A0584583ED000A00F101003FF4DEAEEE
:10C2D0005AF8203098ED002A03EB8E06DE4596EDE5
:10C2E000001A81EE020A20EE022A31EE421A86ED91
:10C2F000001AD7D07646ADB3109903EB840691EDC2
:10C30000001A96ED002A20EE011A012D32EE411A94
:10C3100086ED001A264625D00E9903EB820691ED94
:10C32000001A96ED002A20EE011A022D32EE411A73
:10C3300086ED001A164615D00D99AC4625461446D2
:10C340000C9A03EB810692ED001A96ED002A20EE7E
:10C35000011A224632EE411A2C46654686ED001A35
:10C360000E4600BF119903299CD30A99DDF83C9031
:10C37000A1EB060A4FEA860B103B00BF09EB0B0648
:10C3800096ED051A03EB0B0C20EE011A9CED052A25
:10C39000BAF1040A32EE411A9CED062A8CED051A18
:10C3A00003F1100396ED061A09F1100920EE011AA7
:10C3B00032EE411A9CED072A8CED061A96ED071A0B
:10C3C00020EE011A32EE411A9CED082A8CED071A74
:10C3D00096ED081A20EE011A32EE411A8CED081A79
:10C3E000CCD15FE7DDF80CE0BBF1000F00F1BC80C1
:10C3F000AEF1100C4FF00008D94607E0B9F1000F7C
:10C40000A9F1010908F1010840F3AE805AF829604A
:10C41000079806EB890300EB890093ED001A90ED75
:10C42000000A0EEB890780EE010AD94587ED000A64
:10C43000E4DA18F0030E49D0039A09F1010506EB7E
:10C44000850402EB850094ED001A90ED002ABEF100
:10C45000010F21EE021A93ED002A81EE021A30EE4E
:10C46000410A87ED000A2AD009F1020506EB850092
:10C4700002EB850190ED001A91ED002ABEF1020F4A
:10C4800021EE021A93ED002A81EE021A30EE410AE3
:10C4900087ED000A13D009F1030506EB850002EBD6
:10C4A000850190ED001A91ED002A21EE021A93ED1C
:10C4B000002A81EE021A30EE410A87ED000A964604
:10C4C000A8F10100032899D307E000BFDDF80CE0D4
:10C4D0004D46A8F10100032890D3ABEB0504AD0055
:10C4E000103E60467119421991ED051A92ED052A28
:10C4F000043C21EE021A93ED002A00F1100081EEB7
:10C50000021A06F1100630EE410A87ED000A91ED9D
:10C51000061A92ED062A21EE021A93ED002A81EE08
:10C52000021A30EE410A87ED000A91ED071A92EDEA
:10C53000072A21EE021A93ED002A81EE021A30EE4C
:10C54000410A87ED000A91ED081A92ED082A21EEC2
:10C55000021A93ED002A81EE021A30EE410A87EDAD
:10C56000000ABFD14AE700BFDDE90145BBF1000F7A
:10C5700006D400BF54F8040F03F0B0FB013DF9D11D
:10C58000504603F0ABFB079812B0BDEC088B01B02E
:10C59000BDE8F04F03F0A2BB2DE9F04F81B02DEDC7
:10C5A000048B90B001200821F4F72EFABCEEC00AEB
:10C5B00040F25418C2F20008012088ED020A182146
:10C5C000F4F722FABCEEC00A0120282188ED030A04
:10C5D000F4F71AFABCEEC00A0120382188ED040AEB
:10C5E000F4F712FABCEEC00A0120482188ED050AD2
:10C5F000F4F70AFABCEEC00A0120582188ED060AB9
:10C60000F4F702FABCEEC00A0120682188ED070A9F
:10C61000F4F7FAF9BCEEC00A0120782188ED080A87
:10C62000F4F7F2F9BCEEC00A0120082188ED090AEE
:10C63000F4F740FABCEEC00A0120182188ED0A0A7E
:10C64000F4F738FABCEEC00A0120282188ED0B0A65
:10C65000F4F730FABCEEC00A0120382188ED0C0A4C
:10C66000F4F728FABCEEC00A0120482188ED0D0A33
:10C67000F4F720FABCEEC00A0120582188ED0E0A1A
:10C68000F4F718FABCEEC00A0120682188ED0F0A01
:10C69000F4F710FABCEEC00A0120782188ED100AE8
:10C6A000F4F708FABCEEC00AD8F8280088ED110AA1
:10C6B00010EE105AF3F7FCFF9FEDF70B5BEC106BDD
:10C6C0005B463246F3F7E7FE9FEDF50B57EC104B58
:10C6D0003B462246F3F751FFF4F70AF840F294493B
:10C6E000C2F200090F90C9F800002846F3F7E0FFF6
:10C6F00032465B46F3F7CFFE22463B46F3F73DFF5B
:10C70000F3F7F6FF01460E90D8F84000C9F8041080
:10C71000F3F7CEFF32465B46F3F7BDFE22463B46BB
:10C72000F3F72BFFF3F7E4FF01460D90D8F83C0038
:10C73000C9F80810F3F7BCFF32465B46F3F7ABFECF
:10C7400022463B46F3F719FFF3F7D2FF0C90C9F8E6
:10C750000C00D8F80800D8F81C10D8E908A50891F2
:10C76000F3F7A6FF32465B46F3F795FE22463B46BB
:10C77000F3F703FFF3F7BCFF0B90C9F8100028464E
:10C78000F3F796FF32465B46F3F785FE22463B46BB
:10C79000F3F7F3FEF3F7ACFF0A90C9F81400504624
:10C7A000F3F786FF32465B46F3F775FE22463B46BB
:10C7B000F3F7E3FEF3F79CFF0990C9F81800089817
:10C7C000CA46F3F775FF32465B46F3F764FE22462E
:10C7D0003B46F3F7D2FEF3F78BFF01460890D8F8FB
:10C7E0002C00C9F81C10F3F763FF32465B46F3F7E1
:10C7F00052FE22463B46F3F7C0FEF3F779FF0146AF
:10C800000790D8F83000C9F82010F3F751FF3246EE
:10C810005B46F3F740FE22463B46F3F7AEFEF3F7E6
:10C8200067FF01460690D8F83400C9F82410F3F7E2
:10C830003FFF32465B46F3F72EFE22463B46F3F7B8
:10C840009CFEF3F755FF01460590D8F83800C9F86B
:10C850002810F3F72DFF32465B46F3F71CFE224605
:10C860003B46F3F78AFEF3F743FFD8F81410049021
:10C87000C9F82C00D8E903050191D8F818100291E5
:10C88000F3F716FF32465B46F3F705FE22463B46BA
:10C89000F3F773FEF3F72CFF0390C9F83000284636
:10C8A000F3F706FF32465B46F3F7F5FD22463B46BB
:10C8B000F3F763FEF3F71CFF8146CAF834000198D2
:10C8C000F3F7F6FE32465B46F3F7E5FD22463B46BC
:10C8D000F3F753FEF3F70CFF0546CAF83800029849
:10C8E000F3F7E6FE32465B46F3F7D5FD22463B46BC
:10C8F000F3F743FEF3F7FCFE40F23D22C2F20002E2
:10C90000127840F25441002A0E9AC2F200014A60A5
:10C910000D9ACAF83C008A600C9A0F9BCA60089A6C
:10C920000B600A61099AC1E90D594A610A9A8A6144
:10C930000B9ACA61079A0A62069A4A62059A8A6243
:10C94000049AC1E90B200398C8630DD198F8000040
:10C950000130C1B2152988F8000005D340F23D210D
:10C960000120C2F2000108709FED4F0B0026B0EECF
:10C97000008AC8F8046040F2944440F2AC2840F2C7
:10C98000EC2940F2544B55EC10ABC2F20004C2F259
:10C990000008C2F20009C2F2000B23E040F21800C6
:10C9A000C2F2000090ED001A0027B4EE410A40F6F2
:10C9B0000000F1EE10FAC8BF0127C4F202200421E2
:10C9C0003A46F5F7F9FF40F2D440C2F20000077092
:10C9D0000136043408F1040809F10409102E0BF1A2
:10C9E000040B51D0082E03D2404649460EE000BF4A
:10C9F0006FF01F0000EB860040F23C3140F2CC2289
:10CA0000C2F20001C2F20002014410449BED009A00
:10CA100091ED001A94ED000A39EE411AB4EE480A7D
:10CA200080ED001A002710EE100AF1EE10FAB8BFE0
:10CA30000127F3F74AFE52462B46F3F70DFE40F26C
:10CA40003D21C2F20001002818BF012009783843B7
:10CA5000012940F23C21C2F200010870B8D140F235
:10CA60005410C2F2000090ED010AB4EE409AF1EECB
:10CA700010FA93DD40F25410B0EE490AC2F2000001
:10CA800080ED019A8AE700BF10B0BDEC048B01B0C5
:10CA9000BDE8F08F00BF00BF0000000000001440A0
:10CAA000000000C0FFFF5F4166666666666606407E
:10CAB00010B582B000240020C4F202248DF80500D5
:10CAC00020460821F5F772FF48B100BF0120F5F7B5
:10CAD0009BF820460821F5F769FF0028F6D140F6BB
:10CAE000C0141020C2F20004ADF806000DF10601DA
:10CAF000204602220A23F9F7A7FD0120F5F784F862
:10CB00000DF10501204601220A23F9F733FA9DF8B9
:10CB10000500000902B010BD10B582B040F6000457
:10CB20000020C4F202248DF8050020464021F5F7CC
:10CB30003DFF40B10120F5F767F820464021F5F7A9
:10CB400035FF0028F6D140F650241020C2F2000430
:10CB5000ADF806000DF10601204602220A23F9F77E
:10CB600073FD0120F5F750F80DF105012046012273
:10CB70000A23F9F7FFF99DF80500000902B010BD7E
:10CB80002DE9F04F81B02DED028B82B040F20C34D4
:10CB9000C2F2000404F1200801A94046FEF768FB38
:10CBA0009DF8041040F2C016C807C2F2000607D173
:10CBB000880755D4480778D496ED0D0A85E000BF64
:10CBC0000020374647F8740FB88040463946FEF7D4
:10CBD00053F9B7F90000FEF76FFB10EE100AF3F7F8
:10CBE00074FD9FED730B59EC10AB4B465246F3F7B7
:10CBF000C4FC9FED710B5BEC105B5B462A46F3F7C0
:10CC00004AFCF3F775FDB7F90210A0600846FEF77D
:10CC100053FB10EE100AF3F758FD52464B46F3F75C
:10CC2000ACFC2A465B46F3F736FCF3F761FDB7F937
:10CC30000410E0600846FEF73FFB10EE100AF3F721
:10CC400044FD52464B46F3F798FC2A465B46F3F701
:10CC500022FCF3F74DFD9DF8041020618807A9D54B
:10CC60000020A080206040462146FEF719F9B4F963
:10CC70000000FEF715FB9FED528AB4F9020080EE2A
:10CC8000080A84ED050AFEF70BFB80EE080AB4F9EA
:10CC9000040084ED060AFEF703FB80EE080A9DF807
:10CCA000041084ED070A480786D50020354625F88C
:10CCB000020F40462946FEF7A1FCB5F90000FEF739
:10CCC00007FB05F1320080ED000A40F20C0086ED12
:10CCD000070AC2F20000B7EE000A94ED065A90ED82
:10CCE000006A94ED051A94ED077A70EE462A65EE17
:10CCF000063A86ED125A86ED111A96ED0C5A94ED0D
:10CD0000022A61EE060A96ED0A0AD6ED0B1A86EDA6
:10CD1000137A86ED0E2A27EE061A96ED087A22EE91
:10CD2000855A22EE800A62EEA11A31EE051A22EE31
:10CD3000062A22EE875A94ED033A94ED044A30EE27
:10CD4000800A73EEA10AD6ED093A72EE051A90ED4B
:10CD5000015A86ED0F3A86ED104A23EE062A22EE9E
:10CD6000A33A24EE064A22EE855A32EE032A74EEE6
:10CD7000052A06F1580186ED140AC6ED150A86ED5E
:10CD80000A0AC6ED0B0A86ED0C1A81EC041AC6EDF0
:10CD9000081A86ED092AC0ED012AFAF791FF02B0C0
:10CDA000BDEC028B01B0BDE8F08F00BF00BF00BF3B
:10CDB0000000000000408F409A999999999923406A
:10CDC00000007A442DE9F04F85B040F2E460C2F2F1
:10CDD0000000058840F2E809002DC2F2000900F0C9
:10CDE0001B8240F21401C2F2000191F800C040F22F
:10CDF0001C678CF03F004FF6B07B40F2B00A019008
:10CE00008CF0FF000024C2F20007C0F6010BC0F650
:10CE1000020A00230390CDF810C0029505E000BF80
:10CE20000133DCB2A54240F2F7813A5D39197E2A1E
:10CE300036D0BB2AF4D14A78DD2AF1D18A7862450E
:10CE4000EED1CA7891F807E0032A59D0062A40F0BB
:10CE5000998091F805C0BCF1140F40F095800398BB
:10CE60004FEA4E061BF800C091F803E006F10508F2
:10CE70008CEA0E0C8CF0FF021AF800E01BF802C0DE
:10CE800008F003091AF80280F7B2B9F1010F8EEA2F
:10CE90000C0940F0B380042050FA86FC0A1DC1E062
:10CEA00048786045BCD188788028B9D1C878A12855
:10CEB000B6D108790128B3D1C8797F28B0D1019AB9
:10CEC0004C791BF802001AF8022080F0E0001BF8F1
:10CED00000601AF80000724082F0A1021BF80260A4
:10CEE00070401AF8026080F001021BF802007040E6
:10CEF000844295D11AF802008979814290D141E1AA
:10CF000091F805C0BEF1020F08BFBCF1140F3BD170
:10CF1000039A8D791BF802001AF8022080F0FC00B9
:10CF20001BF800601AF8000072400E79DDF810C09E
:10CF300072401BF802601AF80220704080F0140062
:10CF40001BF800601AF8000072406A401BF802608B
:10CF5000CD7970401AF8026080EA05021BF80200E1
:10CF60000D7A7040854240F21C67029DC2F20007B4
:10CF70007FF456AF1AF802004A7A82427FF450AF2B
:10CF800016E100BF91F805C0039E8D791BF80600DD
:10CF90001AF80660504080F0FF001BF800201AF8D5
:10CFA000000072400E7940F21C6772401BF802606C
:10CFB0001AF80220704080EA0C001BF800601AF892
:10CFC000000072406A401BF80260CD7970401AF888
:10CFD000026080EA05021BF802000D7A704085426B
:10CFE000DDF810C0029DC2F200077FF419AF1AF8F5
:10CFF00002004A7A82427FF413AF83E008794E79C7
:10D0000080EA09001BF800201AF8000088EA0205EF
:10D010006E401BF806501AF8068007F1020C8A1DB4
:10D0200080EA0509A2F1040E1EF8042FBCF1040CDD
:10D0300082EA09021BF802609EF8010086EA0806EF
:10D0400080EA06001AF802201BF800609EF80250E1
:10D0500082EA060282EA05021AF800001BF8025072
:10D060009EF8036080EA050080EA06001AF80220B4
:10D070001BF800501AF8008082EA0509D4D13E4618
:10D08000E01940F21C67C2F20007C219107ADDF8FD
:10D0900010C0484540F2E809029DC2F200097FF441
:10D0A000BFAE507A40457FF4BBAE09F14200142276
:10D0B000F3F71FF940F21C60C2F20000C821F3F739
:10D0C00031F940F2E4610020C2F20001082E08802C
:10D0D000C9F83000C9F8340000F07E80042E40F01A
:10D0E000978099F84C0009F14B0189F8300009F15B
:10D0F000330009F1320209F14A0309F1310709F15C
:10D100004D067FE009F142001422F3F7F2F840F2F5
:10D110001C60C2F20000C821F3F704F999F8450039
:10D1200099F8471080F0060081F02001014399F83A
:10D13000490040F2E4634FF00002C2F200031A809B
:10D1400008BF012814D0B1FA81F14909002818BF9D
:10D15000012081F0010108435ED1012089F802001D
:10D1600040F23000C2F200000021017054E000BF24
:10D1700040F230010120C2F2000189F8020008707B
:10D180004AE000BF40F21C60C2F20000C821F3F781
:10D19000C9F8F4F705FD4FF0FF30F6F769F84FF0E6
:10D1A000FF30F6F755F872B6F6F7C2F834E000BF74
:10D1B00009F142001422F3F79CF840F21C60C2F21D
:10D1C0000000C821F3F7AEF840F2E4610020C2F29B
:10D1D0000001088020E000BFD9F84A0099F85010FB
:10D1E0004FEA3040C9F8300089F8341009F13700AF
:10D1F00009F14F0109F1360209F14E0309F1350732
:10D2000009F1510636781B7809783E701370017069
:10D2100040F20110A9F8010009F1420005B0BDE893
:10D22000F08F00002DE9F04F8DB040F2A012C2F255
:10D230000002906820F08001052935D1507801283E
:10D2400064D101A800F114070AA840F2380B40F697
:10D250000816441C4FF0010AC2F2000B00254FF0E3
:10D260000048C2F2000600BF9BF80000914600F59E
:10D27000E060CDE90105907801A98DF828003046DD
:10D280000AAACDE9035ACDF81480C7E90055BD605C
:10D29000FD602560C4F80350F4F750FD90B3012001
:10D2A000F4F7B2FC4A46DFE77F2800F01782042833
:10D2B00000F03882002840F0328240F23800C2F29A
:10D2C00000000078012100F5E06004910190002049
:10D2D0004FF00041CDE90200CDE90510CDE907008E
:10D2E0000B90CDE9090040F6081001A9C2F2000038
:10D2F00014460AAAF4F722FD7F20A0600DB0BDE815
:10D30000F08F00BF00204A4689F8010040F2680013
:10D31000C2F200000078012806D0022812D140F2A3
:10D320004420C2F2000003E040F24020C2F20000BC
:10D3300090ED000A10EE105A82ED030A2B0A2F0C12
:10D340002A0E03E0157B537B977BD27B40F6C850B7
:10D35000C2F2000090F800B040F26900C2F2000092
:10D3600090F8008040F2E80040F23801C2F200007C
:10D37000C2F20001067840F2D4400978C2F20000FF
:10D3800090F8009001F5C070019000244FF000402B
:10D390000821CDE9050440F60810049100978DF8A6
:10D3A0002A7017468DF82B2001A9C2F200000AAAA4
:10D3B000CDE90244CDE9074409948DF828509A46F6
:10D3C0008DF829308DF82CB08DF82D808DF82E60D9
:10D3D0008DF82F90F4F7B2FC70B30120F4F714FC31
:10D3E00040F23800C2F200000078082100F5C07059
:10D3F000CDE901044FF00040CDE905040098CDE9E6
:10D4000003418DF82A0040F6081001A9C2F200007D
:10D410000AAACDE9074409948DF828508DF829A06F
:10D420008DF82B708DF82CB08DF82D808DF82E6036
:10D430008DF82F90F4F782FC40F23801C2F200011F
:10D4400040F208100978C2F2000002784678877826
:10D4500090F8039090F804A090F805B090F806803A
:10D46000C57901F52070CDE901044FF00040082195
:10D47000CDE9050440F60810CDE90341CDE90744A4
:10D48000099414468DF8282001A9C2F200000AAAC6
:10D490008DF829608DF82A708DF82B908DF82CA0CE
:10D4A0008DF82DB08DF82E808DF82F50F4F746FCB6
:10D4B00070B30120F4F7A8FB40F23800C2F200007C
:10D4C0000078082100F520700491019000204FF0B1
:10D4D0000041CDE90200CDE90510CDE90700099032
:10D4E00040F6081001A9C2F200000AAA8DF82840EF
:10D4F0008DF829608DF82A708DF82B908DF82CA06E
:10D500008DF82DB08DF82E808DF82F50F4F716FC85
:10D5100040F23801C2F2000140F210100978C2F264
:10D52000000007784278867890F803A090F804B05D
:10D5300090F8058090F80690C57901F5607001902B
:10D5400000244FF000400821CDE9050440F6081002
:10D55000049100928DF8292001A9C2F200000AAAC4
:10D56000CDE90244CDE9074409948DF828708DF87F
:10D570002A608DF82BA08DF82CB08DF82D808DF8B9
:10D580002E908DF82F50F4F7D9FB70B30120F4F7EB
:10D590003BFB40F23800C2F200000078082100F5A1
:10D5A0006070CDE901044FF00040CDE9050400981A
:10D5B000CDE903418DF8290040F6081001A9C2F217
:10D5C00000000AAACDE9074409948DF828708DF867
:10D5D0002A608DF82BA08DF82CB08DF82D808DF859
:10D5E0002E908DF82F50F4F7A9FB40F22C20C2F2B8
:10D5F000000090ED000A40F23020C2F2000090EDF1
:10D60000001A40F23800C2F20000007810EE105A02
:10D6100000F59060CDE901044FF00040CDE905042C
:10D6200040F2A01011EE106AC2F200002A0A80ED4A
:10D63000040A082180ED051A40F608104FEA154B40
:10D640002F0E4FEA16294FEA164A04914FEA166840
:10D650000394CDE90744099414468DF8292001A9C3
:10D66000C2F200000AAA8DF828508DF82AB08DF871
:10D670002B708DF82C608DF82D908DF82EA08DF8E4
:10D680002F80F4F75BFB002849D00120F4F7BCFAA7
:10D6900040F23800C2F200000078082100F59060E6
:10D6A0000491019000204FF00041CDE90200CDE946
:10D6B0000510CDE9070009908DF828508DF8294014
:10D6C0008DF82AB08DF82B708DF82C608DF82D9088
:10D6D0008DF82EA08DF82F803DE000BF40F238007D
:10D6E000C2F200000078002100F5E0607F22CDE961
:10D6F00001014FF000400A920122CDE9050140F6F8
:10D7000008100B91CDE90312CDE907110991CDF86D
:10D71000291001A9C2F200000AAAF4F70FFB0DB00C
:10D72000BDE8F08F40F23800C2F20000007800211E
:10D7300000F5E06004220A920122CDE901014FF0D8
:10D7400000400B91CDE90312CDE90501CDE90711A8
:10D750000991CDF8291040F6081001A9C2F2000085
:10D760000AAAF4F7EBFA0DB0BDE8F08F40F25C0CBA
:10D77000C2F2000C9CF80010012940F2E801C2F24C
:10D78000000107D08A69531C052A8B61B8BF704716
:10D7900000228A6140F20812C0F2E21241F8382FEA
:10D7A00040F20023C1F200134B6040F61043002208
:10D7B000C2F2000308200A811965A3F8560044F656
:10D7C0000040C4F20000036843F0800303608CF85B
:10D7D000002001F8352C704770B540F25C0CC2F2A5
:10D7E000000C9CF8001040F2E8020129C2F200028D
:10D7F00004D1D368012B0FDD70BD00BF91694B1CB4
:10D8000005299361B8BF70BD01218CF8001000217B
:10D810009161D368012BEFDC11784FF0000E0029E5
:10D8200004BF0121117040F2111122F8561FD421BA
:10D83000C2F810E0C2F80CE09170C2F807E0C2F83C
:10D8400003E0D37210F823109C001173651C455D32
:10D85000A61C5573865D033496731944005D2944F4
:10D860003144D07308441A38C043107440F6104055
:10D87000C2F2000011210265A0F8561044F60040E3
:10D88000C4F20000016841F0800101608CF800E002
:10D8900002F853EC70BD00002DE9F04F81B040F666
:10D8A0005858C2F200080D46824640466421F2F7FD
:10D8B00039FD40F2E804C2F2000494F8420040F25C
:10D8C0001409BB28C2F2000940F0578194F84300C4
:10D8D000DD2840F0528194F8443099F800008342EA
:10D8E00040F04B8194F8452094F8471094F8490093
:10D8F000BAF1000F08BF032A75D1142908BF022806
:10D9000071D16678002E6ED14DF6BB504FF6B072D5
:10D91000A8F8000040F2034083F0FF06C0F60102C1
:10D92000A8F80300905D88F8023040F2B003C0F61A
:10D93000020380F0FC009E5D115C13F800B07140A2
:10D9400081F00401565C94F82A7086EA0B067E404A
:10D95000F6B213F801B0915D94F82B0081EA0B0147
:10D960004140C9B288F805709E5D575C94F828E084
:10D9700088F8060086EA070080EA0E00C0B2595C0B
:10D98000165C94F829C0714081EA0C01C9B2185C98
:10D99000525C595C504088F8090040F2004088F819
:10D9A0000A10C4F202204FF48071012288F807E0C7
:10D9B00088F808C0F5F700F840F6A440C2F200006D
:10D9C0000B21C0F85080A0F8561045F20001C4F2B7
:10D9D0000001086840F08000086094F8452094F841
:10D9E000471094F84900BAF1000F08BF062A59D130
:10D9F000142908BF022855D199F800004FF6B072DB
:10DA0000C143C9B2C0F60102535C40F2B007C0F690
:10DA1000020783F0F903795CD65CFB5C7140565CCD
:10DA2000795C734083F01403D65C88F8020081EAC5
:10DA30000600F95C165C385C714081F00201525CB2
:10DA400006235040795CC0F2140388F8080040F2C5
:10DA500000404DF6BB5CC8F80330022388F809107B
:10DA6000C4F202204FF480710122A8F800C088F8A7
:10DA70000730F4F7A1FF40F6A440C2F200000A21EB
:10DA8000C0F85080A0F8561045F20001C4F2000121
:10DA9000086840F08000086094F8452094F847102A
:10DAA00094F8490040F2060B062AC0F2200B03D17D
:10DAB000202908BF012803D0062A59D05DE000BF05
:10DAC00099F800004FF6B072C143C9B2C0F6010226
:10DAD000535C40F2B007C0F6020783F0F903795CAB
:10DAE000D65CFB5C7140565C795C734083F020032C
:10DAF000D65C88F8020081EA0600F95C135C385CA9
:10DB0000594081F00101525C795C504088F808006E
:10DB100040F200404DF6BB5C012388F80910C4F2C6
:10DB200002204FF480710122A8F800C0C8F803B0A9
:10DB300088F80730F4F740FF40F6A440C2F2000036
:10DB40000A21C0F85080A0F8561045F20001C4F236
:10DB50000001086840F0800008600A20F4F754F8DB
:10DB600094F8452094F8471094F84900062A04D107
:10DB7000202908BF002800F06D81BAF1010F40F0A4
:10DB80005A814DF6BB5099F80010A8F8000046F2F3
:10DB9000023088F80210A8F80300E87888F8050039
:10DBA000688888F806002868000A88F8070028684E
:10DBB00088F80800E87988F80900E88888F80A00F9
:10DBC0006868000A88F80B00686888F80C006889A3
:10DBD00088F80D00A868000A88F80E00A86888F880
:10DBE0000F00E88988F81000E868000A88F811003A
:10DBF000E86888F81200688A88F813002869000A23
:10DC000088F81400286988F81500E88A88F8160052
:10DC10006869000A88F81700686988F81800688B36
:10DC200088F81900A869000A88F81A00E88BA96921
:10DC300088F81C00E86988F81B10000A88F81D00A5
:10DC4000D5E9070188F81E00080C88F81F00080AAB
:10DC500088F82000D5E9080188F82100080C88F828
:10DC60002200080A88F82300A86A88F82410010C0A
:10DC700088F82510010A88F82610E96A88F8270034
:10DC8000080C88F82800080A88F82900286B88F80A
:10DC90002A10010C88F82B10010A88F82C10696BE7
:10DCA00088F82D00080C88F82E00080A88F82F0044
:10DCB000A86B88F83010010C88F83110010A88F838
:10DCC0003210E96B88F83300080C88F83400080A31
:10DCD00088F83500286C88F83610010C88F8371061
:10DCE000010A88F83810696C88F83900080C88F83F
:10DCF0003A00080A88F83B0088F83C10D5E914017E
:10DD000088F84800A86D09BAC8F84910E96D06BA44
:10DD10000FBAC8F84D60C8F85170D5E91272D5E94C
:10DD2000143A4FEA106C4FEA104E12BAC8F841206C
:10DD30001ABAC8F845204FEA1A6288F849204FEA13
:10DD40001A4288F84A204FEA1A2288F84B2005F137
:10DD50006002040A0E0E4FEA11494FEA112B88F8AF
:10DD6000500088F8541007CA3FBA00BAC8F85500E6
:10DD700008BAC8F8590010BA4FF6B07140F2B002B4
:10DD8000C8F85D00FF236FF00400C0F60101C0F683
:10DD90000202FF25C8F83D7088F84CA088F84DC0F5
:10DDA00088F84EE088F84F4088F8516088F8529023
:10DDB00088F853B008EB0007FE793C7A6E408D5D21
:10DDC000965D6B406340CD5C7C7A6E406640D35C70
:10DDD0008D5DBC7A6B406340965DCD5CFF7A6E4092
:10DDE0007740D35CCE5D05305E40D35D5A28F5B2F6
:10DDF000E0D140F20040C4F202204FF480710122D1
:10DE000088F8616088F86230F4F7D6FD40F6A440E7
:10DE1000C2F200006321C0F85080A0F8561045F20D
:10DE20000000C4F20000016840F2E80441F0800103
:10DE3000C2F2000401600020C4F85200C4F84E0091
:10DE4000C4F84A00C4F84600C4F8420001B0BDE876
:10DE5000F08F00BF99F800004FF6B072C143C9B20D
:10DE6000C0F60102535C40F2B007C0F6020783F02F
:10DE7000F903795CD65CFB5C7140565C795C73405D
:10DE800083F02003D65C88F8020081EA0600F95C82
:10DE9000135C385C5940525C795C504088F808004B
:10DEA00040F200404DF6BB5C002388F80910C4F234
:10DEB00002204FF480710122A8F800C0C8F803B016
:10DEC00088F80730F4F778FD40F6A440C2F200006D
:10DED0000A21C0F85080A0F8561045F20001C4F2A3
:10DEE0000001086840F080000860BAF1010FA2D17B
:10DEF00047E6000010B500F17843B3F5002F2ED8A7
:10DF00006AB3531E032B02F0030C01D2002213E06C
:10DF100022F0030EA1F11003002200BF04680432B6
:10DF200043F8104F446896455C6084689C60C46800
:10DF300000F11000DC60F1D1BCF1000F08BF10BD92
:10DF40000368BCF1010F41F8223008D0436801EBAF
:10DF50008201BCF1020F4B601CBF8068886010BD5D
:10DF6000006870472DE9F04F87B0814600F1784096
:10DF7000B0F5002F4FF00000CDE90400CDE902001C
:10DF800000F2078119F0030040F0038140F200081D
:10DF900014460D46C0F60408F5F754F8F4F726FCCD
:10DFA0004FF60C00C0F6FF000188404639B14FF62D
:10DFB000FF70814240461CBF480200F1006009EB3F
:10DFC0008407484540F20000C0F608000AD94BF625
:10DFD000FF72C0F2070202EA5932B7F1006F0192F4
:10DFE00032D247E0424639B14FF6FF729142424683
:10DFF0001CBF4A0202F100624A451FD8024639B1ED
:10E000004FF6FF72914202461CBF8A0202F1006283
:10E010004A4513D90023CFF6FC7329F0006231B1D1
:10E020004FF6FF76B1421CBFA1EB41035B021A44DD
:10E03000520BB7F1006F01921CD305E04FF0FF3295
:10E04000B7F1006F019215D3424639B14FF6FF7216
:10E05000914242461CBF4A0202F10062BA4209D90B
:10E060004BF6FF72C0F2070202EA5732434679BB11
:10E0700036E000BF424639B14FF6FF729142424648
:10E080001CBF4A0202F10062BA421DD8024639B1F1
:10E090004FF6FF72914202461CBF8A0202F10062F3
:10E0A000BA4211D90023CFF6FC7327F0006231B1D8
:10E0B0004FF6FF76B1421CBFA1EB41035B021A444D
:10E0C000520B434621B90BE04FF0FF32434639B1C2
:10E0D0004FF6FF73994243461CBF4B0203F10063A6
:10E0E0004B4503D94FF001081DE000BF31B14FF699
:10E0F000FF7399421CBF4B0203F10068C84510D85A
:10E1000061B14FF6FF73994203461CBF890201F1CA
:10E1100000634B4505D94FF0020804E003464B4528
:10E12000F9D84FF0FF38013881454FF000001ED27A
:10E130004F451CD901980DF1180B101A00F1010A76
:10E1400000204E4603E000BF0436BE420FD23168C5
:10E150000131F9D00420CDE9020801985946CDE9F2
:10E16000040A02A8F4F7AEF90028EED1002060B945
:10E170005CB100BF022049462A46F4F757FA09F17C
:10E180000409013C05F10405F4D1F4F741FAF4F770
:10E190007BFF07B0BDE8F08F2DE9F04F8BB08046D4
:10E1A000019108F178410020B1F5002F0990CDE9E7
:10E1B0000700069000F2298118F00F0140F0258138
:10E1C00000249146C0F60404F4F73CFFF4F70EFB7C
:10E1D0004FF60C00C0F6FF00028821463AB14FF618
:10E1E000FF70214682421CBF500200F1006108EB23
:10E1F000890040F2000C4145C0F6080C0AD94BF6E4
:10E20000FF71C0F2070101EA5833B0F1006F32D25A
:10E2100046E000BF21463AB14FF6FF718A422146DF
:10E220001CBF510201F1006141451FD861463AB15E
:10E230004FF6FF718A4261461CBF910201F10061F5
:10E24000414513D90023CFF6FC7328F0006132B1A9
:10E250004FF6FF77BA421CBFA2EB42035B021944A0
:10E260004B0BB0F1006F1BD305E000BF4FF0FF3345
:10E27000B0F1006F14D321463AB14FF6FF718A42D4
:10E2800021461CBF510201F10061814208D94BF6C1
:10E29000FF71C0F2070101EA5031274672BB35E039
:10E2A00021463AB14FF6FF718A4221461CBF510206
:10E2B00001F1006181421DD861463AB14FF6FF710C
:10E2C0008A4261461CBF910201F10061814211D96D
:10E2D0000025CFF6FC7520F0006132B14FF6FF77D4
:10E2E000BA421CBFA2EB42077D022944490B2746D4
:10E2F00022B90BE04FF0FF3127463AB14FF6FF77D6
:10E30000BA4227461CBF570207F10067474501D9AB
:10E3100001221CE032B14FF6FF77BA421CBF570210
:10E3200007F10064444510D862B14FF6FF77BA4256
:10E3300067461CBF920202F10067474505D90222D9
:10E3400005E000BF67464745F9D84FF0FF32ACF112
:10E350000107B84529D2404527D9C91A0131464697
:10E360003768013716D1371D87421ED23E68013605
:10E3700010D10437874218D23E6801360AD10437DB
:10E38000874212D23E68013604D13E1D8642E7D351
:10E390000BE000BF04200DF1180C8CE80D00099172
:10E3A00006A80AA9F4F78EF850BBB9F1000F27D0E0
:10E3B00000250DF1080B4FF0100A4C46042C27469F
:10E3C00028BF042734B10198BA0000EB85015846F4
:10E3D000F1F78FFF032C06D80BEB8700AAEB870120
:10E3E000FF22F1F798FF022041465A46F4F71EF942
:10E3F00030B9043508F110084D45A4F10404DDD30B
:10E40000F4F706F9F4F740FE02200BB0BDE8F08FF8
:10E41000B0B540F26800C2F200000078022818BFD0
:10E42000B0BD40F2944140F21400C2F20001C2F2C9
:10E43000000091ED001A90ED040A46F20005B4EEDA
:10E44000401A041DF1EE10FAC4BF80ED041AB0EEBC
:10E45000410A91ED011AC0F60305B4EE401A0122FB
:10E46000F1EE10FAC4BF80ED041AB0EE410A91ED4E
:10E47000021AB4EE401AF1EE10FAC4BF80ED041A8D
:10E48000B0EE410A91ED031AB4EE401AF1EE10FA23
:10E49000C4BF80ED041AB0EE410A91ED041AB4EE47
:10E4A000401AF1EE10FAC4BF80ED041AB0EE410A32
:10E4B00091ED051AB4EE401AF1EE10FAC4BF80EDEA
:10E4C000041AB0EE410A91ED061AB4EE401AF1EECC
:10E4D00010FAC4BF80ED041AB0EE410A91ED071A9C
:10E4E000B4EE401AF1EE10FAC4BF80ED041AB0EE9B
:10E4F000410A91ED081AB4EE401AF1EE10FAC4BFC9
:10E5000080ED041AB0EE410A91ED091AB4EE401AFA
:10E51000F1EE10FAC4BF80ED041AB0EE410A91ED9D
:10E520000A1AB4EE401AF1EE10FAC4BF80ED041AD4
:10E53000B0EE410A91ED0B1AB4EE401AF1EE10FA6A
:10E54000C4BF80ED041AB0EE410A91ED0C1AB4EE8E
:10E55000401AF1EE10FAC4BF80ED041AB0EE410A81
:10E5600091ED0D1AB4EE401AF1EE10FAC4BF80ED31
:10E57000041AB0EE410A91ED0E1AB4EE401AF1EE13
:10E5800010FAC4BF80ED041AB0EE410A91ED0F1AE3
:10E590002146B4EE401AF1EE10FAC4BF80ED041A21
:10E5A000B0EE410A90ED031A31EE000AB6EE001A01
:10E5B00020EE010A80ED010A2846FFF7EDFD28460E
:10E5C00021460122BDE8B040FFF794BC03B4019896
:10E5D0004100009850EAC12018BF04204A0D18BF1E
:10E5E00040F0010040F2FF72B2EB515F08BF40F013
:10E5F0000200012808BF052002B07047000000009B
:10E6000070B5C1482DED020B2DED0E8B82B0119D22
:10E6100025F000449FEDBEDB9FEDBFEB84423EDB67
:10E62000A4F140511098A1F17F6108430FD0BC487C
:10E63000844202DC28D1109830B39DED100B02B05B
:10E64000BDEC0E8B02B0BDE8704001F0D9BA9DED73
:10E65000100B53EC1D2B51EC100BF1F71CFF9DED33
:10E66000100B41EC180B53EC1E2B51EC100BF1F777
:10E6700012FF53EC182BF1F767FE41EC100B02B0C0
:10E68000BDEC0E8B02B070BD012001F00DFB02B09D
:10E69000BDEC0E8B02B0BDE8704001F0C5BAA148D8
:10E6A0009FEDA18B844256DA9DED100BB4F1795F9A
:10E6B0000ADA51EC100BFFF789FF042808BF01F0BC
:10E6C000D3FA9DED100BDAE753EC102B51EC100B45
:10E6D000F1F7E1FE41EC190B95480621B0EE490A2D
:10E6E000F0EE690A784401F0F4F953EC192B51EC7F
:10E6F000100BF1F7D0FE41EC1A0B8E48B0EE490A30
:10E70000F0EE690A0421784401F0E3F953EC192B87
:10E7100051EC100BF1F7BFFE53EC182BF1F714FE80
:10E7200041EC100B51EC1A0B53EC102BF1F725FFB9
:10E73000CDE900019DED000B53EC102B9DED100B6E
:10E7400051EC100BF1F7A7FE9DED101B53EC112BB4
:10E75000F1F7FAFDD2E09DED100B51EC100B01F03A
:10E76000B1FA53EC182BF1F793FE9FED730BCDE943
:10E77000000153EC102B9DED000B51EC100BF1F749
:10E780008AFE41EC190B6E480621B0EE490AF0EE04
:10E79000690A784401F09DF953EC192B51EC100BE8
:10E7A000F1F779FE41EC1B0B6648B0EE490AF0EE3A
:10E7B000690A0421784401F08CF953EC192B51ECCF
:10E7C000100BF1F768FE53EC182BF1F7BDFD41EC8F
:10E7D0001C0B51EC190B01F0DFFA41EC180B5A48F5
:10E7E0009FED5BABA04222DC53EC1C2B51EC1B0BCE
:10E7F000F1F7C3FECDE900019DED000B51EC180BC4
:10E8000053EC102BF1F747FE53EC182BF1F79CFD5E
:10E8100053EC1A2BF1F73FFE53EC1D2BF1F735FEAD
:10E8200053EC1E2BF1F734FE41EC100B5FE08DED45
:10E83000008B002000909DED000B51EC180B53EC69
:10E84000102BF1F781FD9DED000B41EC1E0B53ECFD
:10E85000102B51EC100BF1F71EFE53EC192BF1F7B6
:10E8600017FE53EC1E2BF1F788FE41EC190B53EC0D
:10E870001C2B51EC1B0BF1F780FE41EC1B0B53ECF6
:10E880001A2B51EC190BF1F706FE53EC1D2BF1F787
:10E89000FFFD41EC190B53EC1A2B51EC180BF1F75F
:10E8A000FAFD53EC1B2BF1F7F6FD53EC192BF1F7A6
:10E8B000ECFD9DED000B41EC180B53EC1A2B51ECC9
:10E8C000100BF1F7E8FD9FED249B53EC192BF1F7AA
:10E8D000DFFD41EC100B51EC180B53EC102BF1F752
:10E8E000D4FD53EC192BF1F7D3FD41EC100B002DA7
:10E8F0003FF7C5AE51EC100B81F0004141EC100B1D
:10E90000BDE60000000000000000F03F0000000035
:10E91000075C143326A6913C182D4454FB21F93F83
:10E920000000F07F0000E03F000000000000F03F2A
:10E93000201700002E170000000000000000E03F3C
:10E9400072160000801600003333EF3F0000000015
:10E950000000000000000040182D4454FB21E93F56
:10E9600070B59B482DED020B2DED068B079D25F014
:10E970000044A04218DC9748844202DC0AD1069881
:10E9800040B19DED060BBDEC068B02B0BDE87040BA
:10E9900001F036B9002DCCBF9FED8F0B9FED900B92
:10E9A000BDEC068B02B070BD8F48A04215DD8F48CC
:10E9B000A042D8BF4FF0FF3458DD9DED060B51EC5F
:10E9C000100BFFF703FE042808BF01F04DF99DED81
:10E9D000060BBDEC068B02B070BD9DED060B51EC35
:10E9E000100B01F06FF9CDE9060181489FED828B94
:10E9F000A0423CDD8248A0421FDD00249FED82AB97
:10EA00009DED060B53EC1A2B51EC100BF1F79CFC0F
:10EA10009DED060B41EC190B53EC1A2B51EC100B2E
:10EA2000F1F739FD53EC182BF1F72FFD53EC192BAF
:10EA3000F1F7A3FDCDE9060149E09DED060B0124A8
:10EA400053EC182B51EC100BF1F77EFC9DED060BEF
:10EA500041EC190B53EC182B51EC100BF1F715FD91
:10EA600053EC192BF1F789FDCDE906012FE0684839
:10EA7000A0421FDD02249FED689B9DED060B53EC29
:10EA8000192B51EC100BF1F706FD53EC182BF1F795
:10EA90005BFC9DED060B41EC180B53EC192B51EC74
:10EAA000100BF1F7F2FC53EC182BF1F766FDCDE9F2
:10EAB00006010CE09DED060B032453EC102B9FED9B
:10EAC000580B51EC100BF1F758FDCDE906019DED07
:10EAD000060B53EC102B51EC100BF1F7DCFC41EC66
:10EAE000180B53EC182BF1F7D6FC41EC190B4E48E0
:10EAF0000621B0EE490AF0EE690A784400F0E9FF19
:10EB000053EC182B51EC100BF1F7C5FC41EC180B32
:10EB10004648B0EE490AF0EE690A0521784400F053
:10EB2000D8FF53EC192B51EC100BF1F7B4FC41EC6E
:10EB3000100B51EC180B53EC102B002C0EDAF1F7E4
:10EB400003FC9DED061B53EC112BF1F7A4FC9DED8E
:10EB5000061B53EC112BF1F79BFC35E0F1F7F4FBAE
:10EB60009DED061B53EC112BF1F795FC41EC100BBE
:10EB70002F48784400EBC40090ED001B51EC100BC3
:10EB800053EC112BF1F781FC9DED061B53EC112B7F
:10EB9000F1F77BFC41EC100B2648784400EBC400F5
:10EBA00090ED001B51EC100B53EC112BF1F770FCA6
:10EBB00041EC100B002DA2BFBDEC068B02B070BD66
:10EBC00051EC100B81F0004141EC100B01E700000B
:10EBD000000010440000F07F182D4454FB21F93F41
:10EBE000182D4454FB21F9BF0000DC3F0000203EFB
:10EBF0000000F33F00000000000000000000F03FB4
:10EC00000000E63F0000000000000000000000409F
:10EC10000080034000000000000000000000F83FFA
:10EC2000000000000000F0BF4A14000000140000C3
:10EC30008A1300004213000070B56F4E2DED040BD7
:10EC40002DED048B82B0DDF824C0DDE907235C42A2
:10EC50002CF000411C4341EAD474069D22F0004090
:10EC6000B44205D86C422C4340EAD474B4420BD968
:10EC70009DED081B9DED060B02B0BDEC048B04B0AE
:10EC8000BDE8704000F0C6BFACF14054A4F17F6411
:10EC90001C430BD0022404EAAC7444EAD27405434A
:10ECA0009FED578B9FED582B07D015E09DED060B80
:10ECB00051EC100B00F0FEFF42E0002C11BF012CC4
:10ECC0009DED060B02B0BDEC048B04BF04B070BD1B
:10ECD000022C38D0032C3BD00B439FED4D1B9FEDF6
:10ECE0004E0B0AD0B14218D1B04209D121F0804177
:10ECF00020F08040099107900FE0002A15DA10E01B
:10ED0000474B7B44002C08BF93ED000B0DD0012C2A
:10ED100010D0022C17D0032C1AD0B0421DD1002ADB
:10ED200003DAB0EE410AF0EE610A02B0BDEC048BEA
:10ED300004B070BD93ED000B51EC100B81F000415D
:10ED400041EC100BF1E7B0EE480AF0EE680AECE790
:10ED5000B0EE420AF0EE620AE7E7401A00159FEDB6
:10ED6000329B3C28C8BF8DED000B17DCBCF1000FB7
:10ED7000BCBF10F13C0F8DED009B0FDB9DED080B30
:10ED800053EC102B9DED060B51EC100BF1F7F5FB3E
:10ED900000F098FF00F08EFFCDE90001B4B1012C26
:10EDA00010D0022C9FED220B53EC102B9DED000B8D
:10EDB00051EC100B19D0F1F768FB53EC182BF1F75D
:10EDC00064FBBDE7019880F0004001909DED000BD1
:10EDD00053EC192B51EC100BF1F782FD04BF02200C
:10EDE00000F062FF9DED000B9FE7F1F74EFB53EC47
:10EDF000182BF1F74DFBA3E70000F07F00000000A7
:10EE0000182D4454FB210940182D4454FB2109C0FE
:10EE1000182D4454FB21F9BF182D4454FB21F93F10
:10EE2000721200000000000000000000000000005E
:10EE3000075C143326A6A13C2DE9F04D2DED040B03
:10EE40002DED0E8B94B0DDE92350259CDDF888A0D4
:10EE500025F0004624F00048BAF1000F14BF01214C
:10EE6000002101EB4502FC4953184A1093422AD372
:10EE7000002814BF0123002303EB44030B44F7498C
:10EE80008B4220D358EA00019FEDF5AB76D0DFF836
:10EE9000D8B35D4503D1BAF1000F05D188E0BAF1CE
:10EEA000000F08BF002100D0012101EB450111F541
:10EEB000001F08D8002814BF0121002101EB4401E4
:10EEC00011F5001F0BD99DED241B9DED220B14B0F5
:10EED000BDEC0E8B04B0BDE8F04D00F09BBE0027EA
:10EEE000002DBCBFE149884521DAE1498845A8BF2A
:10EEF00002271CDAC3451ADCDE4901EB285114292C
:10EF000008DDC1F1340220FA02F101FA02F2824274
:10EF10000DD108E058B9C1F1140228FA02F101FA42
:10EF200002F2424503D101F00101C1F1020756EAA4
:10EF30000A0124D1002C22DA002D18BF022F01D0A3
:10EF4000012F0AD0022000F0AFFE14B0BDEC0E8BF2
:10EF500004B0BDE8F04D00F03BBE022000F0A4FE7E
:10EF600000F036FE51EC100B81F0004141EC100B2B
:10EF700014B0BDEC0E8B04B0BDE8F08D18E09FED31
:10EF8000BE9B9FEDBF8B002871D1B848804522D130
:10EF900005F1804010F5801008BFBAF1000F07D0CE
:10EFA000B3450ADC002CA8BF9DED240BE0DA0DE090
:10EFB000B0EE4A0AF0EE6A0ADAE7002C06DA9DEDB6
:10EFC000240B51EC100B81F000416FE0AE48784407
:10EFD00090ED000BCCE7D8454DD1002C48DA2EB18E
:10EFE00086423AD1BAF1000F42D126E0BAF1000FC1
:10EFF00013D0022000F058FE00F026FE8DED020B2B
:10F000009DED220B8DED000B10EE900A039961F33C
:10F010001E0003909DED020BAAE78DED029B9DED76
:10F02000220B19EE901A10EE900A8DED000B61F391
:10F030001E0003909DED020B9AE78DED028B9DED76
:10F04000220B18EE901A10EE900A8DED000B61F372
:10F050001E0003909DED020B8AE709DA9DED220B5D
:10F0600051EC1A0B53EC102BF1F787FA1EE020E05D
:10F070009DED220B7CE786421BDAB4F1804F0DD068
:10F08000A4F10050B0F1FF5013D1002D11DB9DED24
:10F09000220B51EC100B00F07FFE07E09DED220BE0
:10F0A00053EC102B51EC100B00F0CABC41EC100BD0
:10F0B0005EE79DED220B51EC100B00F003FEBAF160
:10F0C000000FCDE90A0142D19FED710B46B3A6F1C5
:10F0D000E040B0F17F600CD05E4538D1002D00DA01
:10F0E000A7B3022F0CBF01204FF0FF30F1F7CFFA8A
:10F0F000DCE7002D01DD002C0DDA002D01DD002CF8
:10F100001FDB002D16DA002C14DB012F08BF9FED4A
:10F11000620B3FF42DAFB0EE490AF0EE690A27E723
:10F12000022F18BF002D0CD0012F0AD1002DFFF6A1
:10F130001FAF06E0002DB8BF002C08DA012F3FF406
:10F1400017AFB0EE480AF0EE680A11E71BE00120A5
:10F1500000EBE57050EA070115D0791EB0EE4A8A3F
:10F16000F0EE6A8A084308BF9FED4D8B4E4800259C
:10F17000804570DD4D494E48884514DDB0420DDBB9
:10F18000002C19DB2FE0012000F08EFD14B0BDEC47
:10F190000E8B04B0BDE8F04D00F046BDB34502DC77
:10F1A000002C09DC1FE0864202DA002C1BDA03E0A7
:10F1B0005E452BDD002C16DD022000F075FD00F011
:10F1C00043FD8DED020B53EC192B51EC180BF1F7AD
:10F1D00062F9CDE900010399019861F31E000390E3
:10F1E0009DED020BC4E6022000F05EFD00F03CFD48
:10F1F00010EE901A18EE900A8DED020B8DED008B3B
:10F2000061F31E0003909DED020BB1E69DED0A0B2C
:10F2100053EC1A2B51EC100BF1F737F99FED260B3D
:10F22000CDE90A0153EC102B9DED0A0B51EC100BAC
:10F23000F1F731F99FED221B53EC112BF1F728F96F
:10F240009DED0A1B53EC112BF1F725F99FED1E1BC9
:10F2500053EC112B3CE08CE0FFFF1F00FFFF0F0081
:10F26000000000000000F03F0000F03F0000F07FD1
:10F270000000404301FCFFFF000000000000F07FA1
:10F280000000000000000000A60F000000000000C9
:10F290000000000000000080000000000000F0FFFF
:10F2A000000000000000F0BF0000E0410000F0435B
:10F2B000FFFFEF3F00000000000000000000D03F13
:10F2C000555555555555D53F000000000000E03F0D
:10F2D000F1F7DEF89DED0A0B41EC190B53EC102B06
:10F2E00051EC100BF1F7D7F853EC192BF1F7D3F8D9
:10F2F0009DED0A0B41EC1B0B53EC102B9FEDFE0B0D
:10F3000051EC100BF1F7C7F841EC190B9FEDFC0B1A
:10F3100051EC1B0B53EC102BF1F7BDF841EC1B0B20
:10F320009FEDF90B53EC102B9DED0A0B51EC100BDC
:10F33000F1F7B1F853EC1B2BF1F7A7F841EC1B0BDD
:10F3400051EC190B53EC1B2BF0F7FEFF0490CDE9A9
:10F3500004519DED040B53EC192B51EC100BF1F7FC
:10F3600094F853EC1B2BF1F793F841EC100B00F0E1
:10F37000A9B90020B6F5801F0EDA9FEDE50B53EC1E
:10F38000102B9DED0A0B51EC100BF1F784F8CDE931
:10F390000A016FF034000E4600EB2650A0F2FF3752
:10F3A000C6F31300DC4940F07F6646F040568842C1
:10F3B000D8BF002408DDD9498142C8BF012403DC3D
:10F3C0000024A6F580167F1CD548784400EBC408BD
:10F3D0000B9698ED000B53EC102B9DED0A0B51ECA6
:10F3E000100BF1F752F898ED000B41EC1B0B53ECAE
:10F3F000102B9DED0A0B51EC100BF0F7A5FF41EC23
:10F40000100B51EC1A0B53EC102BF1F7B6F841EC42
:10F410001C0B51EC1B0B53EC1C2BF1F73CF841EC93
:10F42000190BC0488DED0E9B78440E9590ED000BA6
:10F430004FF0005040EA660000EB84408DED120B67
:10F4400000F50020139098ED000B53EC102B9DED70
:10F45000120B51EC100BF1F718F89DED0A1B53EC51
:10F46000112BF1F715F841EC100B53EC102B9DED1F
:10F470000E0B51EC100BF1F70EF89DED120B41EC59
:10F480001D0B53EC102B9DED0E0B51EC100BF1F7F7
:10F4900002F853EC1B2BF0F7FBFF53EC1D2BF0F79E
:10F4A000F4FF53EC1C2BF0F7F6FF41EC1C0B53EC74
:10F4B000192B51EC190BF0F7EEFF41EC1B0B9A489E
:10F4C0000621B0EE4B0AF0EE6B0A784400F001FB27
:10F4D000B0EE401AF0EE601AB0EE41DAF0EE61DA0A
:10F4E00053EC1B2B51EC1B0BF0F7D5FF53EC1D2BF2
:10F4F000F0F7D1FF9DED0E0B41EC1B0B53EC192BDC
:10F5000051EC100BF0F720FF53EC1C2BF0F7C3FF6E
:10F5100053EC1B2BF0F718FF9DED0E0B41EC1B0B72
:10F5200053EC102B51EC100BF0F7B5FF41EC1D0B19
:10F5300053EC1D2B9FED7EEB51EC1E0BF0F704FFFF
:10F5400053EC1B2BF0F700FF1290CDE912519DED0B
:10F55000120B53EC1E2B51EC100BF0F796FF53ECF3
:10F560001D2BF0F792FF53EC1B2BF0F791FF9DED55
:10F57000120B41EC1D0B53EC102B9DED0E0B51ECBF
:10F58000100BF0F788FF41EC1B0B53EC192B51ECDF
:10F590001D0BF0F780FF9DED120B41EC190B53ECA6
:10F5A000102B51EC1C0BF0F776FF53EC192BF0F7F6
:10F5B000CBFE41EC190B51EC1B0B53EC192BF0F764
:10F5C000C3FE0490CDE904519DED040B53EC1B2BBD
:10F5D00051EC100BF0F759FF53EC192BF0F758FFD3
:10F5E0009DED040B41EC190B53EC102B9FED520BCE
:10F5F00051EC100BF0F74FFF41EC1B0B9FED500B44
:10F6000051EC190B53EC102BF0F745FF9DED040B5B
:10F6100041EC190B53EC102B9FED4B0B51EC100BE5
:10F62000F0F739FF53EC192BF0F78EFE41EC100B7D
:10F630004748784400EBC40090ED001B51EC100BE0
:10F6400053EC112BF0F780FE41EC190B3846F1F723
:10F650001EF8CDE90A0153EC192B51EC1B0BF0F706
:10F6600073FE41EC100B3B48784400EBC40451ECB2
:10F67000100B94ED001B53EC112BF0F765FE9DED84
:10F680000A1B53EC112BF0F75FFE0490CDE90451F7
:10F690009DED0A0B53EC102B9DED040B51EC100B60
:10F6A000F0F7F3FE94ED001B53EC112BF0F7EDFE99
:10F6B00053EC1B2BF0F7E9FE53EC192BF0F7E8FEA7
:10F6C00041EC100B9DED241B53EC102B8DED001B1A
:10F6D00000959DED240B51EC100BF0F7DCFE9DED39
:10F6E000000B41EC190B53EC102B9DED240B51EC4E
:10F6F000100BF0F7CAFE2FE0000000604715F73F3F
:10F70000FE822B654715F73F44DF5DF80BAE543E94
:10F7100000000000000040438E9803007AB60B0002
:10F720008A0A00004C0B0000BA090000000000002B
:10F730000000000000000840000000E009C7EE3FA4
:10F74000FD033ADC09C7EE3FF5015B14E02F3EBE36
:10F7500042080000FC0700009DED041B53EC112B38
:10F76000F0F799FE53EC192BF0F7EEFD9DED040B2D
:10F7700041EC190B53EC102B9DED000B51EC100BD1
:10F78000F0F789FECDE904019DED040B51EC190B56
:10F7900053EC102BF0F7D8FDCDE902010C46AA4935
:10F7A0008C422FDB611A084318D19DED040B53ECFA
:10F7B000102B9DED020B51EC100BF0F766FE41ECA7
:10F7C0001B0B9FEDA30B51EC190B53EC102BF0F717
:10F7D000BBFD53EC1B2BF1F79BF82DD2022000F060
:10F7E00063FA00F031FA10EE901A18EE900A8DEDDF
:10F7F000020B8DED008B61F31E0003909DED020B5B
:10F80000FFF7B6BB944A24F00041914214D39349C8
:10F81000214408437FF4E7AC9DED040B53EC102B1F
:10F820009DED020B51EC100BF0F72FFE53EC192B52
:10F83000F1F76EF87FF6D7AC24F000408849894A8A
:10F84000002601EB205182422BDA481C4FF4801134
:10F8500021FA00F02044844AC0F30A517A44A1F20C
:10F86000FF3192ED000B814A8DED0A0BCA4020EA70
:10F870000202C0F3130040F48010C1F1140120FA19
:10F8800001F60B92002CB8BF76429DED0A0B53ECAB
:10F89000102B9DED040B51EC100BF0F7F6FDCDE9AC
:10F8A00004019DED040B51EC190B53EC102BF0F7F8
:10F8B0004BFD9FED6F0B0A90CDE90A5153EC102BD5
:10F8C0009DED0A0B51EC100BF0F7E5FD41EC1B0B25
:10F8D0009FED690B53EC102B9DED0A0B51EC100BB7
:10F8E000F0F7D9FD9DED040B41EC1C0B53EC102BF4
:10F8F0009DED0A0B51EC100BF0F7C7FD53EC192BE3
:10F90000F0F7C6FD9FED5E1B53EC112BF0F7C3FD26
:10F9100053EC1C2BF0F718FD41EC190B51EC1B0BB1
:10F9200053EC192BF0F710FDCDE902019DED020B10
:10F9300053EC1B2B51EC100BF0F7A7FD53EC192BDC
:10F94000F0F7A6FD9DED020B41EC190B53EC102BCB
:10F9500051EC100BF0F79FFDCDE90A014A489DEDEF
:10F960000A0B0521784400F0B4F89DED0A1B51EC18
:10F97000100B53EC112BF0F78EFD9DED021B53EC99
:10F98000112BF0F785FDCDE904019DED020B53EC41
:10F99000192B51EC100BF0F77EFD53EC192BF0F7FF
:10F9A000D3FC9FED3B0B41EC190B53EC102B9DED61
:10F9B000040B51EC100BF0F768FD9DED040B41ECCE
:10F9C0001B0B53EC102B9DED020B51EC100BF0F7C1
:10F9D00062FD53EC1B2BF0F7D0FD53EC192BF0F725
:10F9E00054FD9DED021B53EC112BF0F74EFD53EC33
:10F9F0001A2BF0F74DFDCDE9020101EB0650011580
:10FA00000029C8BF039015DC9DED020B324651EC76
:10FA1000100BF0F74EFFFEF7D9FD042808BF00F0E9
:10FA200023F932469DED020B51EC100BF0F741FF2C
:10FA3000CDE902019DED020B51EC180B53EC102B9C
:10FA4000F0F729FDFFF732BB0000904000000000F6
:10FA5000FE822B654715973C00CC904000346F3FE9
:10FA600001FCFFFF0000E03F18070000FFFF0F0050
:10FA700000000000432EE63F396CA80C615C20BEFC
:10FA8000EF39FAFE422EE63F50050000000000006C
:10FA9000000000000000004010B52DED028BB1EE1B
:10FAA000C08A18EE100A20F00040C0F1FF40C00FDD
:10FAB0000AD010EE100A20F00040C0F1FF40C00F45
:10FAC00004BF012000F0F0F8B0EE480ABDEC028B54
:10FAD00010BD70B504462DED028B4D1E00EBC50028
:10FAE000B0EE408AF0EE608A90ED000B35F0060033
:10FAF00017D053EC182B51EC100BF0F7CCFC41EC69
:10FB0000100B6D1E04EBC50090ED001B51EC100BAB
:10FB100053EC112BF0F718FC41EC100B35F00600FC
:10FB2000E7D1022D36D0042D1CD0062D1CBFBDEC14
:10FB3000028B70BD53EC182B51EC100BF0F7ABFCA3
:10FB400094ED0A1B53EC112BF0F7FEFB53EC182B32
:10FB5000F0F7A1FC94ED081B53EC112BF0F7F4FB2C
:10FB600041EC100B53EC182B51EC100BF0F793FCFD
:10FB700094ED061B53EC112BF0F7E6FB53EC182B1E
:10FB8000F0F789FC94ED040B53EC102BF0F7DCFB41
:10FB900041EC100B53EC182B51EC100BF0F77BFCE5
:10FBA00094ED021B53EC112BF0F7CEFB53EC182B0A
:10FBB000F0F771FC94ED001B53EC112BF0F7C4FB34
:10FBC000BDEC028B41EC100B70BD0000000000008A
:10FBD0009FED070B10B553EC102B9FED070B51EC6D
:10FBE000100BF0F7CAFC41EC100B10BD0000000038
:10FBF0000000000000000000000000000000F03FD6
:10FC000010B553EC102B51EC100BF0F79DFB41ECB1
:10FC1000100B10BD10B553EC112B51EC100BF0F77D
:10FC200093FB41EC100B10BD9FED050B10B553EC91
:10FC3000102B51EC100BF0F7A0FC41EC100B10BD99
:10FC400000000000000000009FED050B10B553EC14
:10FC5000102B51EC100BF0F71EFC41EC100B10BDFB
:10FC600000000000000000709FED050B10B553EC84
:10FC7000102B51EC100BF0F70EFC41EC100B10BDEB
:10FC8000000000000000001002E008C8121F08C1B8
:10FC9000002AFAD170477047002001E001C1121F0D
:10FCA000002AFBD17047000001490860704700003E
:10FCB0000800002010B541EC100BFEF751FE51EC8E
:10FCC000100B10BD82B0CDE9000121F00040019081
:10FCD0009DED000B02B051EC100B704710B50028E1
:10FCE00021D0114B0022001F196803E0814203D884
:10FCF0000A4649680029F9D152B11368841A9C4216
:10FD000004D1006818441060104602E0506000E022
:10FD1000186039B102680B1A934203D10B681A4478
:10FD200002604968416010BD00000020F0B50B3052
:10FD3000154D20F007010024144A0FE003688B42A0
:10FD40000BD38B4205D95E1A43184768C3E9006795
:10FD500000E04368136002C004E0021D1068002840
:10FD6000ECD12046002802D1286808B10020F0BD5F
:10FD7000064A07481060074A121A22F00702C0E933
:10FD8000002401202860D7E70400002000000020A4
:10FD9000D40D0020D00F002000B52DED048B83B0D2
:10FDA00041EC190BF0F7DEFD41EC180B18EE100AD0
:10FDB00018EE901A8DED008B002818BF0120084323
:10FDC00020F00040C0F17F6000F1E040C00F14D08F
:10FDD00019EE101A19EE900A8DED009B002918BF3C
:10FDE0000121084320F00040C0F17F6000F1E040B5
:10FDF000C00F04BF0120FFF757FF51EC180B03B0F1
:10FE0000BDEC048B00BD0000555555555555C53FFB
:10FE10007D6FEB0312D6D4BF5544880E55C1C93F40
:10FE20003B8F68B52882A4BF88B20175E0EF493FD7
:10FE300009F7FD0DE13D023F4B2D8A1C273A03C017
:10FE4000C88A599CE52A004059018D1B6C06E6BF03
:10FE500082922EB1C5B8B33F000000000000F03F11
:10FE6000000000000000F83F00000000000000005B
:10FE70000000004003B8E23F000000000000000066
:10FE800006D0CF43EBFD4C3E033333333333E33FF4
:10FE9000FFAB6FDBB66DDB3F4D268F515555D53F20
:10FEA00001411DA96074D13F65DBC9934A86CD3FEE
:10FEB000EF4E454A287ECA3F3E5555555555C53FDC
:10FEC00093BDBE166CC166BF2CDE25AF6A56113FCE
:10FED000F16BD2C541BDBBBED0A4BE726937663ED0
:10FEE0004FBB610567ACDD3F182D4454FB21E93F52
:10FEF0009BF681D20B73EF3F182D4454FB21F93F41
:10FF0000E2652F227F2B7A3C075C143326A6813CC6
:10FF1000BDCBF07A8807703C075C143326A6913C71
:10FF2000C4EB98999999C9BF711623FEC671BCBFDD
:10FF30006D9A74AFF2B0B3BF9AFDDE522DDEADBF45
:10FF40002F6C6A2C44B4A2BF0D5555555555D53F5D
:10FF5000FF8300922449C23F6E204CC5CD45B73F78
:10FF6000513DD0A0660DB13FEB0D76244B7BA93FF0
:10FF700011DA22E33AAD903F0000000000000000DB
:10FF80000000000000000000010203040607080949
:10FF9000000000000102030401000200040006004A
:10FFA00008000A000C001000200040008000000142
:10FFB00000C1814001C0804101C0804100C1814039
:10FFC00001C0804100C1814000C1814001C0804129
:10FFD00001C0804100C1814000C1814001C0804119
:10FFE00000C1814001C0804101C0804100C1814009
:10FFF00001C0804100C1814000C1814001C08041F9
:020000040802F0
:1000000000C1814001C0804101C0804100C18140E8
:1000100000C1814001C0804101C0804100C18140D8
:1000200001C0804100C1814000C1814001C08041C8
:1000300001C0804100C1814000C1814001C08041B8
:1000400000C1814001C0804101C0804100C18140A8
:1000500000C1814001C0804101C0804100C1814098
:1000600001C0804100C1814000C1814001C0804188
:1000700000C1814001C0804101C0804100C1814078
:1000800001C0804100C1814000C1814001C0804168
:1000900001C0804100C1814000C1814001C0804158
:1000A00000C1814001C0804101C0804100C1814048
:1000B00000C0C101C30302C2C60607C705C5C40408
:1000C000CC0C0DCD0FCFCE0E0ACACB0BC90908C878
:1000D000D81819D91BDBDA1A1EDEDF1FDD1D1CDC68
:1000E00014D4D515D71716D6D21213D311D1D010D8
:1000F000F03031F133F3F23236F6F737F53534F4C8
:100100003CFCFD3DFF3F3EFEFA3A3BFB39F9F83837
:1001100028E8E929EB2B2AEAEE2E2FEF2DEDEC2C27
:10012000E42425E527E7E62622E2E323E12120E097
:10013000A06061A163A3A26266A6A767A56564A487
:100140006CACAD6DAF6F6EAEAA6A6BAB69A9A868F7
:1001500078B8B979BB7B7ABABE7E7FBF7DBDBC7CE7
:10016000B47475B577B7B67672B2B373B17170B057
:100170005090915193535292965657975595945447
:100180009C5C5D9D5F9F9E5E5A9A9B5B99595898B7
:10019000884849894B8B8A4A4E8E8F4F8D4D4C8CA7
:1001A0004484854587474686824243834181804017
:1001B0000000803F00000040000040400000804000
:1001C0000000A0400000C0400000E04000000041EE
:1001D0000001020304050607080C10141820304023
:1001E0000000803F000000400000404000008040D0
:1001F0000000A0400000C0400000E04000000041BE
:1002000001010103070100000804020408010101C3
:100210002D56322E342E30330000000040020208EA
:10022000000000206800000088FC0108A802020805
:10023000680000206813000098FC0108000000001E
:100240000000000000000000000000000000003F6F
:10025000CDCC1C4101000000295C1F4003000000C0
:10026000295C1F40295C1F400100000010000000B5
:10027000010000000090D003050000000000000015
:10028000000000000000000000000000010000006D
:1002900000000000000000000000803F010000009E
:0802A00010020208000000003A
:040000050801025597
:00000001FF
