:020000040801F1
:10000000C0230020450101081D2E0108D12101084F
:10001000192E0108190401084533010800000000E9
:100020000000000000000000000000009D2E0108FC
:10003000A9050108000000004D2E0108B92E010895
:100040005F0101085F0101085F0101085F0101080C
:100050005F0101085F0101085F0101085F010108FC
:100060005F0101085F0101085F0101085F010108EC
:100070005F0101085F0101085F0101085F010108DC
:100080005F0101085F0101085F0101085F010108CC
:100090005F0101085F0101085F0101085F010108BC
:1000A0005F0101085F0101085F0101085F010108AC
:1000B000312F0108412F01085F0101085F0101088C
:1000C0005F0101085F0101085F0101085F0101088C
:1000D0005F010108BD3201085F0101085F010108ED
:1000E0005F0101085F0101085F0101085F0101086C
:1000F0005F0101085F0101085F0101085F0101085C
:100100005F0101085F0101085F0101085F0101084B
:100110005F010108913001085F0101085F010108DA
:100120005F0101085F0101085F0101085F0101082B
:10013000DFF80CD000F080F800480047D13D0108FE
:10014000C02300200648804706480047FEE7FEE738
:10015000FEE7FEE7FEE7FEE7FEE7FEE7FEE7FEE777
:100160001D2F01083101010840EA01039B0703D05C
:1001700009E008C9121F08C0042AFAD203E011F8E6
:10018000013B00F8013B521EF9D27047D2B201E0A8
:1001900000F8012B491EFBD270470022F6E710B58C
:1001A00013460A4604461946FFF7F0FF204610BDE5
:1001B000421C10F8011B0029FBD1801A70479623BE
:1001C0000022114600F009B80029A8BF7047401C62
:1001D000490008BF20F00100704710B4B0FA80FC5D
:1001E00000FA0CF050EA010404BF10BC704749B19A
:1001F000CCF1200421FA04F411FA0CF118BF01210A
:1002000021430843A3EB0C01CB1D4FEA00614FEAE9
:10021000102042BF002010BC704700EBC3501044B8
:100220000029A4BF10BC7047401C490008BF20F043
:10023000010010BC70470000064C074D06E0E06866
:1002400040F0010394E8070098471034AC42F6D31D
:10025000FFF772FFA8B40208C8B4020870B58C1882
:1002600010F8015B15F0070301D110F8013B2A11CA
:1002700006D110F8012B03E010F8016B01F8016BB7
:100280005B1EF9D12B0705D40023521E0DD401F8B3
:10029000013BFAE710F8013BCB1A921C03E013F87C
:1002A000015B01F8015B521EF9D5A142D8D30020B1
:1002B00070BD0000012884BF6FF00100704710B5C9
:1002C00040F20001C2F2000151F8201041F2285220
:1002D00000EBC000C2F2000202EBC00442F8301092
:1002E00002F0F4FF204602F0EDFC002818BF6FF08A
:1002F000030010BD80B500F01DFD80BD80B540F24B
:100300008030C2F20000016811B10139016001D0F2
:10031000002080BD01F05EFF41F27050C2F200008B
:1003200000F00EFD002818BF6FF0070080BD000030
:1003300080B540F28032C2F2000241F2705045F6C0
:1003400000011368C2F20000C4F200010160581CF1
:10035000106033B941F27050C2F2000000F00EFD9F
:1003600008B1002080BD01F04DFF41F27050C2F293
:10037000000002F023FC002818BF6FF0070080BDCA
:1003800080B584B09C460B4601464FF480500290E5
:1003900041F270500092C2F200001A461023CDF8CC
:1003A00004C000F0BBFD70B141F27050C2F2000019
:1003B00000F0E2FC6FF06501042808BF6FF0030154
:1003C000084604B080BD002004B080BD80B584B074
:1003D0009C460B4601464FF48050029041F270500B
:1003E0000092C2F200001A461023CDF804C000F0BB
:1003F000FFFE70B141F27050C2F2000000F0BCFC90
:100400006FF00301042808BF6FF06501084604B0CF
:1004100080BD002004B080BDFEE70000E9B110B54A
:100420004BF27C2C4BF27C3E421EFF20C0F6020CAD
:10043000C0F6020EFF2300BF12F8014F013984EA13
:1004400003041CF8043083EA00031EF80400F3D10F
:100450001902BDE8104008437047FF204FF47F4168
:100460000843704700281CBF6FF00100704780B53B
:1004700040F25C30C2F200000068026940F258307D
:10048000C2F20000006890476FF0040101EAE070DA
:1004900080BD000000281CBF6FF00100704780B5D0
:1004A00040F25C30C2F200000068C26840F258308E
:1004B000C2F20000006890476FF0040101EAE070AA
:1004C00080BD000080B540F25C32C2F2000252F8FA
:1004D000202040F25833C2F20003D26953F82000C2
:1004E000904741F21851C2F200010860002818BF7D
:1004F0006FF0040080BD000000281CBF6FF00100F9
:10050000704780B503F040FD03F066F8002818BF7F
:100510004FF0FF3080BD000000281CBF6FF00100CD
:10052000704780B540F25C30C2F20000006882681B
:1005300040F25830C2F20000006890476FF00401AA
:1005400001EAE07080BD000000281CBF6FF00100D0
:10055000704780B540F25C30C2F200000068026A69
:1005600040F25830C2F20000006890476FF004017A
:1005700001EAE07080BD000000281CBF6FF00100A0
:10058000704780B540F25C30C2F200000068416AFA
:1005900040F25830C2F20000006888476FF0040152
:1005A00001EAE07080BD000070470000EFF31080AA
:1005B00072B600BFFEE7000041F2A060C2F2000088
:1005C0000021C16142F21000C4F20200016841F052
:1005D00004010160016841F04001016070470000C2
:1005E00041F2A061C2F200010022CA6142F2100190
:1005F000C4F202010A6842F002020A604860086818
:1006000040F040000860704741F2A062C2F2000270
:100610000023D36142F21002C4F20202136843F0D5
:10062000010313600180704742F20C00C4F2020023
:100630000168C90641F2A061C2F2000101D40022A2
:1006400004E0CA6942F00202CA61102203685B0733
:1006500005D5CB6942F0040243F00103CB61036985
:10066000DB0707D0CB6943F00403CB61016921F0BC
:100670000101016102607047F0B581B042F20C06E1
:100680000446C4F2020600F055FB3168C90715D1D3
:100690003068800644BF202030603068C00608D42F
:1006A0003069C00705D13068400702D4002001B08E
:1006B000F0BDFFF7B9FF012001B0F0BD0546671C92
:1006C00004D044B9032001B0F0BD00BF3068C007BA
:1006D000DED0002FFAD000F02DFB401BA042F5D950
:1006E000F0E70000014690F82100022813D10868C5
:1006F000D1E90FC3026822F00E020260026822F004
:1007000001020260012000FA03F2CCF8042081F813
:100710002100002002E0042088630120002281F8EB
:100720002020704780B590F82110022927D1026857
:1007300040F2040C1368C4F2020C23F00E031360A1
:1007400013680CF17C018A4223F0010111601BD96E
:1007500040F20841C4F202018A4248D040F21C41F2
:10076000C4F202018A4246D040F23041C4F2020192
:100770008A4244D14FF48073CCF8003458E004210D
:1007800081630121084680BD4321C4F202018A42EF
:100790000EDD6B21C4F202018A421BDC4421C4F24B
:1007A00002018A4239D05821C4F202018A4231E062
:1007B0000821C4F202018A4232D01C21C4F2020193
:1007C0008A4232D03021C4F202018A4222D14FF44F
:1007D00080722BE06C21C4F202018A4222D0802177
:1007E000C4F202018A4215D14FF080721EE001234B
:1007F000CCF800341CE01023CCF8003418E00CF5E1
:1008000088614FF480338A4208BF4FF48053CCF89C
:1008100000340DE04FF4803208E04FF4805205E0E0
:10082000012203E04FF4801200E01022CCF80020F7
:10083000012180F82110426B002180F820100AB1BC
:1008400090470021084680BD80B541F20C00C4F2FB
:1008500002004FF0FF3100224160426001600260FF
:1008600000F0D6FD002080BDB0B5044600F062FA6D
:10087000054640F24000C2F200000078611C18BF3B
:10088000044400BF00F056FA401BA042FAD3B0BDAA
:100890002DE9F04141F2A068C2F2000898F8182052
:1008A000012A04BF0220BDE8F081054601202E6820
:1008B00088F818004CF250300C46FFF7DDFE022E8F
:1008C00002D120B1012037E080B1012034E0FFF7F0
:1008D00073FE4CF25030FFF7CFFE42F21001C4F22B
:1008E00002010A6822F004020A6025E04FF0FF309E
:1008F0002060D5E9026006EBC020864219D242F2A0
:100900001007C4F2020700BF3046FFF769FE4CF241
:100910005030FFF7B1FE396821F00201396050B95B
:10092000D5E9021206F5006601EBC2218E42EBD337
:1009300002E0012000E02660002188F81810BDE8E0
:10094000F081000042F21001C4F20201086840F098
:10095000800200200A6070472DE9F04F81B01C46EC
:1009600041F2A063C2F2000392461A7E012A03D12B
:10097000022001B0BDE8F08F8146012018764CF2CC
:1009800050300E46FFF778FEB0BB4D4642F21007DE
:10099000B9F1020F18BF0425C4F20207B9F1010F23
:1009A00008BF4D4600214FF020096FF01F0B4FF09C
:1009B000000800BF0A01A9EB011304FA03F32AFAA5
:1009C00002F206EB41001A430BEB0111002958BF5C
:1009D00024FA01F291B2FFF717FE4CF25030FFF704
:1009E0004BFE396821F00101396028B908F101088E
:1009F0005FFA88F18D42DDD841F2A0620021C2F297
:100A00000002117601B0BDE8F08F000042F2040050
:100A1000C4F20200C16809065CBF0020704740F2C2
:100A20002311C4F26751016048F6AB11CCF6EF51C7
:100A30000160C068C0F3C010704700002DE9F04F9E
:100A400082B0002971D0A0F18042A2F584324FEA31
:100A5000B22241F600430092C4F2010306226FF075
:100A60001F0501274FF00F0E984208BF0522019283
:100A70001CE000BF0246B4F5807F24BF2E4604323E
:100A8000D2F800C00EFA06F32CEA030C042303FA92
:100A900006F64CEA06031360C268A243C26031FA4C
:100AA00007F207F1010705F104053ED07B1E012284
:100AB00002FA03F616EA0104F1D040F20042C4F251
:100AC00001024FEA930BA2F57E7C5CF82B9005F1B6
:100AD0002006009A06F00C0A019B0EFA0AF8052A75
:100AE00038BF134609EA080903FA0AF39945C1D148
:100AF00040F20043C4F201031A6840F20C49A243D9
:100B00001A605A68C4F20109A2435A60D9F8002059
:100B1000A243C9F800209A68A2439A605CF82B208F
:100B200022EA08024CF82B20A4E702B0BDE8F08FBF
:100B30002DE9F04F83B00C68002C00F0EA80A0F1A2
:100B40008042A2F5843240F2004E4FEAB22241F6D2
:100B50000047C4F2010E0092C4F2010706220025EC
:100B60004FF001094FF0000B4FF0000AB84208BFE8
:100B70000522019209E000BF0C680BF1010B34FA69
:100B80000BF205F1040500F0C48009FA0BF814EA31
:100B9000080CF1D04C684FF6FF72C1F2100294427B
:100BA00010DC122C50D8DFE804F0330A41454F4FD7
:100BB0004F4F4F4F4F4F4F4F4F4F4F484C00D1F873
:100BC0000CA041E04FF6FF72C1F2210294420FDC0B
:100BD0000022C1F2110294421AD00022C1F2120284
:100BE000944215D00022C1F22102944210D02BE091
:100BF0000022C1F2220294420AD00022C1F2310244
:100C0000944205D00022C1F2320294421CD100BFAE
:100C10008C6844B1012C14BFC0F81480C0F8108057
:100C20004FF0080A10E04FF0040A0DE0CC6804F120
:100C3000080A09E04FF0000A06E0CC6804F1040A53
:100C400002E0CC6804F10C0A2C460746BCF5807F14
:100C500024BF203C04373A680F2303FA04F6B2435A
:100C60000AFA04F422433A60CA79D2067FF584AFC7
:100C700041F21804C4F2020422684FF6084842F018
:100C8000010222602268CFF6FF7802F00102029290
:100C9000029A2BF00302724452F8084005F00C0649
:100CA00003FA06F7009BBC43019F052B38BF1F4684
:100CB00007FA06F6344342F808404C6840F20C4606
:100CC000E202DEF8082054BF22EA0C0742EA0C07D1
:100CD000C4F20106A202CEF80870326854BF22EABC
:100CE0000C0742EA0C07A2033760DEF8042054BF69
:100CF00022EA0C0742EA0C07E203CEF80470DEF8A1
:100D0000002054BF22EA0C0242EA0C02CEF8002076
:100D100032E703B0BDE8F08FC26802EA01039143F5
:100D200041EA034101617047002A08BF09040161DB
:100D30007047000041F6DC00C2F200000068704716
:100D4000002804BF0120704710B50446242084F811
:100D50003D002068016821F001010160204600F09B
:100D6000DDFA0020206484F83D00206384F83E0012
:100D700084F83C0010BD0000006C704790F83D0006
:100D800070470000F0B581B0B0B3044690F83D0064
:100D900028B9002084F83C00204600F0C1FA242045
:100DA00084F83D002068016821F0010101600168BC
:100DB00041F400410160016821F40041016000F04C
:100DC0004FFC48F28041C0F21E0140F600126568F7
:100DD00088424FF00001C0F23D0248F2A16C4FF092
:100DE000000338BF01219042C0F2010C38BF01233B
:100DF000654538BF0B4613B1012001B0F0BD4DF67B
:100E00008361C4F21B31A0FB011221684FEA924EAC
:100E10004B684FF4967623F03F0343EA92434B60CE
:100E200044F6D3530F6A0EFB06F6C1F26203A6FB2B
:100E3000033627F03F03B709654538BF970C7A1C86
:100E40001A430A62CA6948F2A0674CF6FF73C0F2FF
:100E50000107BD4222EA030C0AD801386A00B0FB40
:100E6000F2F001306FF31F30042898BF04202BE00C
:100E7000A368A0F1010E9BB119206843BEFBF0F0FE
:100E80000422013062F31F30000512D09BB11920FB
:100E90006843BEFBF0F00422013062F31F3011E022
:100EA00005EB4500BEFBF0F001306FF31F3000058D
:100EB000ECD1012008E005EB4500BEFBF0F001306D
:100EC0006FF31F3040F4004040EA0C00C86108682E
:100ED000D4E9072320F0C000104318430860886855
:100EE00048F2FF3204F10C0790438CCF18431043B3
:100EF000A6698860C86820F0FF0038433043C860A6
:100F0000086840F00100086000202021206484F877
:100F10003D10206384F83E0001B0F0BD2DE9F0479C
:100F200084B0044600201F4616460D460390FFF786
:100F300001FF94F83D1020290FD102218146C0F213
:100F40001001204601221923CDF8009001F0C6FAC5
:100F500018B994F83C00012803D1022004B0BDE880
:100F6000F0870121226884F83C101368DDE90D0840
:100F70000C99DB0703D1136843F001031360136876
:100F800023F400631360222284F83D20402284F879
:100F90003E200022226461626085608D29462085A2
:100FA0000020CFF6FF70E062204632463B46CDF887
:100FB0000080CDF8049001F075F918B1012004B05B
:100FC000BDE8F087208D022810D0012824D0002809
:100FD00038D1002002902068416902918169029114
:100FE0000299016841F40071016037E020680168EE
:100FF00041F400610160EFF3108072B600200290AE
:10100000206841690291816902910299016821F485
:101010008061016062B621E02068016821F480618E
:101020000160EFF3108072B60020029020684169E1
:101030000291816902910299016841F40071016095
:1010400062B60BE02068016841F480610160002114
:10105000029141690291806902900298208D0028D6
:1010600000F0AC80042740F2040A4BF28956C0F22B
:101070000107C2F2000AC1F2F846232517E0204614
:1010800041464A4601F0C0FA002897D12068616ABB
:1010900000690870606A218D01306062481E2085F9
:1010A000608D01386085208D002800F0878003283E
:1010B00047D8022861D00128E1D0204639460022D5
:1010C0004346CDF8009001F009FA00287FF476AF8E
:1010D0002068016821F480610160EFF3108072B62E
:1010E0002068616A00690870606A218D01300139E9
:1010F00060622185618D01396185DAF80010C908C7
:10110000A1FB0612110A6943039100BF039901393B
:101110000391039900295CD021684A695207F5D5EB
:101120000A6842F400720A6009690170606A218DE0
:1011300001306062481E2085608D0138608562B68E
:10114000A4E7204641464A4601F05EFA00287FF4B3
:1011500035AF2068616A00690870606A228D0130CD
:10116000013A606222852168628D013A62854A698E
:10117000520798D5096901708CE72046394600224C
:101180004346CDF8009001F0A9F900287FF416AF8E
:10119000EFF3108072B62068616A026842F4007250
:1011A000026000690870606A218D01306062481E2B
:1011B0002085608D0138608562B667E7202084F85D
:1011C0003D00002084F83E0084F83C0004B0BDE8F7
:1011D000F08700202021206384F83D1084F83E0031
:1011E000216C41F02001216462B684F83C00E5E600
:1011F0002DE9F04383B0994616460F460446FFF7A3
:1012000099FD94F83D1020290ED102210546C0F227
:101210001001204601221923009501F05FF918B949
:1012200094F83C00012803D1022003B0BDE8F0830C
:101230000121226884F83C101368DDE90B080A9943
:10124000DB0703D1136843F001031360136823F431
:1012500000631360212284F83D20402284F83E2060
:101260000022226461626085608D394620850020FD
:10127000CFF6FF70E062204632464B46CDF8008044
:10128000019501F095F830B3012003B0BDE8F0837B
:10129000204641462A4601F0F3F928BB606A2168DE
:1012A000034613F8012B0A61228D6362571E2785BE
:1012B000638D3F04A3F1010363854B6918BF13F0ED
:1012C000040308D0437802300B616062901E2085D1
:1012D000608D01386085208D0028D9D12046414697
:1012E0002A4601F0C5F840B1206C0428CCD1206812
:1012F000016841F400710160C6E72068016841F4AB
:1013000000710160202084F83D00002084F83E0038
:1013100084F83C0003B0BDE8F08300007047000093
:101320007047000040F2400041F6DC01C2F20000CC
:10133000C2F2000100780A6810440860704700009B
:1013400080B542F20000C4F20200016841F01001D1
:101350000160032000F09CF80F2000F005F800F079
:1013600059F8002080BD0000B0B586B041F21C01E4
:10137000C4F202010A68044642F001020A600968E8
:1013800001A801F0010101910199694600F040F9BD
:10139000049D002D18BF012500F062F94DF6836110
:1013A000A840C4F21B31A0FB01014FF0FF3000EB5D
:1013B000914141F2C450C2F200004FF0804240F22D
:1013C000E7330025C0E90021C0E9025305618561CA
:1013D00000F070FB0546C0B941F2C450C2F20000F3
:1013E00000F0B8FB054680B91C2000F03DF80F2C3A
:1013F0000AD81C202146002200F03AF840F24400AE
:10140000C2F20000046000E00125284606B0B0BD2D
:101410007047000082B041F21800C4F20200016877
:10142000022241F001010160016801F00101019116
:101430000199416841F080514160406800F080505E
:10144000009000980420C4F20100016862F31A6160
:10145000016002B07047000080B502F01BFA80BD49
:1014600080B502F027FA80BD80B502F037FA80BD62
:1014700070B514460D46064602F040FA294622464B
:1014800001F0CEFC0146304602F040FA70BD00008B
:1014900080B502F04DFA80BD02F05AFA2DE9F04312
:1014A00081B0002800F0898042F20008C4F20208EE
:1014B0000446D8F800000D4600F0070088420CD220
:1014C000D8F8000020F007002843C8F80000D8F83A
:1014D000000000F00700A8426FD1206841F2040923
:1014E0008107C4F2020917D5410705D5D9F80010C4
:1014F00041F4E061C9F80010010705D5D9F80010E2
:1015000041F46051C9F80010D9F80010A26821F028
:10151000F0011143C9F80010C00745D1D8F8000008
:1015200000F00700A8420CD9D8F8000020F007000E
:101530002843C8F80000D8F8000000F00700A842CF
:101540003BD12068410707D5D9F80010E26821F4A3
:10155000E0611143C9F80010000708D5D9F8000070
:10156000216920F4605040EAC100C9F8000000F091
:101570009BF8D9F8001045F24872C1F30311C0F688
:101580000102515C40F2040220FA01F140F24400F1
:10159000C2F200000068C2F200021160FFF7E4FE30
:1015A000002001B0BDE8F0836068022809D001285E
:1015B00029D159F8041C890307D4012001B0BDE8E2
:1015C000F08359F8041C8901F7D5D9F8001021F0EF
:1015D00003010843C9F80000FFF7ACFB064641F2DF
:1015E000883700BFD9F80000616800F00C00B0EB4C
:1015F000810F93D0FFF79EFB801BB842F2D90320E6
:1016000001B0BDE8F08359F8041C8907D5D5DCE7A3
:101610000F22026041F20402C4F20202136803F0D6
:1016200003034360136803F0F0038360136803F45B
:10163000E063C36012684FF4E06303EAD202026120
:1016400042F20000C4F20200006800F007000860E7
:101650007047000040F20400C2F2000000687047CA
:1016600080B5FFF7F7FF41F20401C4F202010968F7
:1016700045F25872C1F30221C0F60102515CC84024
:1016800080BD000080B5FFF7E5FF41F20401C4F220
:101690000201096845F25872C1F3C221C0F6010285
:1016A000515CC84080BD000041F2040CC4F2020C41
:1016B000DCF8003003F00C00082841F20020C0F2F2
:1016C0007A0018BF7047C3F383420AA18A5CD9032A
:1016D00005D440F60010C0F23D0050437047DCF8DE
:1016E000001008A3C1F34041595C5043B0FBF1F036
:1016F000704700BF02030405060708090A0B0C0D1A
:101700000E0F1010010200002DE9F04182B00028F8
:1017100000F0C4800446007841F20006C007C4F21D
:10172000020643D0706800F00C00042817D07068DF
:1017300000F00C00082802D17068C0030FD465685F
:101740002DB1B5F5A02F10D0B5F5803F11D0306880
:1017500020F480303060306820F480200CE0306865
:10176000800323D5606808BB98E0306840F480208F
:101770003060306840F480303060FFF7DBFA002DD5
:10178000054610D03068800310D4FFF7D3FA401B11
:101790006428F7D904E100BFFFF7CCFA401B6428A6
:1017A0004FF0030077D830688003F5D420788007A5
:1017B00018D5706810F00C0F07D0706800F00C009E
:1017C000082826D17068C00323D43068800702D56A
:1017D0002069012862D13068616920F0F80040EA90
:1017E000C1003060207800073DD5A06938B30020E3
:1017F000C4F242200121C0F88014FFF79BFA05468D
:10180000706A80072DD4FFF795FA401B0228F7D99C
:10181000C6E02069002840F20000C4F2422000F037
:10182000968001210160FFF785FA05463068800740
:10183000D1D4FFF77FFA401B0228F7D9B0E000208F
:10184000C4F242200021C0F88014FFF773FA054665
:10185000706A800707D5FFF76DFA401B0228F7D999
:101860009EE001F0F5FA207840071BD4E5698DB1C0
:10187000706800F00C00082847D1012D0ED0706868
:10188000216A00F480328A4208D1616A00F4701043
:10189000884203D1002002B0BDE8F081012002B0EF
:1018A000BDE8F081F06910F0805808D1F06940F08F
:1018B0008050F061F06900F080500190019847F28B
:1018C0000007C4F200073868C00510D4386840F437
:1018D00080703860FFF72EFA054600BF3868C005F3
:1018E00005D4FFF727FA401B6428F7D958E0E568CC
:1018F0001DB1052D3CD0012D3ED0306A20F00100F5
:101900003062306A20F0040039E00027C4F2422738
:1019100000203866FFF70EFA022D05460CD100BFF5
:101920003068800154D5FFF705FA401B02284FF0BC
:101930000300F5D9AFE700BF30688001AAD5FFF7F3
:10194000F9F9401B02284FF00300F5D9A3E7002165
:101950000160FFF7EFF90546306880077FF542AF79
:10196000FFF7E8F9401B02284FF00300F4D992E793
:10197000306A40F004003062306A40F001003062AA
:10198000FFF7D8F9002D054641F2883714D000BF83
:10199000306A800713D4FFF7CDF9401BB842F7D95E
:1019A000032002B0BDE8F081FFF7C4F9401BB84244
:1019B0004FF003003FF66FAF306A8007F4D4B8F100
:1019C000000F7FF453AFF06920F08050F0614DE7D5
:1019D000206AB0F5803F05D17168A26821F400311A
:1019E000114371607168626A21F4741110430843F5
:1019F000706001203866FFF79DF904463068800169
:101A00003FF548AFFFF796F9001B02284FF003009F
:101A1000F4D940E7704700007047000010B590F817
:101A20003C20012A4FF0020241D0012380F83C30D3
:101A300080F83D200268D2F804E0D2F808C00C68B3
:101A40002EF07003234340F6FF34C4F20004A24298
:101A500053600FDCB2F1804F1ED040F20043C4F25D
:101A600000039A4218D040F60003C4F200039A42E1
:101A700012D016E040F60043C4F200039A420BD0A5
:101A800043F20043C4F201039A4205D042F60043F8
:101A9000C4F201039A4204D149682CF0800319432F
:101AA00091600121002280F83D1080F83C20104612
:101AB00010BD0000002804BF0120704710B5044687
:101AC00090F83D0028B9002084F83C00204600F042
:101AD0001FF8022084F83D002068211D01F034FA2F
:101AE000012084F8460084F83E0084F83F0084F822
:101AF000400084F8410084F8420084F8430084F8F0
:101B0000440084F8450084F83D00002010BD00002A
:101B100080B582B0006840F20041C4F20001884202
:101B200001D002B080BD41F21C00C4F20200016885
:101B3000002241F00201016000680F2100F0020064
:101B4000019001981D20FFF793FC1D20FFF78CFCEE
:101B500002B080BD90F83D1001291CBF01207047E4
:101B6000022180F83D10006840F6FF32C168C4F2DF
:101B70000002904241F00101C1600FDCB0F1804FE2
:101B80001ED040F20041C4F20001884218D040F655
:101B90000001C4F20001884212D018E040F6004172
:101BA000C4F2000188420BD043F20041C4F20101AB
:101BB000884205D042F60041C4F20101884206D1B4
:101BC000816801F00701062904BF00207047016801
:101BD00041F00101016000207047000001460068EB
:101BE00041F21113C26822F00102C260026A1A4275
:101BF00008D1026A40F244431A4203D1026822F03B
:101C0000010202600122002081F83D20704700009F
:101C100010B5044690F83C0001284FF0020008BFC0
:101C200010BD012284F83C2084F83D0020684FF666
:101C3000777382689A4382600A684F2A0FDC1F2AF2
:101C400022DD202A23D0302A21D0402A4DD14B68D2
:101C5000CA68194601F0F8F9206840213BE06F2A74
:101C600017DDB2F5005F20D0B2F5805F2AD0702A70
:101C70003BD1D1E9012CCB68614601F0D1F9206854
:101C8000816841F077011AE00AB1102A2DD111467E
:101C900021E0502A18D0602A27D14B68CA6819461B
:101CA00001F0E4F92068602115E0D1E9012CCB684E
:101CB000614601F0B5F92068816841F48041816096
:101CC00000200BE0002009E04B68CA68194601F0CB
:101CD000BBF92068502101F0AFF90020012184F800
:101CE0003D10002184F83C1010BD0120F6E70000F3
:101CF0007047000010B5044600680169890744BFB9
:101D0000C1685FEA817138D420680169490744BF1E
:101D1000C1685FEA41713CD420680169090744BF8A
:101D2000C1685FEA017141D420680169C90644BFF6
:101D3000C1685FEAC16145D420680169C9071CBF59
:101D4000C1685FEAC1714AD120680169090644BFD0
:101D5000C1685FEA016149D420680169490644BF4E
:101D6000C1685FEA416148D420680169890644BFBF
:101D7000C1685FEA816147D410BD6FF00201016163
:101D8000012121778069800745D02046FFF7B0FF09
:101D900047E06FF00401016102212177806910F4AE
:101DA000407F41D02046FFF7A3FF43E06FF00801DA
:101DB000016104212177C06980073ED02046FFF7EA
:101DC00097FF40E06FF01001016108212177C069A1
:101DD00010F4407F3AD02046FFF78AFF3CE06FF0D6
:101DE00001010161204600F03FF8ADE76FF080018E
:101DF00001612046FFF70EFEAEE76FF04001016182
:101E0000204600F039F8AFE76FF02001016120466D
:101E1000FFF702FE10BD204600F022F8204600F039
:101E200021F8002020776FE7204600F019F82046BF
:101E300000F018F8002020776EE7204600F010F838
:101E4000204600F00FF8002020776DE7204600F0D4
:101E500007F8204600F006F8002020776CE7000025
:101E6000704700007047000080B50068B0F1804FF7
:101E700008BFFFF757FA80BD7047000070470000A9
:101E800070470000B0B582B0036804461868D9688E
:101E90005A6900F02F05202D01F0200505D125B14C
:101EA000204601F035F902B0B0BD5FEA007C1EBFEC
:101EB00002F0010E01F4907212EB0E024AD1226B75
:101EC0000840C1063DD5012A3BD100200190186889
:101ED00001905868019001985869400642D4A08D3D
:101EE000E18DE28D002A1CBF401A5FEA004101D15A
:101EF00002B0B0BD216851E8031F226821F490713F
:101F000042E80313002BF5D1216851E8051F226830
:101F100021F0010142E80513002BF5D1202184F8BE
:101F200042100021216300BF216851E8031F22688D
:101F300021F0100142E80313002BF5D10221616367
:101F400054E0010658D44006D2D5204601F0D4F81A
:101F500002B0B0BDC20718BF11F4807251D1420760
:101F600055D45BE0E06B016849688AB2002ABFD0B3
:101F7000A38D9A42BCD2E1858069202831D000BF70
:101F8000206850E8030F216820F4807041E80302C4
:101F9000002AF5D1206850E8050F216820F00100E3
:101FA00041E80502002AF5D1206850E8050F2168B4
:101FB00020F0400041E80502002AF5D1202084F8F5
:101FC00042000020206300BF206850E8030F216812
:101FD00020F0100041E80302002AF5D1E06BFEF783
:101FE00081FB02206063A08DE18D401A81B2204602
:101FF000FFF744FF02B0B0BD204601F035F902B052
:10200000B0BD626C42F001026264420706D5BEF1C7
:10201000000F03D0626C42F002026264820706D5B0
:10202000BEF1000F03D0626C42F004026264BCF1A6
:10203000000F06D55EEA050203D0626C42F008028A
:102040006264626C002A3FF453AF0840800602D5F8
:10205000204601F05DF820684069616C00F04000A6
:1020600001F00801401827D0204601F01DF8206833
:10207000406940061BD500BF206850E8050F216865
:1020800020F0400041E80502002AF5D1E06B70B174
:1020900043F29901C0F601014163FEF743FB0028BA
:1020A0003FF426AFE06B416B884702B0B0BD2046DD
:1020B000FFF7E6FE02B0B0BD2046FFF7E1FE0020CC
:1020C000606402B0B0BD0000002804BF012070476A
:1020D00010B5044690F8410028B9002084F840006B
:1020E000204600F021F8242084F841002068C168CF
:1020F00021F40051C160204601F06EF820680169AA
:1021000021F490410161416921F02A014161C168D6
:1021100041F40051C16000202021606484F8411026
:1021200084F84210606310BD70B586B045F20005BA
:102130000068C4F200050026A842CDE904660396B3
:10214000029601D006B070BD41F21800C4F2020040
:10215000416802AC41F480114160416801F4801192
:1021600001910199016841F010010160016801F0DD
:10217000100101910199016841F02001016000689E
:10218000214600F02000019001984FF48050029009
:10219000022003900320059005F54040FEF7C8FC9F
:1021A0000420CDE9020605F5444021460496FEF7D9
:1021B000BFFC352000210022FFF75AF93520FFF738
:1021C00053F906B070BD0000704700007047000072
:1021D000FEE7000010B541F21C00C4F202000168E5
:1021E00040F6004421F48001C4F20104016020465D
:1021F0004FF48061FEF722FC20464FF40061FEF7A9
:102200001DFC10BD2DE9F04186B041F21806C4F264
:102210000206306840F6004440F008003060306844
:10222000C4F2010400F00800029002984FF48060AC
:1022300002AD02904FF01208032720462946CDF840
:102240000C800597FEF774FC4FF40060CDE902089E
:10225000204629460597FEF76BFC706840F4800025
:102260007060706800F480000190019806B0BDE8CD
:10227000F08100000268516949054FF000010FD557
:102280006FF4806353612022016380F83D2080F861
:102290003E10026C42F00402026480F83C100121FE
:1022A000084670472DE9F04782B0044600680E46A4
:1022B0000168DDF828A041F4806101600168DDF863
:1022C0002C9041F480711D461746016020464FF066
:1022D000011100225346CDF8009000F0FFF850B1F4
:1022E00020680068C00544BF4FF4007020640320DC
:1022F00002B0BDE8F08740F202082068C0F2010891
:1023000006F0FE0606612046414652464B4600F066
:102310002FF948BB0020019020684A46416901918D
:102320008069514601900198204600F0A9F998B9BA
:10233000012D08D02068390A0161204651464A46DD
:1023400000F09EF940B92068F9B20161204651467B
:102350004A4600F095F958B1206C042804D1206851
:10236000016841F400710160012002B0BDE8F0870E
:10237000206800220168534641F4807101602046C4
:102380004FF00111CDF8009000F0A8F80028A7D177
:10239000206846F0010101612046414652464B4605
:1023A00000F0E6F8002818BF012002B0BDE8F08771
:1023B0002DE9F04383B0044600680D4601680A9F8A
:1023C0000B9E41F4807199469046016020464FF083
:1023D000011100223B46009600F080F850B12068C1
:1023E0000068C00544BF4FF400702064032003B0B0
:1023F000BDE8F083206805F0FE0101610221C0F212
:10240000010120463A46334600F0B2F818B10120E7
:1024100003B0BDE8F0830020029020683246416995
:1024200002918069394602900298204600F028F90E
:1024300040B1206C0428EAD12068016841F40071A1
:102440000160E4E7B9F1010F0AD020684FEA1821D2
:10245000016120463946324600F012F90028E8D1E1
:1024600020685FFA88F10161002003B0BDE8F083C5
:10247000F0B581B004460068406940071AD415469B
:102480000E464F1C08E000BF20684069400714D585
:102490002068406940070DD42046FFF7EBFEC8B91D
:1024A000002FF5D0FEF746FC002EEDD0401BB042C9
:1024B000EED9E9E7002001B0F0BD00202021206323
:1024C00084F83D1084F83E00216C41F02001216425
:1024D00084F83C00012001B0F0BD00002DE9F04778
:1024E000DDF8208099461646044601F47F078DB238
:1024F00003F1010A0EE000BF2068B7F5803F14BF6A
:102500001830143000682840401BB0FA80F04009B1
:10251000B0421DD02068B7F5803F14BF183014308A
:1025200000682840401BB0FA80F04009B0420CD14E
:10253000BAF1000FEED0FEF7FDFBB9F1000FDBD0D2
:10254000A0EB08004845E5D9D6E70020BDE8F087B4
:1025500000202021206384F83D1084F83E00216C87
:1025600041F02001216484F83C000120BDE8F0879F
:102570002DE9F04104460068984643698FB203EAAA
:102580000701B94202D10020BDE8F0814169490547
:1025900017D41646551C00BF5DB1FEF7CBFB1EB12C
:1025A000A0EB0800B04204D9206840693840B84226
:1025B0001ED1206841693940B942E4D041694905DA
:1025C000EAD5016841F4007101606FF480614161F6
:1025D00000202021206384F83D1084F83E00216C07
:1025E00041F00401216484F83C000120BDE8F08141
:1025F00000202021206384F83D1084F83E00216CE7
:1026000041F02001EEE7000070B504460068154671
:1026100050F8143F5A0615D40E4608E02068406969
:1026200040061DD5206850F8141F49060AD40168D9
:10263000C90609D4FEF77EFB002EEFD0401BB04246
:10264000F0D9EBE7002070BD6FF0100101600020B1
:102650002021206384F83D1084F83E00216C09E0BD
:1026600000202021206384F83D1084F83E00216C76
:1026700041F02001216484F83C00012070BD00007D
:10268000F0B581B004460068406900061AD41546CA
:102690000E464F1C08E000BF20684069000614D5B4
:1026A0002068406900060DD42046FFF7E3FDC8B955
:1026B000002FF5D0FEF73EFB002EEDD0401BB042C0
:1026C000EED9E9E7002001B0F0BD00202021206311
:1026D00084F83D1084F83E00216C41F02001216413
:1026E00084F83C00012001B0F0BD00002DE9F0416C
:1026F00082B041F20C60C2F2000001686FF001028A
:102700000A61FFF76BFA41F25466C2F20006F08DDF
:1027100041F225580028C2F200084FF0000561D0B0
:1027200041F24377C2F20007002404E00134F08D47
:10273000E5B2A84256D9B06A3978425D28448A4247
:1027400010D14378032B02D18378002B43D08A42E7
:1027500008D14378062B05D18378012B02D1C378A9
:10276000002B3CD0102A07D14378032B04D1837867
:10277000012B01D1C37883B37E2AD7D142788A4214
:10278000D4D181788029D1D1C178A129CED1017944
:102790000129CBD1C1797F29C8D10521FDF73EFEA2
:1027A000B16AC0F3072329444A799A42BED1897994
:1027B000C0B28142BAD1FEF747F84FF0FF30FEF7C2
:1027C0004FFE4FF0FF30FEF747FEEFF3108072B67A
:1027D000FEF762FE06E0012002E0032000E0022096
:1027E00088F8000098F80000032878D0022800F04C
:1027F000B580012840F01981B06A06212844FDF710
:102800000DFEB16AC3B22944CA799A4240F00D81E3
:102810008A79C0F30720824240F00781487941F26B
:102820004371C2F20001097841F61204C2F20004B9
:1028300041F24975217003214000C2F20005617028
:1028400041F2C1612870A070E01CC2F20001802238
:10285000FDF78AFC41F21850C2F20000006884F8CB
:10286000830041F22450C2F20000017840F2480097
:10287000C2F20000006884F8841004F1850101F0C0
:10288000ADFB40F6B000C2F200008268D0E9001053
:10289000C4F89520C4F891002878C4F88D10C11CA4
:1028A0002046FDF7BBFD297800BA2144000CA1F8B1
:1028B000030040F60040C4F201004FF48071012291
:1028C0003462FEF731FA28780530F08445F20C00C6
:1028D000C4F20000016841F040010160A5E0B06A67
:1028E00006212844FDF79AFDB16AC3B22944CA798A
:1028F0009A4240F09A808979C0F30720814240F0E3
:10290000948041F2437141F6120440F21030C2F259
:102910000001C2F20004C0F201000978206000202A
:102920002071617120460621FDF778FD00BA000C88
:10293000E08040F60040C4F201004FF480710122B3
:102940003462FEF7F1F90820F08445F20C00C4F27D
:102950000000016841F04001016066E0B06A0621B4
:102960002844FDF75BFDB16AC3B22944CA799A4293
:102970005BD18979C0F30720814256D1EFF31080F3
:1029800072B6FEF743F840F27030C2F20000002148
:102990004FF600080160C0F603080121C0E902817A
:1029A00001A9FDF775FF4FF47A70FDF765FEB06A77
:1029B0006C1D025D012041460023FDF7CDFF4FF461
:1029C0007A70FDF759FEFDF7BDFF41F24377C2F281
:1029D000000762B6387841F61205C2F20005287089
:1029E0004FF48370B16AC5F80100085D0621687173
:1029F0002846FDF713FD00BA000CE88040F60040C1
:102A0000C4F201004FF4807101223562FEF78CF9A7
:102A10000820F08445F20C00C4F20000016841F087
:102A20004001016098F8000038700020F08502B085
:102A3000BDE8F081F0B581B045F20400C4F20000B9
:102A400050F8044C066841F254656106C2F2000574
:102A500003D4A00622D401B0F0BDE98C51B1296A9B
:102A60004A1C2A6209780160E88C0138E884A006D3
:102A7000F1D513E08168002221F0400181604BF61E
:102A8000FC3108444FF480710027FEF74DF941F204
:102A90002550C2F200000770A006DCD541F20C649C
:102AA000C2F2000420686FF001010161016120465B
:102AB000FFF794F8A86AE98D4A1CEA854654E88D28
:102AC000A98D0F398142DCBF0020E88520680021F4
:102AD00041622046FFF73EF801B0F0BDF0B585B089
:102AE000002641F21800CDE90366CDE90166C4F283
:102AF0000200016840F6004441F0200101600168D5
:102B0000C4F2010401F02001009100990168002243
:102B100041F00801016001684FF4A04501F008018F
:102B200000910099016841F004010160016801F021
:102B3000040100910099016841F0100101600068F2
:102B40004FF4A04100F01000009000982046FEF7DE
:102B5000EBF80195022001AD01270490204629469B
:102B6000CDE90276FDF7E4FF4FF40050019000201C
:102B7000C1F21100CDE9020620462946FDF7D8FF33
:102B80004FF48070CDE901070326204629460397BC
:102B90000496FDF7CDFF0820A4F58064CDE9010778
:102BA00020462946CDE90376FDF7C2FF20460821DD
:102BB0000122FEF7B9F805B0F0BD000080B545F67A
:102BC0000001C4F2000148F2A06200234FF4804CDF
:102BD000C0F2010280E80E00C0E9033CC0E9053301
:102BE000C0E90733FEF7CEF8002818BF012080BDEA
:102BF00080B586B041F20C6040F200420021C2F282
:102C00000000C4F2000241F61F434FF0130CCDE95F
:102C10000411CDE90211CDE90011C0E90023C0E99A
:102C2000021C01618161FEF745FFC0B94FF480507D
:102C3000029041F20C60C2F2000002A9FEF7E8FF28
:102C400068B90020CDE9000041F20C60C2F200003A
:102C50006946FEF7E3FE002804BF06B080BDFDF71D
:102C6000A5FC000080B50120FDF7FEFD00F042F854
:102C700080BD000000F054F8B0B545F20C05C4F278
:102C8000000541F25464A5F10C00C2F200044FF4B7
:102C9000E13100220C2384E807002046C4E9032226
:102CA000C4E90532E261FFF70FFA48B9286820F05D
:102CB000400028602068C16841F02001C160B0BDBB
:102CC000FDF774FC80B543F60001C4F20101002356
:102CD0004FF00C0C4FF4E13280E80E00C0E90333F2
:102CE000C0E905C3C361FFF7EFF9002818BF012051
:102CF00080BD000080B50020FDF7DCFA0020FDF764
:102D0000FBFB41F24471C2F20001086041F2145130
:102D1000C2F200010028086008BF80BDFEE7000085
:102D200082B001A900204FF00009FDF7F5FB40F249
:102D30006031C2F200010020FDF7ACFB40F28831A7
:102D4000C2F2000103200F22C1E900020020C1E904
:102D50000229C1F81090FDF785FB00200121FDF745
:102D6000F3FB41F2447740F6000440F2AC3541F207
:102D7000205641F2245A41F21C5BC2F20007C4F211
:102D80000104C2F20005C2F20006C2F2000AC2F259
:102D9000000B4FF00508386020460821FDF7BCFF06
:102DA00000202946FDF78EFB411D38600ED0811CA6
:102DB00024D00028F0D12846CBF80090C6F8009027
:102DC0008AF8009001F072F8E6E700BF3068411C15
:102DD0000528316009DB0020FDF7CEFB6420FDF7FC
:102DE00043FD00200121FDF7AFFB30680728D3DB4E
:102DF00002208AF8000007203060CDE7DBF80000F1
:102E0000411C0528CBF80010C6DB01208AF8000021
:102E1000CBF80080C0E70000FEE70000FEE70000FE
:102E200000F0070080F00703042B28BF04234FF0B5
:102E3000FF3C03380CFA03F338BF0020994381406C
:102E40000CFA00F022EA00000843704770470000C7
:102E500081B040F20400C2F20000006844F6D35191
:102E6000C1F26201A0FB0101480A009000BF009876
:102E7000411E00280091F9D101B0704780B5D0F80B
:102E800008C000880123E047C0B280BD80B5D0F8FB
:102E900008C000889BB2E047C0B280BD7047000008
:102EA000002908BF7047002283581BBA83500432A0
:102EB0008A42F9D3704700007047000070B590B0A7
:102EC00006AC20462821FDF768F9012006900A90FB
:102ED0004FF4E01000254FF4803102260F90204679
:102EE0000595CDE90355CDE90155CDE90715CDE9A6
:102EF0000D61FEF709FC78B90F20CDE901064FF40A
:102F00008060CDE9040501A802210395FEF7C6FA09
:102F1000002804BF10B070BDFDF748FB4EF6085006
:102F20000021CEF20000C0F60101016070470000F0
:102F300080B541F2C450C2F20000FEF7DBFE80BD56
:102F400080B5FFF7D3FB80BD10B540F6FF3E0368A8
:102F5000C4F2000E43F2004C7045C4F2010C20DCB8
:102F6000B0F1804F2BD040F20042C4F200029042F8
:102F700025D040F60002C4F2000290421FD07045F6
:102F800023DCB0F1804F2ED040F20042C4F20002A8
:102F9000904228D040F60002C4F20002904222D0B3
:102FA00025E040F60042C4F20002904207D060459E
:102FB00005D042F60042C4F201029042DFD14A68D5
:102FC00023F0700313437045DBDD40F60042C4F28A
:102FD0000002904207D0604505D042F60042C4F29C
:102FE0000102904203D1CA6823F44073134323F0D3
:102FF00080024B69D1F800E08C681A43604502609A
:10300000C462C0F828E005D042F60042C4F20102D2
:10301000904201D1096901630121416110BD0000A5
:10302000D0F808C011432CF47F4C41EA032141EA57
:103030000C01816070470000826822F07002114329
:1030400041F0070181607047D0F820C0036A23F087
:1030500001030362836923F0F00343EA02122CF0B8
:103060000A0319438261016270470000D0F820C052
:10307000036A23F010030362836923F4704343EA75
:1030800002322CF0A00343EA011182610162704711
:1030900080B5FFF7CFFC80BD80B5406A0021C185B7
:1030A000C184FEF7EDFE80BD016851E8031F026890
:1030B00021F4907142E80313002BF5D1016851E827
:1030C000051F026821F0010142E80513002BF5D12C
:1030D000016B01290AD100BF016851E8031F026892
:1030E00021F0100142E80313002BF5D1202180F8D4
:1030F000421000210163704780B50168CA6822F060
:103100004002CA60202180F84110FFF75FF880BDBF
:1031100080B582B090F8421022291ED18268B2F5A3
:10312000805F02D1016900294AD0816AB2F5805FCF
:1031300007D00AB9026922B10268526802F07F0220
:1031400001E0026852680A700121826A11448162BA
:10315000C18D01390A04C18501D002B080BD01686A
:10316000CA6822F02002CA60CA6822F48072CA606B
:103170004A6922F001024A61202180F842100021B0
:103180004163026B012A23D1016300BF016851E84A
:10319000031F026821F0100142E80313002BF5D150
:1031A00001680A68D20606D5002201920A680192D7
:1031B000496801910199818DFEF760FE02B080BDE2
:1031C0000168826A49686FF35F2111800221BCE7C0
:1031D000FEF7FAFF02B080BD10B504460068D4E9DE
:1031E00002C22369016921F44051114301616169FF
:1031F00043EA0C021143C26841F20C639A43114343
:10320000C1604169A26921F44071114343F6000293
:10321000C4F201029042416102D0FEF721FA01E0BE
:10322000FEF730FA6268192148439100B0FBF1F0D3
:1032300048F21F51C5F2EB11A0FB01235A096FF0B0
:10324000630302FB0300322303EB0010A0FB010128
:10325000F02303EA5113206803EB0212C1F3431178
:103260001144816010BD000090F84110212923D144
:103270008168B1F5805F01D1016931B1016A0268ED
:103280004B1C03620978516007E0016A036831F85A
:10329000022B6FF35F225A600162C18C01390A046C
:1032A000C18418BF70470068C16821F08001C16007
:1032B000C16841F04001C1607047000080B541F233
:1032C0002850C2F20000FEF7DDFD80BDB0B584B02D
:1032D00041F21800C4F20200016840F6000441F413
:1032E000804101600168C4F2010401F48041009151
:1032F000009901686D4641F00401016000682946AB
:1033000000F00400009000984FF40070009002203C
:103310000190032003902046FDF70AFC4FF48060E3
:1033200000900020CDE9010020462946FDF700FC71
:10333000252000210022FEF79BF82520FEF794F8B7
:1033400004B0B0BDFEE700002DE9F04182B00D46AB
:10335000014600284FF0020018BF002D02D102B034
:10336000BDE8F081286801F11808FF2805D1404622
:10337000002101F073FE00283BE00DF107014046FB
:1033800001F05CFA9DF8070040F6BC014FF0000C1C
:10339000C2F20001D8B19DF807002CCD4FF0010E0C
:1033A000012898BF704600EB4000870000200026EF
:1033B0000C180B500C30A672874206F1010684F8F7
:1033C00008E0627284F80BC06560F1D100E000266D
:1033D00006EB460001EB8000827A42F080028272A6
:1033E000404601F0E3FD05464046012101F036FE6E
:1033F000284318BF012002B0BDE8F0812DE9F04359
:1034000081B0044600284FF0020040D00D4600294C
:103410003DD02F78D5E901897B1E032B0CD80020E5
:1034200001221021DFE803F012020E2D00200122FC
:10343000032710215AB30AE00220002100270022AE
:103440002AB304E00020012740210122FAB104F14F
:103450001806304601F008FF78B93046394601F0C9
:10346000C9FE50B93046414601F048FE28B95FFA1E
:1034700089F1304601F0A8FE60B1012001B0BDE83D
:10348000F0830020012203274021002ADFD101B070
:10349000BDE8F083D5E90301002818BF012084F8B6
:1034A00054090020002918BF012184F8551901B0E2
:1034B000BDE8F0830420704710B548B1044690F889
:1034C0005009012802D16068804718B1012010BD61
:1034D000022010BD002084F8500910BD02460028CB
:1034E0004FF0020018BF002900D170471089086012
:1034F0000020704700284FF0020018BF002900D1BB
:103500007047402201230020C1E90023C1E90203E2
:1035100070470000B0B505460C460220002D4FF064
:10352000000118BF002C12D149B195F852090021B1
:103530000128284608BF41F2883101F0F5FC002837
:1035400018BFB0BD2846214601F08AF9B0BD95F8F4
:103550005119B1FA81F04009002918BF0121002951
:10356000EDD0E2E710B582B00C46014600284FF0DE
:10357000020018BF002C01D102B010BD01F11800EB
:103580000DF1070101F02CF89DF8071000281CBF71
:1035900001200021C9B2216002B010BD10B5C0B138
:1035A000044690F8500900281CBF012010BD04F10A
:1035B000180001F02BFA00284FF0010018BF10BDD1
:1035C000002184F85009002084F85519C4F85119D5
:1035D00010BD022010BD000070B588B05220ADF8BB
:1035E000100040F23130C0F60100029040F2FD20A0
:1035F000C0F60100039040F2CD30C0F60100059006
:1036000040F28130C0F60100069040F2F52040F60D
:10361000BC34C0F60100C2F20004079002A92046A3
:1036200000F08EF890B940F25C3540F20800C2F22A
:103630000005C2F2000040F258362860C2F20006CF
:1036400001A92046346000F03FF800B36FF0040594
:1036500018342046372104224FF4167300F0D0FCB2
:1036600090B941F6B045C2F2000500BF2046294698
:1036700000F058FF0028F9D140F24C01C2F20001DD
:10368000204601F07BFC0025284608B070BD01985B
:103690004FF20C01884213D12868016830688847CE
:1036A0000028D3D1286840F29C31C2683068C2F249
:1036B000000190470546002818BF6FF00405C7E7D2
:1036C0006FF00605C4E70000F0B581B00C46014676
:1036D00000208DF803008DF8020000294FF0020051
:1036E00018BF002C01D101B0F0BD01F1180528462A
:1036F00047F6FF710022002700F0B6F806460DF1EC
:10370000030228460021FFF7B9FB06430DF1020230
:1037100028460121FFF7B2FB0643284647F6FF7112
:10372000022200F0A1F830439DF803109DF802201A
:1037300014BF012042EA0127276001B0F0BD00005C
:1037400080B500284FF0020218BF002901D11046B1
:1037500080BDD1E90023D1E903CE43600B89C0E9E4
:1037600003CE0381D1F814C00B89C0F814C00383C1
:10377000D1E9033C49690260C0E9073C41621AB1E2
:1037800090470246104680BD0122104680BD0000D1
:10379000B0B558B1CDB204461830294601F094FCBA
:1037A000002812BF012025810020B0BD0220B0BD3D
:1037B00050B1012908D880B51830C9B201F0BEFC5B
:1037C000002818BF012080BD02207047B0B5A8B105
:1037D000044618300D4601F019FE00284FF0010094
:1037E00018BFB0BD691E032984F8510908D8DFE865
:1037F00001F0020C0E1440F201100AE00220B0BDEC
:10380000002084F851090220B0BD012001E04FF4EE
:103810008070A4F852090020B0BD0020A4F852091D
:10382000B0BD000010B550B1044690F8510920B168
:1038300004F1180001F0BCFE18B1012010BD0220F7
:1038400010BD002084F8510910BD000070B5044679
:10385000C0680D4680470646E0688047801BA84246
:10386000FAD3002070BD000080B582B0D0F804C04B
:1038700000888DF807200DF107020123E047C0B250
:1038800002B080BD80B5D0F804C000889BB2E0478C
:10389000C0B280BD002848BF704700F01F01012260
:1038A00002FA01F14EF280224009CEF2000242F803
:1038B00020107047002848BF704700F01F01012208
:1038C00002FA01F14EF280124009CEF2000242F8F3
:1038D0002010BFF34F8FBFF36F8F7047002848BF92
:1038E000704700F01F01012202FA01F14EF20012AE
:1038F0004009CEF2000242F8201070474EF60C50FC
:10390000CEF200000068C0F3022070474EF6145358
:1039100000F00F02CEF2000309011A4400F16043E7
:10392000B0F1FF3FC8BF03F564421170704700005B
:103930004EF60C51CEF200010A684FF6FF031A4012
:1039400060F30A2242F0806040F0FD70086070472A
:103950004EF60C50BFF34F8FCEF2000001680422E8
:1039600001F4E061C0F2FA5211430160BFF34F8FDE
:1039700000BFFDE72DE9F04F81B0DDF82C9000F598
:10398000A2679A460D46064607EB020B00244FF04D
:10399000000807E09BF800000A9908F101080840B8
:1039A00048451AD0304651463A462B46FFF76EFA44
:1039B000044330460A21FFF749FFB8F1C80F44EA33
:1039C000000408D2042DE5D396F812057F28E1D330
:1039D00044F0420401E044F00104E0B201B0BDE86B
:1039E000F08F0000F0B581B0044600F5A265002616
:1039F000002700BF20464FF430512A460423FFF72A
:103A000045FA064320460A21FFF720FFC72F46EA62
:103A1000000609D894F812057F2805D294F81105FC
:103A200001370328E6D101E046F04206F0B201B0CA
:103A3000F0BD00002DE9F04182B0044600270DF1F1
:103A400007050DF106080026204606212A46FFF745
:103A500015FA9DF907100743B1F1FF3F09DC204635
:103A600007214246FFF70AFA9DF806100743C907E7
:103A70000CD120460121FFF7E9FEB6F5F97F05D804
:103A80009DF80700013610F00100DDD0F8B202B059
:103A9000BDE8F0812DE9F0419AB000270DF16701F2
:103AA0000446CDE9167700F0C9FE80464BF28C4003
:103AB000C0F60200D0E90012C3688068CDE9121296
:103AC00045F2D46101AECDE91403C0F601013046E0
:103AD00044226761FCF748FB9DF8670012994FEAA2
:103AE000001C02E00137112F1AD056F82730002BA6
:103AF0001CBF21FA07F35FEAC373F3D036F82750EF
:103B000005F00F035A1E0B2A8FBF2B094CEA030244
:103B100026F82720434362691A4404326261E1E7D0
:103B2000606901A91830606120464DF68012442377
:103B300000F090FC616940EA080512201691179088
:103B400016A920464DF66812082300F083FC0543B1
:103B500012A920464DF67012102300F07BFC28437A
:103B60001AB0BDE8F08100002DE9F04FE7B000F594
:103B7000A2650E46044600F5A46700F12001284620
:103B80004FF4F472FCF7F0FA102E76D141F20800EF
:103B900040F20F41C0F21070C0F204013960786049
:103BA00028464FF4F47104970595FFF779F90DF164
:103BB0009C0A04F24C5150464FF480720391FCF77A
:103BC000D3FA07AE04F5CA6130468022069402910A
:103BD000FCF7CAFAAAF1080CA6F1020E4FF0000990
:103BE00000257146604600BF50F8084F4768D0E98D
:103BF00008B83C445C444444A4084AF8054074199D
:103C0000775FB4F90220B4F91030B4F912403A44A5
:103C10001A44224402EB927292080435102D21F8C6
:103C2000022FE1D109F101090CF1400C20360AF113
:103C3000100AB9F1040F0EF1080ED1D107AD05F14C
:103C400020006021FCF7A9FA27AC04F14000C02154
:103C5000FCF7A3FA039821464FF48072FCF784FA2C
:103C6000029829468022FCF77FFA059D4FF4F471F3
:103C70002846FFF715F9069C049F0020211891F8AB
:103C800018250130B0F5F27F81F81025F6D140F209
:103C90000310CEF201404FF07061C7E97410204666
:103CA00042F618612A464FF4F473FFF7EBFD054620
:103CB000FF20032700902046042101224FF43053B7
:103CC0000197FFF757FE284367B0BDE8F08F00006B
:103CD0002DE9F04FC3B000F5A26A0E46834600F509
:103CE000027150464FF44272FCF73EFA102E57D143
:103CF00041F2080140F20F420BF5A360C0F21071CF
:103D0000C1F20472C0E9002147F600024FF00061E1
:103D1000C0F60002C0E9062150464FF44271FFF799
:103D2000BFF80BF244580DF10C09484641464FF4D8
:103D30008072FCF719FAA9F1080C00214A4600BF6D
:103D40000023604650F8087F4568D0E908462F44B4
:103D500027443744BF0842F823700133042BF1D1C4
:103D600001310CF1400C042902F11002E8D109F1F3
:103D70004000C021FCF711FA404649464FF48072DA
:103D8000FCF7F2F950464FF44271FFF789F84FF60D
:103D9000A040C0F20100CBF844060020CBF8880513
:103DA000584642F6F84152464FF44273FFF76AFD17
:103DB0000546FF20032700905846042101224FF4B6
:103DC00030530197FFF7D6FD284343B0BDE8F08F8D
:103DD00062B6FDF7B5FAFFF771F841F2546141F2AE
:103DE0004A70C2F20001C2F20000886241F612007D
:103DF000C2F2000008620020C822C885C8848A85F3
:103E00008A844FF2E87140F6B002C1F6FF71C2F247
:103E1000000200BF435C135401300C28FAD14FF666
:103E20000004C0F60304FEF759FEFEF7E1FEFEF7BC
:103E300023FF40F60000C4F2010008210022002602
:103E4000FCF772FFFEF70EFF207841F24375C2F2D5
:103E500000050228287025D001272F70EFF310806D
:103E600072B6FCF7D3FD40F2703040F28431C2F2FA
:103E70000000C2F200010660C0E90247FCF708FD3D
:103E80004FF47A70FCF7F8FB2A78012021460023D2
:103E9000FCF762FD4FF47A70FCF7EEFBFCF752FD85
:103EA00062B600BFFEF7E6FEFCE7000070B583B027
:103EB00000210091029102993F2962DC41F2C16226
:103EC0004FF0070CC2F2000203234FF0E80E011D71
:103ED000E72405E0029D08350295029D402D50DA49
:103EE000CDF804C0019D002D20D5F3E7029D019E71
:103EF000354405EB850501EB85056D68009E2D0AAF
:103F00009555029D019E354405EB850501EB850520
:103F10006D68009E16447570009D02350095019DE8
:103F2000013D0195019DB5F1FF3FD3DD029D019E4D
:103F3000354405EB850500EB85056D68D5B1029D1F
:103F4000019E354405EB850500EB8505ED68002DE8
:103F5000CCD0029D019E354405EB850500EB85051F
:103F6000ED68052DC2D0009D5355009D15446C7021
:103F7000D2E700BF009D5355009D154485F801E030
:103F8000CAE703B070BD000010B540F60044C4F2AB
:103F9000010420464FF480410022FCF7C5FE0220B8
:103FA000FCF762FC20464FF480410122FCF7BCFE86
:103FB0000220FCF759FC20464FF480510022FCF708
:103FC000B3FE0220FCF750FC20464FF48051012242
:103FD000FCF7AAFE0220FCF747FC10BDB0B50D4669
:103FE0000446FCF7E5F80128B8BFB0BD691E621EA3
:103FF00012F8013F013801F8013FF9D1B0BD0000CE
:104000002DE9F0438BB004464FF440700A90ADF8B0
:1040100016100DF1270120468DF81520ADF812304D
:1040200000F00CFC05460DF12601204600F0E6FBF1
:10403000054307A9204600F0BDFA054309A920461B
:1040400000F0AEFC05430DF12501204600F0C0FC58
:10405000054306A9204600F0C9FC05430DF12301E4
:10406000204600F0D9FB9DF81510054301390F29B2
:1040700000F2A580BDF816000138622800F29F808A
:10408000BDF81200A0F51670B0F5166F00F297801B
:104090002046402101F0E8F840EA050604F5A26553
:1040A00045F26071C0F6010128464FF47672FCF7C4
:1040B0005BF8204642F628412A464FF47673FFF714
:1040C000E1FB06432046FFF78DFCBDF816100643C2
:1040D0000801BDF81210ADF816008800ADF8120006
:1040E00002270DF112004FF00009CDE9000720462C
:1040F000294645F270420823CDF8089000F08AF96D
:1041000006430DF11600CDE900072046294645F289
:1041100070420823029700F07DF9064304200DF158
:1041200015010127009102902046294645F2704270
:104130000823019700F06EF906432046FFF7AAFC1A
:1041400006430AAA204642F6FC710423FFF79AFBB5
:1041500006432046FFF746FC064304F5027803E0D9
:10416000FF260027012F2CD1204600212A460423B8
:10417000FEF78CFE94F810150643FF2910D094F832
:1041800012057F28EDD394F91305B0F1FF3FE8DC69
:10419000E16940464FF44272FBF7E6FFE1E700BFFA
:1041A0001FFA89F000091828DAD82046322109F1CF
:1041B0000109FFF74BFB0643012FD5D001E045F085
:1041C0007F0604F5A2654BF23421C0F602012846B1
:1041D0004822FBF7C9FF204642F6B8712A46482319
:1041E000FFF750FB06432046FFF7FCFB0643204643
:1041F00042F604412A464FF44373FEF747FE46EA6F
:10420000000504F5027004F5A3614FF44072FBF75A
:10421000ABFF40F20010C0F203404FF07061A269A2
:10422000C4F80815C4F80C05204642F634414FF492
:104230007373FFF727FB05432046FFF7D3FB0543C6
:104240009DF8271041F24170C2F2000001709DF804
:10425000260041F22652C2F2000210709DF825009D
:1042600041F24872C2F2000210709DF8240041F23F
:104270004272C2F2000210709DF8230041F2C06247
:10428000C2F200021070079841F29C62C2F2000272
:104290001060069841F6B872C2F2000210604FF446
:1042A000C8700690204600F0DFFF9DF826100543F9
:1042B000204600F089FF07990543204600F01EFFC5
:1042C0009DF824100543204601F042F89DF8251082
:1042D0000543204601F060F8054320464FF4C871BD
:1042E00001F076F89DF823100543204600F082FF88
:1042F0002843C0B20BB0BDE8F0830000B0B50C4657
:1043000000F5A262002104230546FEF7BFFD95F8E3
:104310001015FF2910D02A7C91420DD095F8111567
:10432000052909D195F8121501F00501052903D1D8
:1043300095F81315C9060BD495F91315B1F1FF3F84
:1043400002DC95F8121508430021C0B22170B0BDFF
:104350000121217095F81015C0B22974B0BD00007C
:104360002DE9F04786B0064640F20020C0F6000076
:1043700005904FF0706004900020B3F5836F4FF00C
:10438000FF0A039042D8100A8DF80C0018098DF826
:104390000E0018011D46884603F10C098DF80D200A
:1043A0008DF80F0003AA304642F6F4710C23FFF794
:1043B00069FA04460320CDE900A030460421012219
:1043C0004FF430530127FFF7D5FA40EA040A06F507
:1043D000A264304642F6044122464B46FEF756FDA3
:1043E0004AEA000A1FFA89F12046FEF759FD6DB12D
:1043F00028B2012806F21350A8F10101C8BF2F46C8
:1044000010F8012F013F01F8012FF9D1504606B0F5
:10441000BDE8F0872DE9F04F81B0DDE90A98DDF8BD
:1044200030B01C4615460E460746FFF799FF8246F8
:1044300006EB0B0049464246FBF796FE38463146EE
:104440002A46234600F006F840EA0A0001B0BDE81B
:10445000F08F00002DE9F04F87B0B3F5836F01D9DD
:10446000FF265BE003F1080906464FEA1920059094
:1044700003F10C00069042F6F470C01A049018097B
:1044800088460390084619461C4617464FEA122BE9
:104490004FEA031AFEF704FD601E00B200280FD495
:1044A00023B29A1943444FF0FF3102F21352013BF9
:1044B00013F80159013800B2884202F80159F7DCBB
:1044C000039806F5A26286F81205A0184FF07061F5
:1044D000416040F205110181059980F80B908172CD
:1044E0000498069B81B2304686F810B586F811759F
:1044F00086F813A5FFF7C6F90746FF2003250090AD
:104500003046042101224FF430530195FFF732FA6F
:1045100040EA070640462146FEF7C2FC304607B097
:10452000BDE8F08FF0B581B00D460DF103010446F2
:1045300000F084F906462046402100F095FE40EA4E
:10454000060704F5A2664BF23421C0F6020130469C
:104550004822FBF709FE204642F6B871324648234E
:10456000FFF790F907432046FFF73CFA0743204640
:1045700042F6044132464FF44373FEF787FC47EAA4
:10458000000604F5A36128464FF44072FBF7ECFDEA
:1045900040F20010C0F20340C5F804034FF0706011
:1045A0009DF80310C5F80003204600F05DFE30437F
:1045B00001B0F0BDB0B50C4600F5A26145F25C4219
:1045C00014230546FFF7CCFED5F8101544F6D35258
:1045D000C1F26202A1FB021291092160B0BD00008C
:1045E00070B582B00D4647F6FF7100220446FFF712
:1045F0003BF906460DF1070220460921FEF73EFC75
:104600009DF807100643042904D00020022918BF92
:10461000FF2600E001202870204647F6FF710222A5
:10462000FFF722F9304302B070BD00002DE9F04FD2
:1046300089B0436900F5A2670E4600213A46044658
:10464000FEF724FC019094F81005A18A20743846E6
:10465000FEF726FC6069112878D306F551700890A2
:1046600006F54170079006F53170069006F5117059
:10467000059006F5A270049006F582700390301D37
:1046800010274DF6C33B4DF657084EF243094EF244
:10469000440502900BE000F2145108985246FBF7D3
:1046A00063FD07EB0A006169071D8F424ED2E019D6
:1046B000B0F8101501F00F02931E4FEA111AB0F86E
:1046C00012150B2B38BF02FB0AFA59450EDC414587
:1046D0001ADC45F2B44291422CD045F2D0429142CC
:1046E000DFD100F214510298D8E700BF494517DC2A
:1046F0004DF6C432914221D04DF644729142D0D150
:1047000000F214510598C9E74DF658029142C2D003
:104710004DF684329142C4D100F214510398BDE7A2
:10472000A9420FD04EF284029142BAD100F2145144
:104730000798B3E790F81C053070B2E700F2145107
:104740000498ABE700F214510698A7E7301D00214A
:1047500050F82120D20A40F8212001314029F7D118
:104760004FF6806206F531700021CFF6FF7200BF70
:1047700000EB410333F9807CC7F341752F443FB20E
:10478000BF0823F8807C435C5B08435400EB810343
:104790009F580131FF0A40299F50E9D10020FF2195
:1047A000321892F804310130002B08BF82F804134C
:1047B0004028F5D148F2010206F554700021C8F2F4
:1047C000000200BF50F82130A3FB0237FB0B40F87A
:1047D000213001312029F5D16069B4F81815204441
:1047E000B0F80C050904000409BA00BA8142019826
:1047F00018BF40F0020009B0BDE8F08FB0B50C461C
:1048000000F5A26145F2584204230546FFF7A8FDD2
:1048100095F811152170B0BDB0B50C4600F5A26138
:104820004AF6305208230546FFF79AFD95F8111510
:10483000012918BF03212170B0BD0000B0B50C469E
:1048400000F5A26145F2504208230546FFF788FDB6
:1048500095F8101595F8112551432170B0BD000051
:104860002DE9F04F89B0054600284FF0020000F016
:104870008F800C46002900F08B8005F118070DF1A0
:1048800023013846FFF7DAFF40B941F6E006C2F2ED
:10489000000638463146FFF7C9FE18B1012009B0BD
:1048A000BDE8F08F9DF82310002908460291216091
:1048B00071D004F11400049006F5A27000950690E2
:1048C00006F5417006F511750022A2460790019485
:1048D00017E000BF0498039A143004900698013240
:1048E000043006900798019C01300790029841F629
:1048F000E0060AF1140A824205F10205C2F200063E
:1049000045D0B01890F80411039202EB820204EB38
:104910008202117190F804110029DBD000F5827930
:104920000098039990F854B990F8556941F6E00061
:10493000C2F2000000EB8100DDF810800430002797
:10494000059010E0069850F82700FBF738FC48F86F
:10495000040B0798C05D00F0D9FAE06099F80000F8
:1049600001378742B6D235F917000AEB8704BBF14D
:10497000010FA06004D105980068FBF720FC00E05F
:104980000020012E48F8040CDCD00020DFE70020D6
:1049900009B0BDE8F08F002009B0BDE8F08F00003D
:1049A000B0B50C4600F5A2614AF6D8621023054660
:1049B000FFF7D6FC95F81D156422514348F2810299
:1049C000C8F28002A1FB0212D1092170B0BD000023
:1049D000B0B50C4600F5A2614AF6646204230546B0
:1049E000FFF7BEFC95F810152170B0BDB0B50C46B0
:1049F00000F5A2614AF6945210230546FFF7B0FC79
:104A0000D5F81015C90A2160B0BD00002DE9F043AA
:104A100085B004464FF00110039045F6047045F64A
:104A20003831C0F60100C0F60101C4E906100020CB
:104A3000012784F83409204647F6FF7100220297C7
:104A4000FEF712FF05462046092104224FF0040913
:104A5000FEF70AFF054320460F214022FEF704FF20
:104A6000054320460A210322FEF7FEFE05430DF111
:104A70001302204647F6FF71FEF700FA0543204671
:104A80000C210122FEF7F0FE0543204640F2011101
:104A90000022FEF7E9FE054320464FF48171002213
:104AA000FEF7E2FE054320464FF485710122FEF732
:104AB000DBFE0543204644F202010122FEF7D4FE4C
:104AC0000543204644F202010022FEF7CDFE0543D5
:104AD00020464FF485710322FEF7C6FE05432046AB
:104AE00040F203110122FEF7BFFE054320460C21D0
:104AF0000022FEF7B9FE054320460F214322FEF7B0
:104B0000B3FE054320460121FEF7A0FE05432046E3
:104B10000F214022FEF7A8FE054320460A2101226C
:104B2000FEF7A2FE054320466421FEF78FFE0543F3
:104B3000204647F6FF710022FEF796FE0543FF264A
:104B4000204601210022062300960197FEF712FF5E
:104B5000284340F0D78120460E210122FEF784FE33
:104B60000546204647F6FF7102224FF00208FEF785
:104B70007BFE0543204647F6FF710122FEF774FED7
:104B80000543204606210122FEF76EFE054320461E
:104B90000121002221230096CDF80490FEF7EAFEC1
:104BA0000543204647F6FF710022FEF75DFE45EA09
:104BB00000060DF11305204647F6FF712A46FEF761
:104BC0005DF9064320460C210122FEF74DFE064307
:104BD000204647F6FF710022FEF746FE06432046B8
:104BE00040F201110022FEF73FFE064320464FF43B
:104BF00081710022FEF738FE064320464FF485718E
:104C00000122FEF731FE0643204644F20201012252
:104C1000FEF72AFE0643204644F202010022FEF778
:104C200023FE064320464FF4857103224FF003090B
:104C3000FEF71AFE0643204640F203110122FEF75A
:104C400013FE0643204644F20F010022FEF70CFE3D
:104C50000643204640F21A214322FEF705FE064392
:104C6000204640F21A210322FEF7FEFD06432046AD
:104C700040F21A210122FEF7F7FD0643204640F2DA
:104C80001A210022FEF7F0FD0643204640F21921CA
:104C90000022FEF7E9FD0643204640F21B210022D8
:104CA000FEF7E2FD0643204647F6FF710022FEF7BD
:104CB000DBFD0643204647F6FF712A46FEF7DEF885
:104CC0000643204647F6FF710122FEF7CDFD06435D
:104CD000204620210722FEF7C7FD0643204620215B
:104CE0000622FEF7C1FD0643204647F6FF71092262
:104CF000FEF7BAFD46EA000746F20C26C0F60106AA
:104D00002046002132464FF40043FEF7BBFD074327
:104D1000204647F6FF710A22FEF7A6FD074306F577
:104D20000042204600214FF40043FEF7ABFD07434D
:104D3000204647F6FF710B22FEF796FD074306F566
:104D40008032204600214FF4A043FEF79BFD47EA46
:104D50000006204647F6FF710122FEF785FD064357
:104D6000204647F6FF710122FEF77EFD06432046EE
:104D700006210322FEF778FD064320460521FEF7B3
:104D800065FD0643204647F6FF710022FEF76CFDE5
:104D90000643204647F6FF712A46FEF76FF80643A2
:104DA00020460C210122FEF75FFD0643204647F610
:104DB000FF710022FEF758FD064320464FF48A712A
:104DC0000022FEF751FD0643204640F21511002255
:104DD000FEF74AFD064320464FF48B714222FEF750
:104DE00043FD0643204640F217110022FEF73CFD2A
:104DF000064320460B210022FEF736FD06432046DF
:104E000047F6FF712A46FEF739F846EA00052046C4
:104E10000C210022FEF728FD054320460B2101222C
:104E2000FEF722FD05432046FEF704FE284369D124
:104E3000204647F6FF710222FEF716FD4BF20C22C8
:104E40000546C0F60202204642F6D8712823FEF736
:104E500019FD0543FF262046042100224FF430535C
:104E60000096CDF80480FEF785FD45EA000704F5BD
:104E7000A265204642F604412A464FF4F673FEF737
:104E800005F8074304F1200029464FF4F472FBF7BC
:104E90006BF920461021FEF767FE45F6047147EADC
:104EA000000504F50270C0F601014FF44272FBF7F1
:104EB0005BF920461021FEF70BFFA269054320464F
:104EC00042F634414FF47373FEF7DCFC0543204691
:104ED000042101224FF430530096CDF80490FEF7E0
:104EE00049FD054303A920464DF680320423FFF710
:104EF000B1FA054302A920464DF664120423FFF7D8
:104F0000A9FA2843C0B205B0BDE8F08301460928DC
:104F10004FF0000018BF052900D17047002904BFD9
:104F2000FF207047084670472DE9F04182B00546E2
:104F300000208DF80700C5B168690C468047064619
:104F400005F118070DF1070838464146FFF7D6F975
:104F50009DF8070001280CD068698047801BA0429B
:104F6000F2D3032002B0BDE8F081022002B0BDE818
:104F7000F081002002B0BDE8F081000070B582B081
:104F80000C460DF107010546FFF758FC064605F5EE
:104F9000027021464FF44272FBF7E6F89DF80710C5
:104FA000284600F061F9304302B070BD70B582B0A0
:104FB0000C46097A05464FF00530CDE90000002087
:104FC000013904E05A600C30B0F5407F33D012292B
:104FD000F9D8DFE801F0120B0A190A0A0A0B0A0ACB
:104FE0000A0A200A0A0A0A0A2700ECE722582318AC
:104FF0005E68D2022250F202E4E7225823185E686B
:1050000092002250B200DDE7225823185E68D201D8
:105010002250F201D6E7225823185E68120222506D
:105020003202CFE7225823185E68C2EB02422250B8
:10503000C6EB0642C6E7694628464BF6F01208233F
:10504000FFF708FA0646284621464BF2E8624FF47D
:105050004073FFF7FFF9304302B070BD70B586B002
:1050600004464FF001100490481EB0FA80F04FF053
:105070000C014FEA501008BF04218DF811008DF883
:10508000171004F5A265042004A90026CDE900103C
:10509000204629464BF2E06208230296FFF7BAF950
:1050A000064601200DF117014FF0110CCDE900105B
:1050B0002046294645F288421423CDF808C0FFF760
:1050C000A9F9304306B070BD70B50C4647F6FF71C4
:1050D00000220546FEF7C8FB0646C4F347022846F1
:1050E0000421FEF7C1FB0643284647F6FF71022262
:1050F0002C80FEF7B9FB304370BD000080B584B052
:105100008A1E40F2E6339A42039102D97F2004B00E
:1051100080BD4FF47A725143042203AB039100F532
:10512000A2614FF0000CCDE9003245F25C4214233D
:10513000CDF808C0FFF76EF904B080BDF0B583B0BC
:105140000E460DF10B010446FFF74AFA9DF80B10CD
:105150000546B14234D07EB1012E29D1204647F612
:10516000FF710022FEF780FB06462046092104223B
:10517000FEF77AFB01270CE0204647F6FF7100227C
:105180000027FEF771FB0646204609210222FEF7A2
:105190006BFB46EA050141EA00050120009020462C
:1051A0000121002206230197FEF7E4FB054300E0FE
:1051B000FF25204647F6FF710222FEF755FB054307
:1051C000284603B0F0BD000080B584B04FF0010C5C
:1051D0000DF10F028DF80F1000F5A261CDE9002C42
:1051E00045F258420423CDF808C0FFF713F904B084
:1051F00080BD0000F0B581B00446002004F5A26532
:105200000F460090204629464AF630520823FFF701
:10521000A7F8032F06460AD0012F11D1012084F8E8
:105220001105032084F813050020009009E00320F5
:1052300084F81105022084F813050120009000E095
:105240007F26204629464AF630520823FFF702F906
:1052500040EA0605694620464DF664120423FFF72E
:10526000F9F8284301B0F0BD2DE9F0410C46402982
:10527000054629D0102C5ED105F5A2662846314698
:105280004AF638521023FFF76BF80746402085F89E
:10529000140585F81605042085F8190528463146B9
:1052A0004AF638521023FFF7D5F840EA0708284697
:1052B000314645F2504208230827FFF751F848EAE3
:1052C000000840F2044026E005F5A2662846314673
:1052D0004AF6385210234FF01008FFF741F80746FE
:1052E000012085F81905284631464AF63852102320
:1052F00085F8148585F81685FFF7ACF8074328462E
:10530000314645F250420823FFF72AF847EA0008E1
:1053100040F608000427A5F810052846314645F256
:105320005042082385F8147585F81575FFF792F833
:1053300048EA000600E07F2628462146FEF714FCD6
:10534000064328462146FEF7C3FC3043BDE8F08102
:10535000632984BF7F20704780B584B048F21F5214
:10536000C1EB0121C5F2EB12A1FB0212510901228E
:105370000DF10F038DF80F1000F5A2614FF00D0C29
:10538000CDE900324AF6D8621023CDF808C0FFF705
:1053900041F804B080BD000080B584B04A1E012AE7
:1053A0008DF80F1011D801220DF10F0300F5A26145
:1053B0004FF0000CCDE900324AF664620423CDF8C8
:1053C00008C0FFF727F804B080BD7F2004B080BD7F
:1053D00080B584B042F210729142039102D97F20CD
:1053E00004B080BDC902042203AB039100F5A261A1
:1053F0004FF0000CCDE900324AF694521023CDF85C
:1054000008C0FFF707F804B080BD00002DE9F043A5
:1054100097B004464FF44070002613900DF15B01E5
:105420002046CDE91466FFF709FA8046FF20207474
:105430004BF27C40C0F60200D0E90012C3688068DD
:10544000CDE90F12CDE9110345F21870C0F6010045
:1054500090E88E0000F1100ED0F81C900391049299
:105460000593D0E90812C36A806A9EE82050CDE90E
:105470000C20CDE90A910F989DF85B10CDE9075CEF
:105480000E9300F668704FEA011C03AB6661069745
:10549000CDF824E00F9002E001360C2E1AD053F81C
:1054A0002670002F1CBF20FA06F75FEAC777F3D0FB
:1054B00033F8267007F00F056A1E0B2A8FBF3D09CF
:1054C0004CEA050223F826204D4362692A4404323F
:1054D0006261E1E7606903A91830606120464DF61A
:1054E00080123023FEF7B6FF616940EA08050D20FF
:1054F0001491159014A920464DF668120823FEF762
:10550000A9FF05430FA920464DF670121023FEF7A0
:10551000A1FF0543204647F6FF710022FEF7A4F9DC
:105520000543204609210522FEF79EF90543204642
:1055300047F6FF710222FEF797F9054313AA2046AA
:1055400042F6FC710423FEF79DF90543FF20032773
:1055500000902046042101224FF430530197FEF7BA
:1055600009FA45EA000604F5A2652046294645F2F7
:1055700040420C23FEF7F4FEB4F8181562694FF0B0
:10558000FF378A4208BF46EA0007204629464EF206
:10559000C4020823FEF7E4FE94F8161538430029E8
:1055A00018BF40F00300C0B217B0BDE8F0830000A0
:1055B000F0B583B0044600208DF80B00019001AADD
:1055C000204642F6FC710423FDF760FC019940F28D
:1055D000FF429142054630D094F8340901282CD17D
:1055E000204647F6FF7100220027FEF73DF90543EC
:1055F000204615211622FEF737F9054320461421CF
:105600000122FEF731F905430DF10B069DF90B0060
:10561000002812D4204606213246FDF72FFC054310
:1056200020460A21FEF712F90543B7F5FA7F07F184
:105630000107EBD39DF80B0005430DF10B0220464B
:105640000621FDF71BFC9DF90B100543B1F1FF3F4F
:105650000DDC0DF10B0220460721FDF70FFC9DF834
:105660000B10054301F0FE00842818BF0D432046AF
:1056700047F6FF710022FEF7F7F805432046142194
:105680000022FEF7F1F80543204615210022FEF71F
:10569000EBF80543204609210422FEF7E5F805430F
:1056A000204647F6FF710222FEF7DEF82843C0B21B
:1056B00003B0F0BD02E008C8121F08C1002AFAD1E9
:1056C00070477047002001E001C1121F002AFBD182
:1056D000704700000D00000040000054C000D89F3B
:1056E0004001E49F4000F89F0404FC9F0001FCA0DF
:1056F00000010CA1C0001CA1020928A1400048A281
:1057000081004CA2810054A281005CA2810064A2AD
:1057100084006CA282008CA20D000000C000B45472
:105720004000C0540401D0540404D055010484DB6B
:105730000404C4DB0204C4DE020444DF010444E0C8
:10574000010484E0C00858D80000000000000000F8
:105750000102030406070809000000000102030417
:10576000545000800004080800000404AD3000809C
:105770000301060300000100AD38010001E0014013
:10578000001000100100010000000001545800400A
:10579000041A0200545C01400001005100000FA0F7
:1057A0000FA003E802801F40000005005470008035
:1057B000032003200000000854780100011B002191
:1057C0000033000002000001040108025488014077
:1057D00000000000000000000000000000000000C9
:1057E00000000800AD48010001F4000003060010AD
:1057F0000808080800000008AD60010000000080F3
:1058000000000000201F01F400001D0AAD700080A0
:1058100008001F4000000001AD78008000A00320B8
:1058200000010190AD80004000002800AD840080A0
:105830000000320003200000AD8C00800258FF38C9
:105840000000000CAD94010000019000FFFFFC007F
:105850000000040000000100ADA400C00480061A8E
:105860000080058000000106ADB000C00480061A6B
:105870001900058000000190ADBC0440000000004C
:1058800000000000001200250000000600000005D6
:105890000000000500000006000000040000000FEA
:1058A0000000005A00000000000000090B0C0B0B68
:1058B000030311050101010100000000000D0000BB
:1058C000AE00010400000004000000080000000A0F
:1058D0000000000C0000000D0000000E0000000899
:1058E0000000000800000010000000100000002070
:1058F00000000020000000060000050A02000C085D
:1059000000000000AE400040000000FFAE44004038
:1059100000100401AE48004000001000AE4C0040F2
:1059200000000001AE5001400000001404002800F7
:1059300003206C000000000000000000AE64004086
:1059400000000001AED8010000C805DC00000CCD4D
:105950000104000000012601B5500282A3E8A3B8AB
:10596000A438A428A648A448A788A748AC10A790A4
:1059700099BC99B49AFC9ABC000000000000000099
:105980000000000000000000000000000000000017
:105990000000000000000000000000000000000007
:1059A000000000000000000000000000B5A002821E
:1059B00000880300008200820404040800800401BF
:1059C0000902090804040080040104010000000029
:1059D00000000000000000000000000000000000C7
:1059E00000000000000000000000000000000000B7
:1059F00000000000000000000000000000000000A7
:105A0000B5F0004000040000B39C01004000051EFA
:105A1000021B087C8000120100010800B6C000C013
:105A2000000060000000200000000000AEA8004060
:105A300000000405AEAC008001000100000200007F
:105A4000AEB4004000000000AEB8008100000000CD
:105A500000000000AEC00081000000000000000057
:105A6000AEC800810801010800000008AED0008126
:105A70000108080800000001B5F4008000000000E3
:105A800000000000B5FC00800000000000000000E5
:105A9000B604004000000000B6080044000000000A
:105AA000000000000000000000000000B6180044E4
:105AB00000000000000000000000000000000000E6
:105AC000B6280044000000000000000000000000B4
:105AD00000000000B6380044000000000000000094
:105AE0000000000000000000B648010000000000B7
:105AF000000000000000000000000000B658010097
:105B00000000000000000000000000000000000095
:105B1000B668010000000000000000000000000066
:105B2000000000005470008000000000000000022F
:105B30000000000F000103D454500080000404044E
:105B400000000808AD3000800201030300000300DC
:105B5000AD38010001E001400040004001000400B8
:105B60000000000154580040041A0100545C014038
:105B70000000271000000FA00FA003E802801F40C4
:105B8000000005005470008003200320000000087E
:105B900054780100011300290033000002000001C5
:105BA00004010802548801400000000000000000C9
:105BB000000000000000000000000C00AD480100E3
:105BC00001F40000030600100807080700000008A1
:105BD000AD6001000000008000000000201F01F403
:105BE00000001D0AAD70008008001F400000000189
:105BF000AD78008000A0032000010190AD8000403E
:105C000000002800AD840080000032000320000066
:105C1000AD8C00800258FF380000000CAD940100EC
:105C200000019000FFFFFC000000040000000101E3
:105C3000ADA400C00480061A0040058000000106E3
:105C4000ADB000C00480061A190005800000019064
:105C5000ADBC044000000000000000000012002560
:105C6000000000060000000500000005000000061E
:105C7000000000040000000F0000005A00000000B7
:105C8000000000090B0C0B0B0303110501010101BE
:105C900000000000000D0000AE0001040000000440
:105CA000000000080000000A0000000C0000000DC9
:105CB0000000000E000000080000000800000010B6
:105CC000000000100000002000000020000000067E
:105CD0000000050A02000C0800000000AE40004071
:105CE000000001FFAE44004000100401AE48004037
:105CF00000001000AE4C004000000001AE5001401A
:105D0000000000140400280003206C0000000000C4
:105D100000002580AE64004000000002AED8010003
:105D200000C805DC000007AE01040000000003010C
:105D3000B5500282000000000000000000000000DA
:105D40000000000000000000000000000000000053
:105D50000000000000000000000000000000000043
:105D60000000000000000000000000000000000033
:105D70000000000000000000000000000000000023
:105D800000000000B5A0028200000000000000003A
:105D90000000000000000000000000000000000003
:105DA00000000000000000000000000000000000F3
:105DB00000000000000000000000000000000000E3
:105DC00000000000000000000000000000000000D3
:105DD0000000000000000000B5F0004000FF0000DF
:105DE000B39C01004000051E021B087C80001201CC
:105DF00000010800B6C000C00000600000002000E4
:105E000000000000AEA8004000000405AEAC008019
:105E10000100010000020000AEB4004000000000DC
:105E2000AEB800810000000000000000AEC000819C
:105E30000000000000000000AEC800810801010859
:105E400000000008AED00081010808080000000131
:105E5000B5F400800000000000000000B5FC0080E8
:105E60000000000000000000B60400400000000038
:105E7000B608004400000000000000000000000020
:105E800000000000B6180044000000000000000000
:105E90000000000000000000B628004400000000E0
:105EA000000000000000000000000000B6380044C0
:105EB00000000000000000000000000000000000E2
:105EC000B6480100000000000000000000000000D3
:105ED00000000000B65801000000000000000000B3
:105EE0000000000000000000B66801000000000093
:105EF0000000000000000000000000000000000F93
:105F0000000103C89FD800C0032009600B080817D0
:105F1000080808039FE401400000000000000000A2
:105F20000000000001E00020000000209FF8004079
:105F3000171717179FFC0404000046A400003766DB
:105F40000000266000001CBC000017730000112533
:105F50000000110700000E6300008B4C000060A2DF
:105F600000003DC0000026AA00001BC2000018046B
:105F700000001497000010ED0001281B000093F0B2
:105F8000000057610000302B000020AA00001AB664
:105F9000000015C30000160E00017FBB0000AD58C5
:105FA000000071AF000036D9000022FB00001C96F3
:105FB000000018830000179600019000000097D69B
:105FC0000000663B0000330A000020CD00001938B5
:105FD000000016A5000014BB0000AFCF0000657DD7
:105FE00000003D93000029D10000194E000015BAB1
:105FF000000011C60000127F0000731D0000422C3B
:1060000000002E8200001E800000181C0000132DCE
:1060100000000FC600000F8500004F04000033E9A8
:1060200000001F06000018400000132C000012970B
:1060300000000E0100000DACA0FC010000000000FB
:10604000000000030000000000000000A10C01009F
:1060500000000080000000030000000000000000BD
:10606000A11C00C0000070EB0C8001E000000026C5
:10607000A12809020000000000000000000000004C
:10608000000100000036000301D90143023302176A
:10609000024B0241011702220027005D000500119A
:1060A00000000001000000000000000000000000EF
:1060B00000000000000000000000000000000000E0
:1060C00000000000000000000000000000000000D0
:1060D00000000000000000000000000000000000C0
:1060E00000000000000000000000000000000000B0
:1060F00000000000000000000000000000000000A0
:10610000000000000000000000000000000000008F
:10611000000000000000000000000000000000007F
:10612000000000000000000000000000000000006F
:10613000000000000000000000000000000000005F
:10614000000000000000000000000000000000004F
:10615000000000000000000000000000000000003F
:10616000000000000000000000000000000000002F
:10617000000000000000000000000000000000001F
:10618000000000000000000000000000000000000F
:1061900000000000A248004000000000A24C008166
:1061A0000000000000000000A25400810000000078
:1061B00000000000A25C0081000000000000000060
:1061C000A26400810000000000000000A26C0084B6
:1061D00000000000000000000000000000000000BF
:1061E00000000000000000000000000000000000AF
:1061F000A28C0082000000000000000000000000EF
:10620000000000000000000F05010304E000030887
:10621000E0000AC8E0000508E06037C8E0000A882E
:10622000E0000A88E0000A88E0000A88E0641C2890
:10623000E0641FE8E0642348E0642988E064326891
:10624000E0680568E0680948E0680CC8E068132861
:10625000E0681648E00009E8E00009C8E00009A885
:10626000E0000988E0000968E0000948F80200063B
:10627000C1C381011E06A10B1A0681009923E1000A
:1062800097B397E3062C97730634E2C0062CFC8084
:10629000C183E340E2C0061CFC980634FC9C063433
:1062A000E340061C6938C183C143E800C1C38105CE
:1062B000E100000CFA045E65EC100CF0F41C5E606A
:1062C000BC6E8861FF8407FC9A14D804E430046033
:1062D000FC124C06E0D04C4AC1C38215C1C3C1C3F5
:1062E000F804170C81938183E2C00C2C1C8CD167BD
:1062F000E36BE404E56B8E05806033083458E76B8C
:10630000E96B8060EB6B8AC58060358839D8ED6BAE
:10631000F16B8060806036A837F8F36BF56B8060B6
:10632000F76B8AC5F96B8C05FB6B8C450C0A8A45AB
:106330008A65E4B4E4B80C0A39F884454006E060A4
:10634000404AFC1280D5E0D0C1C3C1C31F0CC1C3F9
:106350000FFCF004BCF4F784C153FD64E080000C32
:10636000E080000CE080000CE080000CE080000C7D
:10637000E080000CE080000CE080000CE080000C6D
:10638000E080000CE080000CE080000CC1C3C14341
:10639000C1C3C153FAFC040C600006DA0A20A10B49
:1063A000183064000E24E400020A37800C068000D6
:1063B000083420000A70B7805842A40481613298E2
:1063C000212BAA45060A8CBB0C1000000400E40037
:1063D000181A6400A825E0000804A11D0E145780B7
:1063E0001006D780044040000854C4044C727680E4
:1063F00010C4D2A0144076800E64A4801224F680CB
:10640000A16B76803C0154808C8B40000480089006
:10641000DC004870849B28A3EC040EA09EE5A07DC0
:10642000964B217B0E8A86450E9AE5000006448035
:1064300016A0800008542C84C000289C20010E4A1D
:106440000054400000C4A8ACC000289D0F9C145408
:106450004002885B80CB99A861840084E184089421
:10646000128401CB324FE0FCE4041C704B0A01A102
:1064700058DA841094BB64006D84401A1C70C61FE7
:1064800000C424080E54A084085421FC4002A084B7
:10649000A1EB399C3C005800BC004A401D5A08C57D
:1064A0000EE0E0040DCBEC04E1FC00A44B0A42B783
:1064B00058FA840808C4641810A4E0FC400A6084F8
:1064C00020BFED8C005490AB14846184280F9C8015
:1064D0009194482213B04A624C50C3C7805B1C00A1
:1064E00027F04ED89C004440960B211D578004A4F1
:1064F000D78002B440000606C4040420528C421225
:106500004010946B4C205C00801BDC000C0C8C0B4E
:10651000DD93F2FC8C1B7FC5806B7FA5967B73E5BA
:10652000FA3C040C81C1210B0000020AA085986B83
:1065300076800A140824A12B060A76800C048000B9
:10654000988B7680061A1EC51834E000A11B768051
:10655000A4800E403C014EC00860C000485004803A
:10656000A873DC00EC040A709AC5A05D90CB215B97
:106570000A8A86450A9AE500080644801070800061
:106580000A4A2C84C0002000289508340C244000BE
:1065900008248F94182428A0C000289419984842F1
:1065A000883B982B61840814E0FC0C146184180467
:1065B0002CCF893BE41046DA0430450AE40412503B
:1065C0006D84401A125081C10C2424080834A1FCA7
:1065D0000A2420844842A084A19B39983C0046406C
:1065E000BC004450135A186B88C5E004EC040E90AC
:1065F00046FA033B450AE4040A2404001034E1840B
:10660000C26760FC60841CC4ED8C400A618408345D
:1066100010C4B05F9CCB61FC5002306F4412918873
:10662000883B138C1C00422040808A2B18E41C00FD
:106630004FD89C80180BA7EC0C0C8C1BDD93F23C04
:10664000826B00CB75F5FF95C1C3905BFAFC040C1F
:10665000808B210B0000020A046B829B80E5867B05
:10666000060AA12B400A800080E5E59C841B81215D
:106670000C0C840BDD93F2FC6800418800BB841B8A
:1066800002AB900B41188E1B007BE80040D8920BA8
:106690008C1B680044B2813142A2F08C8623F29CAC
:1066A00042127D85C1C3F280E6864A0EE706580E87
:1066B0006606460EE1C008546786440EE0C000C47A
:1066C00002C460578A03E1C0F29042125D938603D0
:1066D000F2884212E50004CAC17C0214DC004010BA
:1066E000848004CACC800420C9080014C17C021430
:1066F0008000045AAD880614200106060004C0007C
:106700000214898840028908DD93998CE50004CA47
:10671000C0000206C0000006848004CACC800420A9
:10672000C9880014C00002068000045AAD8806140F
:10673000200106060004C0000214898840028988EE
:10674000DD93998C8141610B06148A25E11B7680CB
:1067500076800404088581410630A43304046C0467
:10676000A03DE184A13B86E5C88C02146404183086
:10677000E408431A24081830A08402140AC021CB6C
:10678000195AEC048245E004C247401D1C800844AD
:106790009184400227FC4A985D93C3177FE5880BDC
:1067A0007D55804BC1C3883BFA00040C8111006BFE
:1067B000E8045048E1A0408600158004A11BE03C9D
:1067C000DC384208680457C8C1C38C0BFA04047C47
:1067D000749146CE498EC010C01074918825893DB1
:1067E000CD14CD04050ACD244A00E0808425F00CA8
:1067F000E4000A3A6001009804208000C116EC040D
:10680000F80C004A0420FE65E92DEC10FE85C11E3F
:10681000E00404CA8000454845C8C116FBF587FC62
:10682000E198414661914306801EC00081119B01A1
:1068300081318121E8044A888C45A10B7491074E6F
:1068400048CEC010C01074918A45893DCD14CD0446
:10685000050ACD244A00E0808625F00CF00C4C108F
:10686000E4184A5AE4000A3AA0000128600100A88E
:10687000C5508000EC040420004AC156FE45F80CC7
:106880000420C554E92DEC10FE65C15EE00404CA85
:1068900080004588C156C55087FC45884786FB6502
:1068A00008F0E1908C4EE430E1A40C46E1A40E46E1
:1068B00082458F6D023AD9140068E40080006001BF
:1068C000FC3842088161FF650046E16B4C08E1A499
:1068D0008B04DC38FE248914E86C5368E1A40C4670
:1068E000E1A40E4682458F6D023AD9140068E40097
:1068F00080006001FC3842087578FF650C7CEFFC75
:10690000DD93F2048055A11B0A0083114006E55077
:10691000404AFC12D7F4E0D0C1C382B5C1C3C1C3A1
:10692000F4040B3FF4040B2FF4040B1FF4040B0FBF
:106930000A508135405AEC404406E0BC446ABC220F
:10694000404AA090C0002089ED88401A200101989B
:106950000AFFC000C1C3F404C1C3C1C3F4040BF5F2
:10696000F4040BE5F4040BD5F4040BC5F4040BB5E7
:10697000F4040BA5F4040B95F4040B850AFF815570
:106980000A50F404D7E4EC80D7B4D7D4D794D7A472
:10699000D774D784820B9464FA005C08F83C044CEA
:1069A000E440048A212B80A58215803B461281F5A4
:1069B000064AF98082B5F80C0420803B044AEC04B6
:1069C000C548E4004588CD460C4C87FCDD93F03C7F
:1069D0006C400A204927E1C104208ACF06C06C041C
:1069E000044AE440481264000033F08C0275806B66
:1069F0000285F0100295F80C02A5F8084C75F80411
:106A00004C85F0104C95F80C4CA5F8084408F80497
:106A1000445287F8E92DF1B00A208695C5276C10FD
:106A200061880E54EC040C2064041870E4000C4AD5
:106A3000047444C74242E088867B70B0DD8ED18406
:106A400087FC4D8871884452A12B9833F7E5ECF50B
:106A5000881B212BF7A5EC75E100000CF804040C51
:106A6000780C000A8225803B94A5A12B04204D16AA
:106A7000064AEC04FE25F80C9095E92D7A8008145E
:106A8000E440048AE0A00A440854A85F06F5E0C088
:106A90000C24AA4F0A20619061C1EC40EC040C6008
:106AA0000C4A0ACF4E32E400862B70B0E4400670E8
:106AB000F0104445F80C4445F8084445F8044445B2
:106AC00087FC4C08F1B044528695E92DF9C1075175
:106AD0004A52A4530453FAB0EC1004200E24085177
:106AE0004557E188E40418706C040C50E0880A747F
:106AF00064000C4ADD4E867B87FC4DC8AA2344C740
:106B0000A12B983304208205044AEC04CD16E4003E
:106B100087FC45C8F0040C0CC1C3DD93FE7C040C5B
:106B2000044A007B4072E0101EF07988000CED20D2
:106B3000001A6200110EF80C1B0E828B2001002639
:106B40005E05C00040002035233EEF8D5E17A40B8C
:106B50009D2EE0FC2388A10E0024C000C41B618888
:106B6000C03B7D417A104212FA1046328413003342
:106B700082113E1E82317C3E0020191E973EEC049D
:106B80000084FE0EAF8B6184540A158E2EA5E68A12
:106B900000808EA3108A6C04400AE4A45672E68A30
:106BA00040707080A2B5DC0000840FBE23B4E18C7D
:106BB000E68A4C0A60840064F09850728E030D0ED1
:106BC0008E0B0B0E5608901B138EFC380B84809B8B
:106BD000901B900BFC385608829DFF11A00D8285FA
:106BE0000E0B84D5A324901BFC3844088E0B210D7A
:106BF00081C582858275A10D901B0E0B4408A324CC
:106C0000210DFC3880458E0B930E900B50A22C0B5F
:106C10002364F198F09856A2900B0B0E4C08941B2D
:106C2000009BFC3809BE940B4C08961BFF11FC38E6
:106C300082A5829D84D5A00D900B09648C1BA32492
:106C4000FC38440801D5A10D9C0050608255A10D6F
:106C5000900B09A4941BA324FC3844088055A10D73
:106C60008FB490AB8D148B949693A364718440B2CF
:106C70008D0E921BFC384C08920B008B4C08961B17
:106C8000FF11FC3882C5828DA00D15840D64861518
:106C9000A324961B44088C0BA10DFC384CB001E5D5
:106CA00015849C008275A10D961B0D648C0BA3248A
:106CB000FC3844088095A10D8CBB0135930492BB30
:106CC000941B23644C08930E009BFC38961B940B7A
:106CD000FC384C08829DFF11A00D828513A484D539
:106CE000A324961B4408940BA10DFC3881D582A5E2
:106CF0008275A10D961B13648C0BA324FC384408E9
:106D00005660A10D96AB9C00002A9B040118E00080
:106D100080004001E0FC1E0717148435024A8E0BE8
:106D20008024E400C13EA8344308E92E830587FC93
:106D3000A8149C04A80E9C1E191481B5024A8E0B3F
:106D40008028E400C136A8384308E9261D1487FCD2
:106D5000EC040080500A8161407266861B0EF0844C
:106D60000E8380AB90BB809B8CD5D6AD8E1B140B55
:106D70004408A324A00DFC38A10B8AF59D049205BC
:106D8000A10B8DB5C0401E05012888D580004001AB
:106D9000E0FC1E0717248455961B900BE400044A60
:106DA00080448434C13EC54E87FC4508AC0483153D
:106DB000AC1EA01481C5A00E960B1924044A901B8A
:106DC0008038E400C14684484508C536210487FC64
:106DD00080838361D6AD80B3160B94F5A3248E1BFC
:106DE000FC384408F2C5A10D400103981E0780003D
:106DF0008E35E0FC960B1724044A941B8434E4007F
:106E0000C54E80444508C13E878587FC4001012866
:106E10001E0780008455E0FC940B1724044A921B43
:106E20008434E400C54E80444508C13E831587FC88
:106E3000A814A404A80EA41E192481C5941B920BA7
:106E4000E400044A84488038C536C14687FC4508BA
:106E500083611D0471958093A80480A3A81EAC14BF
:106E600081C5AC0E940B1924044A961B8038E400AB
:106E7000C14684484508C5361D0487FC210483614A
:106E80006F3580A31D1480B39504A16BE686400A7C
:106E900000000E88F0805872719C4292F1A440A2CA
:106EA000922B011D44A00E3B46909C0048229C0062
:106EB000A14BF18C1E078A2542A260FC8455F190FB
:106EC000FD3145474422C82B8E3B7A0C8221882312
:106ED000E400044A84548C44C54ECD5E87FC4508CA
:106EE00008308335FD516C0482212443FA14484252
:106EF00026238823044A8E3B8C48E400CD568458D0
:106F00004508C5461D2487FCF1A042C2F1AC52825F
:106F10004492A413A12BFB841E078C4584B5E0FC8E
:106F200061880224423BFD41F18844C2FA10463296
:106F300002308233024AE404A834E400E94E884473
:106F40004308C93E83B587FC06B07E143033EC0499
:106F5000901382214212B813FD317A8CFA0C46123A
:106F6000F1844232E400024A46C228580E48F188B1
:106F7000EC0404208E56E94687FC4208986B1D14E9
:106F80008245C20DEFF87E088E0B001BA3349D24B2
:106F9000EFFC5C68C29D9D147D58A805920B6FF8AC
:106FA000F1A44E62808B1D24F9884072000A1104FE
:106FB0005E07F80C1B0EE0FCC000002640345E05A6
:106FC0001E08EF8D408A9FFC840DE68A0E03A0C543
:106FD000F08850720024190E441BE188403BFD21CB
:106FE000FA08421244321D348023FA08E4041620C1
:106FF0000C108613CE8DE404909B8AC592AB21942D
:10700000941B2324920B9493FC3844088875A30D99
:10701000A10B9B041E0782E58435E0FC6400164A40
:10702000961B920B8034A824C12EE93E87FC4308AE
:10703000A8048305A81EA41481B5A40E64000C4AFC
:107040008C1B920B8038A828C126E93687FC4308A0
:10705000F4B5CE9D19049D04C18D808387D5F2B50A
:10706000820D1BB48E2599CEFC84BE648281826120
:107070008AC5CEBD2194969B232492AB9493941BF6
:107080004408920BA30DFC3801188875800040015C
:10709000E0FC1E07104A8435920B6400A824901B64
:1070A000E93E80344308C12E830587FCA414A8045C
:1070B000A40EA81E0C4A81B5920B6400A8288C1B54
:1070C000E93680384308C126CE9D87FC9D04F4B57F
:1070D00080B31904F2B5C1BDE5201EF0F67C0C0C9E
:1070E000C1C3DD9304FC805B4006E2C0D56EFC1298
:1070F000D58ED57E405AD59E4206E0BCD5AEBC2288
:10710000D5DED5BE426AD5EE404AA090C0002089A7
:10711000ED88401A20010178C1C3C000C1C3C1C3BA
:10712000F0044B85F0044B95F0044BA5F0044BB5EF
:10713000F0044BC5F0044BD5F0044BE5F0044BF5DF
:10714000C21F81A5D51ED51ED51ED51ED51ED51E86
:10715000D51ED51EE0D0404A82B5D52EC1C3C1C3CD
:107160004B0FC1C34B1FF0044B2FF0044B3FF004F7
:107170008165F004D51EC21FD51ED51E94FED51EF6
:10718000DD938101E0041986A3CDC1C3184A82A50D
:107190004346E0000215E1984205800041FE800070
:1071A000BFFF1FFD4346DD938414E19841FE84CE6A
:1071B000FFFF7FFDC1C3DD93FE7C040C6C401EF01D
:1071C0007C0E826BE1A0408602058014A10BE14891
:1071D00002109AE5C0016521BE14BE1E808BFE1E02
:1071E000A30DA204401B92551400FD214E1264040D
:1071F0004407FA0810039473E4000E6AE6101600C0
:10720000A16B140B140000E51615EC048D1BE08037
:1072100022148AF5EC080000F8801625500583AB8F
:10722000020600045615C000A12B588010158825B1
:107230008331618800342294801FE8808265A11B1D
:10724000E18C10152C14801F8205A11B4408820BB1
:107250008175FC38FC384408FC048145FC3844083E
:10726000819BA204FE048835910B80044E6886B58C
:107270003FFF47E5EC1016B0A10B8101A204862563
:10728000A10B2004A10B82B5FE748465900B1C0E2B
:10729000680140089C84C000E875A18B7E8E8195B2
:1072A000E6D5A10BBE048155A10B8004A0F1E4F545
:1072B000F67C0C0CC1C3DD93E100000CFA00004C1D
:1072C0008301001BEFFC76088105C143FA8002149C
:1072D0000006E11B00069422DD93D462F800040C42
:1072E0006C501EF0E47C034A826B3C5EFC1EBE5E6A
:1072F00042668E050C4AF0020634647C5E15FA8004
:107300004A0E00045E259FFC061A00081E25E400B4
:10731000442280045E2598141E2580001E5580009E
:107320004A5080084422907C5E2599941E25800452
:107330004220800418149C0040003CB5BC34181452
:10734000024400D5E11BFA80DC3C18C4E23200663E
:10735000420E28F1C01060010C0C8C2B8775F000D8
:10736000017E28F10C0CFFF8DD93F0006C401EF05C
:10737000E47C014ABE2EBC2E8685FC2EE47C000AED
:10738000440684453E2EF002FC1EC121841FBE141B
:10739000BC14BC1EBE29FC24BE1EA41F0006BE14C5
:1073A0008155E206F87E4006F0FE00065D938101FD
:1073B0007FE5A0F1FFF801AEE2C0041C041FC1117B
:1073C000F07C4400021CA41FDD93E340E47C040A2B
:1073D000408804240000060E083080104812041073
:1073E0005802D08802067190FFFC600000C483C779
:1073F000020FF080700142C0610BDFFC73FD40C0E2
:107400004807C00300A5D0175D93A20FFFF8018EB7
:1074100060010286A20FF8004006900EA10DFC123A
:10742000400682C5A10DFC1A400682150206FC0A20
:10743000C02060018075830DF372004681015D9369
:10744000FA7C040CEC301EF0864B088B81713E2ECA
:10745000405A006B7C7EE506425A8131882B658656
:10746000EFF84F6867D10000448640014212E03CCB
:107470008131729CEFF84568000017A4C0046401D4
:10748000729C42121974D707E0D41614FF0120BF72
:10749000001401BB57FEE1ACA10B1FFC60381409BE
:1074A000DFFC57FE81111B940AF01C241504E42014
:1074B000BE44A10B8008001B06148004901B7B00B7
:1074C000E80043C8FC04BC0EE0180E496834AA2446
:1074D0005082A01B8E0B7B90683461483E0E8C4B13
:1074E000850581A10E29D90A42BAE01C48BAE502F5
:1074F000062065828301E41C0203A70F424281112A
:1075000090217284EFF850487FFD45FE82A1403FF4
:1075100041FEC50D003F1FFD41FEA11BC03F1FFDE9
:1075200091ADE50EBE04F8151E05A10B98F1000003
:10753000F27C0C0CC1C3DD935896211B0214E008A9
:10754000180640AC442AC000A14B410600000206C8
:1075500080085896FF1182650244023D6037E104BD
:1075600091800214421A86132023E0928223980B02
:10757000DD93942EFA04044C8111026B60004506E1
:1075800066D88C0B81716FF866000060E4C0026001
:10759000912101A50420067E4073EC044275F82079
:1075A000C17CF008FCF5A12B7FF4410EE038030606
:1075B00060280506FFD4470E486281F500007180FF
:1075C000927EEC204862107E107EF088F084486243
:1075D00082111076870B882141F6FC358111600CF1
:1075E0006F404C01674400606398C0038F216FF8BF
:1075F0006561006002604008C0036761050601958F
:10760000067EE008EC040420F0084275A12BC17C42
:107610000C4CFE35DD93F2046FD10019A11BC0059F
:1076200000098245C006602DF3F04000000CA90B54
:10763000DD93E20081015D93F0804412EC70042937
:107640008405A12BE03C0229E682402A020980132E
:10765000C0056B71EC140000E40800CAE200000CE5
:107660005D93DD93C1C38101F804040C603C0239D1
:10767000677002100A04C0030420608C0455E640C1
:1076800058227C14463AF094817166820834B264C0
:10769000C2376088FC100245486288538613729C8A
:1076A0000804324E305EE0880213844340016C01CE
:1076B000083580238233E200E2004835EC000409FB
:1076C000440182010C0CEC00DD93F004FE04040C78
:1076D0004822086B214BF98C08658A7BE0084896A4
:1076E00061840824E0FC0A340A342A4F8803E184C8
:1076F0006FF47188F2844252641C434A421A8141F9
:10770000416AE01C420AE418421AE580420AE18814
:107710000904ED80DC004C00DC004E10806E827E9F
:107720000C0C880BDD93F604F800044C67FD002573
:107730008151400186448434E01802C56FC900219C
:10774000843340056050026BF29448426FCD0001D3
:107750000255C00584C3601C8261064E42C5843E4A
:1077600080536018E01C4255E0504263F0000C4C1E
:10777000C1C3DD93603C0239C84481C1463ACA5452
:10778000C437E682063582338643E7DC72B0465260
:10779000CA3E80130201C84E0435EA708033E020EF
:1077A000E0204435E054043BEB700201E024041572
:1077B000443382318013E054E0244415C1C3DD9387
:1077C000E03C0239E058044BE682403AE0140435CC
:1077D0008013C407E7DC0205E010041581010013E3
:1077E00072804032440582414415E0144443E01065
:1077F000DD93E058605800290A39845B0A49EF405C
:107800000239EF44400160514A21C72DC82D4F4035
:107810006F484A21E4A008004F444A210035C2378E
:1078200086136020603002C367600A500213C003F1
:10783000980BE0C0E0003508FA7C040CEC901EF0D8
:10784000889B23040206091E0ACBE004FC0E81611A
:10785000FE0EA104E0380409516E8155EC040210BB
:10786000A11BF16C7E44FE7503C18161E008020634
:107870001630200B106EE64092CE8171D06ED26E23
:10788000101EFC4492CE8111BE1ED26E0C30506E82
:10789000C002664100200F0EC003657100300B0E60
:1078A000C00366418B358D0EAE038D04A1AB80A85D
:1078B00089048E850009915EC1ADE0107C1482A51B
:1078C000E00800468301040E8B04860E8008AE0398
:1078D0008101460E2C04C40EE18410A481212E14D3
:1078E000900381317288421261B8942B45FEEFF407
:1078F000CFFF7FFDFF21450D1FFD41FEA11B0FFFA7
:107900001FFD41FEA40ECFFF91549804040E040DF8
:107910001084F80080839180E0AA408AFA0840022F
:1079200000020305C07F6BFD83317E248A3E883EC2
:10793000AE038B044A0E8008480E8101A43E8101EB
:107940000E70550C0861EC0490B188918F0B8F0478
:10795000FE04EA95A10B8004C0084096C0045E05B1
:10796000C8F13E04F27C0C0CC1C3DD93FA3C040C5C
:10797000846B027B60500E2B0EAB81810E9BE0541A
:10798000188EE0589A8EA12B4C23D88E4CA3E01869
:107990004C93E01C84C5E02006241C049E14E18462
:1079A000813106036FF45BE8F2A0421267FD008AA2
:1079B00041FEC7FF00011FFD41FEA11BC0011FFDCD
:1079C000140A980E04A4680084C5FB8006245C0495
:1079D000DE14E184813106036FF45A48F2A04212AA
:1079E00067FD008A41FEC7FF00011FFD41FEA11B8C
:1079F000C0011FFD120A9A0E049468008605FB80E0
:107A000060100E05E1840624E0140E158131060392
:107A10006FF45888F2A0421267FD008A41FEC7FF4A
:107A200000011FFD41FEA11BC0011FFD0C0CD80E63
:107A3000DD93F23CF804040C843B010146018A0604
:107A40008E06F008020B8C06A10BE05002C588459B
:107A5000060460187F51E184866BA64B4C408ACDAA
:107A600018639C00FFF8180EE0824E6AE01C026565
:107A70004A720A6D4640FA300A521C000856E9FC68
:107A8000403A8C334002E0820002FA308A06E9FC78
:107A9000E054020B8845A10B602002C5E184060476
:107AA000A64B7F518ACD866B9C004C40602402C55A
:107AB0004C6A9863020E60828ACDFFF81C00464033
:107AC000FA044C620A621833403AE9FCC856E08274
:107AD000FA044002E9FC00020C0CCA06DD93F00433
:107AE000F80C044C60380409664004301841C003A7
:107AF0000515FF31F800180EA16B8868906A84E5BF
:107B0000848294720425A16BF19C4E821064067DE0
:107B10005877E184918010844C8A8E834C62E09A7D
:107B20000E62FA30C07F6BFD0000947C84416C04CF
:107B300082210451F835A10BF00C0C4CC1C3DD932C
:107B4000F81C040C8904847A0489861AD658E0103B
:107B5000807C8898C8C88A780429CA68021CE01406
:107B6000E1840284601040510A249813C217618492
:107B700002100C534011EC04C257601C6C040250FC
:107B80004011C287C227602060284021664004401F
:107B90000619C00381316038E0144091E01840714B
:107BA000E024408149488195EC040A30EC0402103D
:107BB0004640C95DA11B9C004031FCF58101602C51
:107BC000F01C0C0CC1C3DD93FA7C040CEC501EF0CD
:107BD000886B1984829B067B84AB095E6491168056
:107BE00002804001C00166D100803E1EC001669146
:107BF00008803C0E121BE4900C3B8E2B61D8965BE8
:107C0000A10BEFFC048086B58C1B6430EFFC6B0885
:107C100014807EAE0C1BE48070D8942B121BEFFCFA
:107C200009448E2B75D88C3B965B6FFC921B3C8E67
:107C30008E3B7E24945B0C4BEFFC7848A8F18101CD
:107C4000F27C0C0CC1C3DD93F0804622EC70063947
:107C500086A5A13BE03C0439E682403AF08046220A
:107C60006B7106390630C005E23DEC14C20784157D
:107C700004038023C00263B986128422411A850D51
:107C8000400AE004000CE184DD93E20081015D9391
:107C9000FA7C040CEC701EF081611D04888B7C5E04
:107CA000901B7E1E00063E0E8B6EE004E03804B989
:107CB0008145896E0000456EA10BEC047C04FE95A5
:107CC0001220874140036571E640143066410E3052
:107CD000806EC003C26E824E0006406EBE14E00885
:107CE000864E840EC46EC66E9C2885E586A5A12BA3
:107CF0000009FE04C12DE0103E148245E008004654
:107D00008701040EA408860EC60EC46E06F02A145F
:107D10002804E4407FFD49FE3C3ECFFF4D78813191
:107D200081516FFC8195890483017C24880E871121
:107D3000A4188A1ECA1EC86E16B0610E0291EC0409
:107D4000827190A1F455A1BBB8F17C04A10B800411
:107D5000C0084C960C0C8C0BDD93F27CFA7C040C66
:107D6000EC301EF0886B0A9B80BB067B64D10090D0
:107D7000848B4001089002AB3C0EE49064910A9021
:107D80000E2BC00178588C3BA10BEFFC98F180A51D
:107D9000F27C0C0C0490DD93960B64306FFC5E88D3
:107DA0007C8E8C1BE48010908C1B160B6FFC64483F
:107DB0003C9E902B7C24960B0E3B941B6C188C4B9A
:107DC000905B6FFC0C0C98F1DD93F27CFA1C044C78
:107DD000829B048B867B086B6F4810196760048058
:107DE0001209C0038C3B6010E8045948E0100E05EE
:107DF000E0340E1BEF481029E0101239E08C0E49D8
:107E00008101180E4C21D81C4C31E0184C41E01C6B
:107E10000C4CE020DD93F21CFA7C044C81B113A4DD
:107E20006E4002221174888B285E866B0FBE819192
:107E30008155812182214134FA245232FE75C32DAD
:107E400041FEA09D803F1FFD8000540506F0900577
:107E5000920B6470902B0A1BE83064888E15A10B7E
:107E6000901B120B68306788A10B8E2B8F848C358A
:107E700054B5A18B409600008A458008981A9C044E
:107E8000C7079A2A8095C30D8101440D40128825A9
:107E90000406708842B2FF40813172ACEFF07D88F9
:107EA00060FC0414240FC3070131C3177398902B8F
:107EB0000404EFF0FF3160A0D0177107A20F072B69
:107EC0001FFC45FE45FEA10BA82EDFFC0C4C8101DA
:107ED000DD93F27CF81C040C84030413618A400ACD
:107EE000421A82110420618A1804EC040C04608890
:107EF00008C5E08C4E527C300A65F098850D7C18E0
:107F0000CAC79E8412C4A6C38CC3617CF2A04C92E3
:107F10000C041E6E1CCEE0840CCB8A630006690044
:107F200000008000830BC4044CC382C1F6D5E90075
:107F3000F01C0C0CC1C3DD93F81C040C61FC18246C
:107F400004C3A20303C786030BC481814C0AB80390
:107F50000034618E0904E088F0804E420C13948E48
:107F6000421AC4678863618EB08E808EC417022364
:107F7000618E462AF08444424242C4370670708CB7
:107F8000827BEC101494D9841093C66DDC004C40B5
:107F9000DD84949EC67D30944E401093309EDC006C
:107FA000FC35856BC9C480549853C62D4440005E8F
:107FB000832BDC000C0CFE35DD93F01CFE7C040CE6
:107FC000EC401EF04C4208134C6AF0808211619222
:107FD0006192421AE0881844D6077E3EC46719347D
:107FE0004FFE4417C0017FFD52520AC33E3EF0844B
:107FF000F098545206C00C7E7C5EEC10FCA816046F
:1080000081C1014181110181E96483F5C6AD7E041E
:108010001EA5CA674E624008217DF1800C068E6B5A
:10802000A02D40009C004C70617C0E64406A8C4323
:108030005872642E4C6AF2B08083E4AE728442625D
:10804000640016B093ABC00818CAF835181AE000DF
:10805000082AE000420AE000421AE580420AE1886C
:108060000845ED808008409661840044E0FC04C42B
:1080700004C4240F1003E1844212983B882B7288B9
:10808000EFF058A8E000034A021A3E14006AE0002C
:10809000420AE000421AE580420AE1880006ED80CB
:1080A000040EC000A0F18101F67C0C0CC1C3DD936D
:1080B000F87C040C4C520D040C23F080F0944E120A
:1080C0006196582AEC041050C487027118338F242B
:1080D000463AC4C7420261964C6AF0B0829B6196F0
:1080E00061964E7AC4378151708C5802F0A04602D6
:1080F000E5A481659453C69DDC005200FE55999B12
:10810000A34D4467C477046380000C9552920265C6
:10811000FF9190946024491A0C958A9B5292A0007A
:10812000189EB1940483847383D5FF91C5B4F1A4E0
:108130004AA28AA30CA5F1AC02458000909454A2F7
:108140006024491A0CA58AAB54A2A00018AEB194C1
:10815000E40C591A3C015800431A40004200E40C58
:10816000C0003C0164101460551A846B4CA0E420DC
:108170004C1ABC003DB8E01CC3FF3FFD0C0C810154
:10818000DD93F07CFA7C040CEC301EF0CA37008BD7
:10819000E1FC148400A490A38033E10460A2403A7F
:1081A000E17C0654617C180456C2AA034602F38C93
:1081B0001734F9AC41FEA13B00011FFD80084E962B
:1081C0000A449005A443617C617C18244A52FF2133
:1081D000817173B04472045D3E1EF180124480CB05
:1081E000E05761C01C005820F3AC4272E0477C3E6F
:1081F000608406B4E1FC0C04608404045610B25F91
:1082000040C21C0042B2F090AC3F7294EFF04C4878
:1082100002A495B4D6B77C00A2833E14A38B7C3411
:1082200004010000D617800402048203961FE17C3B
:10823000401A80130002E1AE0002E000C7FF6BFDB0
:108240008E0B0C0E0C0C98F1DD93F27CFA7C040C76
:10825000EC501EF0A4131B74A403093E8A9B1F64F8
:1082600046721D84563AF088882B619E7C4E99A4F4
:1082700016138E4B7E1E960321B4A0133C6E931DE5
:10828000C404121070A442020210943B905B6C0470
:10829000EFFC69688615A10B943B7E148E4B3CBEA7
:1082A000905B7C24E40400106FFC68A8A10BB2036F
:1082B00018048275400AD677980EE11E400AAC0475
:1082C0002C0EE11E98248101C22DAC1440004C15E7
:1082D000DC004220C0005625C0000C354430093473
:1082E000A8F1DC004C35C62D1615C000C71DC00016
:1082F000C0005635F27C0C0CC1C3DD93FA7C040C33
:10830000ECF01EF0849B111E934E955E973E8F0EEF
:10831000B3148C08191EA10B9D1E811184459B1E50
:10832000E004000285B381138BF39904E58000001B
:10833000F8604015F83040154015C11E4015E02C7E
:108340009704E05CA10B820831B4A225AF8481714F
:108350001324ADA4E08400747C000443F080422226
:10836000E09002238245844D067419048033E0882E
:108370000255861B8404F030190485F5E0880674E4
:108380004442092E0D7EFA0800338221061BA823E1
:10839000E6400C30F030025502C584040513E0605D
:1083A000EC0404408B4E8533E800313C70884EA2CB
:1083B00082718221E1AA4E7A1045C4778803FC1CA1
:1083C000E444840E8C5E8853FC1C164598CE88C30A
:1083D0008B448D7420518924E0880C7408444B57D9
:1083E0000C5EFB801E55CA0D400240300674D194CD
:1083F00082214088FA8018A4D09446324060460515
:10840000F190462206340F040009FB001904E03005
:108410008063A10BE6400060C000002580000406D8
:108420000000402580000406A6049144505884149E
:10843000E4D008F008F07C4EBE4EE4E09544BCCE9B
:10844000E80062088271210B80341E1580C04C1533
:1084500086189714DED5837D020B801B0C0CF8F177
:10846000DD93F27CFA7C040CEDF01EF01E05A90EE3
:10847000972EE0ACE0B41E251E059D0E195EE0A00F
:10848000E64018209951151E1E05A30E1E15E09CEE
:108490001E65E0B0130EE0A81EB581011E75E0A4B4
:1084A000BD0EE098B90EBB0EB50EB70EB10EB30EF1
:1084B0008145AF0E0A50710CA15BEC042954FE9566
:1084C000E640142012101B7E256EE4C0E5800C40AF
:1084D000650118500A504002C0046601101021CEF8
:1084E0001F5EE640E00844968171273E9395ABBE3F
:1084F000020AA414C7FF63FDA10B8A0525B486D523
:10850000AD2E963BF8C00C0378300C13A324964B89
:108510006B58A954A10BE8000C0382B5812178C0E7
:1085200078300C13AB34964B6A98A154A10BE80039
:10853000A7348445AD24ABB4E2A4040A0FFC43F68F
:10854000800844968000541388910271846104A1CC
:1085500084810D8581212BB4F8C00C03F8300C13F5
:10856000963B1D4468B89F542734E800AD24A10B06
:108570002002F895E5A004F006F018123E2EE5D092
:10858000E5B00AF09603113EE1AE400ABC3E9BB452
:108590002B34AD0EA144962BEFFC4D0800F01812C1
:1085A0003E0EE5C0E5E00AF0962B1104A944AB3479
:1085B0002D04BC0E4C1886BB9704EFFCE03000097C
:1085C0008405A10B657000F0E58004F00AF0181234
:1085D0003E0EE590BC2E963B9B24AD044AD89F44AA
:1085E000BD04EFFC99249514BB04AD0EB534B3B4AF
:1085F000841A910E8B2E8DAEAF049324892EB1C4B4
:10860000FCBEFE0EBECEABB4B944BC3E9B04B75418
:108610009134AD24E8147E088101002BF1D5A734F4
:10862000837D8E181EF0D8D50C0CE5F0DD93F27C1E
:10863000FA7C040CEC501EF0828B3E2E0050009B06
:108640001911E7608185812178604023EC040210D4
:10865000F8304023A11BC12C0C50FE150E40676062
:108660007C3EE4C0BEB481A19C0485D563FD000AB4
:1086700088A5C7FF78300E15A024960BE042A43AD7
:108680004298E458090EE8009C14960BA43AA024E2
:10869000E458E042E8004208960B7E0EE0300E15EA
:1086A000A43AA024E458E042E8004168FC34FE14F7
:1086B000F8604C13980C8914F8304C13846102A1B3
:1086C0008E088871F45581ADA8F10101F27C0C0C83
:1086D000C1C3DD93180E2413441AF000401AE4823B
:1086E0000224E40282CFE17C810100C3F2844222B1
:1086F000640104C04212C0801814F280E1C7E17C1A
:1087000042129823E1277280A22FE017080E082357
:10871000422AFF00442AE48E0614E40E864FE17CD0
:10872000421288230420F28CC0086401F2804212B5
:10873000E17C06148623E93772804212E817D927B4
:10874000020E222F4222F8000212FA04C07F6BFDB3
:108750004010A11DA05D1C0040105D93C1C39C0092
:10876000FA3C04CC886B008B602C100901A183417A
:108770002034C827214F867B0FAE820B0DAE841BA1
:1087800058F8882B58AEE82C1AAE809BE47004F0A1
:10879000921B0E0BE82C5E088435A10B06F00F042B
:1087A0002214E460580E922B59F88E0BA10BE82C82
:1087B00080181E0500044C0580000006F23C0CCC1D
:1087C000C1C3DD93FA7C040CEC301EF0889B007B67
:1087D000602C0E090E29846B8351603060100E4BA3
:1087E000215F81B11C3486AB7CBE820BE8880454C7
:1087F000881B3EBEE82C55680090008B0195E4C0B4
:1088000041BE9911EC040210F83440B5E02C40B59B
:10881000FE15A11B658014A005C5E091A10B810187
:10882000280488D5E42004F0682C5968A10B901B1B
:108830007C0486D5E41006F0A40E902B9E14A804A8
:10884000E82C55488475A10B06F03E04902BE410EB
:10885000F8305205E060140554789E14A10BE82C02
:1088600080041E05003052058000000688A102B178
:108870009A188891F49583BD0C0C98F1DD93F27CE5
:10888000FA7C044C847B1124889B15A4FF8113B4CB
:1088900041F6A12B4C960FFC8A058008442A2B3FF9
:1088A000463AE68A8161668E423A8F1E463AE50272
:1088B000002465828203E184729842326318813118
:1088C0000F24EFEC41FE910BA11B1FFC5FFC41FE4E
:1088D0000294A19B81814184509C4212501A84735E
:1088E00080734026408A8E83AC8EF00A8C0B280E53
:1088F000F27C0C4CC1C3DD93E682401A6401000097
:10890000DF07C0406FFD00025D93C03FFB800004A5
:10891000FE7C040CEC601EF0827B049B8161005B9A
:108920008111120B81B101A1030A81C58275E23C5C
:10893000F0080025F8040045564284A3821172AC69
:10894000FC958F1D6000174AE18400A46000161A90
:10895000E0FC02B46000146A7E0EA20FE580420AB9
:108960006188421AE18400B4422A7C0E3E3EED80CA
:10897000E43010305E27895E89A5E05C601C4CCA3B
:10898000440A8101400AE1808EE5E99C81012624A8
:1089900004CAA414041AE000022AE000420AE0001B
:1089A000421AE5801E27E188420AE05C8AA5ED8034
:1089B000647C0B0A0050823B46206C8044529C0031
:1089C00002067B800022C0002023EC7CEF8008148C
:1089D0006C000A047E04A13F4852A11F0422789033
:1089E000A83FEC0482037C14942B253F728442320E
:1089F0005978963B0954EFEC67FD008A41F6C0FFB9
:108A0000A11B0FFCCFFC41F68261610C0C0A909116
:108A1000ECB5E240B0F13E04E0184071E01C40517A
:108A2000F67C0C0CC1C3DD93F800044C02100A283C
:108A30000814EC04E03161FC83410813831703A59B
:108A40007830065BEC040420826080C046C38AC391
:108A5000CD5AF8600AC40A631864FB004A427B00DE
:108A60004663F1949853602CFB144A12E05C465321
:108A7000F8F5A12B0C4C8101DD93F000F804040CF7
:108A800060880C3401458A7BF0985852D97DDD2EE0
:108A90000613FED5440A86038211618E618E461A42
:108AA000F09840420C34C427424260884652F08815
:108AB000444270888195F098C11DC5644240CD6ED6
:108AC000D93D1C009C004650FCF5851B0C0C810117
:108AD000DD93F004FA7C040CEC701EF00034008B83
:108AE0000603E1FC1F1482BB0D3E83071D348A6B15
:108AF0002374845B21A4A02B3E1E829B0B4E900B03
:108B00007E2E8141093EAA233C3E961B7C5E8A3B19
:108B10006CF88C5BA10BEFF8090486753EAE8141C1
:108B20007E24961B3C0E8C5B8D34900BEFF86C28EA
:108B300082D5A10B81410D24961B7E048C5B3E7E69
:108B40000904FC343C0E80236B38900B161BEFF8A5
:108B50000B64968D090E8CBB0A55944B2594920B91
:108B6000FA204212B0138211A714831383B38D1E0F
:108B7000E80031EC70A046B2463A801B828161AEBB
:108B800000A5C437880B7C0C7C0C0855F08C4492F3
:108B9000FC0C0EC5719848A20A438CA33843B45309
:108BA000084E98530D14804B8233820B09048C5E5F
:108BB0000C0CB8F1DD93F27CFA7C040CECD01EF0C6
:108BC00080BB2904828B2F7443FE134EC0017FFDAE
:108BD0008A6B0F2EB144B32481017E0E9C0E913E10
:108BE000970E990E41F6150E8B4EE00C8D2E900CC3
:108BF000AD94881E91A4AB544062897E420AF0ACC9
:108C0000C417E19AFC040A2584A5A12B84E5A12DB3
:108C1000FC0412158E95A11D400A8201C407E19A39
:108C2000FC000A158C95A11D7C001205820DFF1118
:108C300081A58AF5FC0412058A45A10B7C04120566
:108C4000820DFF11030188A5E4B002F08A7B1C0E9F
:108C50000AF00B04142BE4C000BC8C3BE4A000F031
:108C6000960B3E0E8F14BC1E5678FE440D04EFF892
:108C70009924961B3E0E97349544940B9354BC6EE6
:108C8000EFF868288E5B0974E2A4000A8101807500
:108C900082B19C0E808591BDA10B9C040101EAE587
:108CA0000C0CE8F1DD93F27CFA7C044C827B006BC7
:108CB00060140C19E00040C69475F41DE0180C29EE
:108CC00092F5F02DE686502AE500110A19219255F9
:108CD00066588E0B8C1B6FEC64300070E00402064B
:108CE000819101550210419CA11BEC040060FE958E
:108CF00081B1649081110195E500028A412480E5EB
:108D000056228211D11DFAAC00B4FE15D8B761D03D
:108D100098710F0E81A14861810103D540961824F6
:108D2000A12BE0080F148485E1840024813116030F
:108D30006FE87F88F2A4421267FD008A41F6C0FF07
:108D4000A11B0FFCCFFC41F681011C0C847102A118
:108D5000D1AD8861150A80C58075E4FCF6E5A10BEC
:108D6000F27C0C4CC1C3DD93FA7C040CECF01EF0D9
:108D7000866B04886010021900A98191060E6010AC
:108D8000C00072C088BB1D9E4296091EC00167B913
:108D90008D1E8004130E8F1E63214156170EC001D5
:108DA000911E840B1B1E951E993E8C1BE80048C823
:108DB0006C0400A0E00842C67418010A0B0E810181
:108DC000808800A4046002F0E010101A1C00020564
:108DD0008000020600145E050B04B18BED80420A90
:108DE000C00842C642C6A10BE5AD00088A95FE1E2A
:108DF000A10BFE0409148A350E0B907B4998962B23
:108E000018B1E80004068111960B6008EFEC628847
:108E1000E69E4E7A00068375E7AD610084159D0ECF
:108E200000F018341A44E4E0E1EC0B76901B3E0E9F
:108E300089248B04920B3C0EE80040C86D0C9D0405
:108E4000937B82917E04FA350C0CF8F1DD93F27C71
:108E5000F87C040C61064E0AE08812246006500A71
:108E60000F4488CB4E9A866B8111669EE6A2509A7B
:108E70008E630D34402A10C3101EE68AF0A44E62A1
:108E8000650E443AF0A450C2E58E463A8FAD81C5D6
:108E900046AA56AAC41014A0D0A456B242127E35D7
:108EA00088C1D0AC52CA91CD546046B2FC15DC00EA
:108EB000E1841804425A02C340CAE6960C0CE00250
:108EC0008135F07CC1C38B45FA00040C480A086B5D
:108ED000400AE5060A2465860244E184E84761B059
:108EE00018346807201FE184E0FC00344042A05F92
:108EF0007178F09442126FE80406F2B040406001CD
:108F00008403FF318131070B728C42129FFC41FEBA
:108F100041FEA11B400ADFFC0204F00A8413E18435
:108F2000E002401A8101180EF2000C0CC1C3DD935F
:108F300060144401083C81310A3CAF41FC00061436
:108F400060184401E41C0030601C4401EC04003053
:108F5000602044014441C21783016010E0244411A1
:108F6000E0284411E02C4401C1C3DD93042E0038F5
:108F7000A13BFFFC8208844582E5A10B7180482259
:108F80002623900140009031400173C173C14630E7
:108F90000623C00181358803FFFC002E860E842E37
:108FA000C1C3DD93FA7C040CEC501EF0867B090EE5
:108FB00061840014E0AC0674886B2023841386233C
:108FC000E10E401AE10E422AE1AC0404611E562A69
:108FD000E1AC0414E11E502AE40404B0611E542ADA
:108FE000E0800406068422230623E0ACF1844202DA
:108FF00004B47C2E7E1EE0AC3E0EA40385B5909B8F
:109000008235919BE02C521AA0101E05A00C1E1553
:10901000A0000168E020521AA0000088521A09043A
:1090200000F8E02CC000200180101E0580081E15ED
:10903000179B80C580B58101BE148904E8004B08E8
:10904000608802940C2582918C137C04E11E529A54
:10905000842E8023F4B5959BA8F10101F27C0C0CC1
:10906000C1C3DD93FA1C044C847B028B866B009B8E
:1090700000061C14E024E0804338A434A044E80037
:109080009E14980E880B602442B8A4349A0EE8000F
:10909000F21C0C4CC1C3DD93FA3C040C828B047BA4
:1090A00060240E1910498321866B602460280E59B4
:1090B0001C04809B2234A32FE090024468284F2890
:1090C000E89414249C24A4142234980E040BCF1783
:1090D0004E78942B1A0EE8280C0C8101DD93F23C9B
:1090E000FA0C040C403A006B027BE50AE58A423A2E
:1090F00000000181C00167D172A04212E03C4486A9
:109100006FE861087F218131850B81311FFC41FEB1
:1091100041FEA11B427ADFFC447AE50200646582CD
:109120008203E09C72A04222E0A00464EFE85FA802
:109130007FFD45FEC50DC03F1FFD41FEA11B003F49
:109140001FFD41FE0C0CC03FDD93F20CA11B005B28
:1091500060084096640018500006C080070A40006E
:1091600040C6E640190A4000C0FF67FCC00040C688
:109170005C08A10B1814DA00A15D61FCE05702C382
:10918000D63703C7D18018C442CA8AC38413E08685
:10919000E0000212E10E421ADD93901E6506440AB9
:1091A000420A81310020E586C0046401F28C42123B
:1091B0005C08EE1D41FE5A00C03F1FFCD7076A172E
:1091C000A20F5D93FA7C040CEC701EF081617E3E70
:1091D00088BB092EE03404098D6EFC1EE80D3E0E9E
:1091E000602402A9E00040C6150A981596B5E6402D
:1091F0008904FC147518FE3404106FFCA10BE430D4
:109200007C0494958914963B72D8FE2400B0EFFC40
:1092100081116420551D817516258121821140041C
:10922000020AC12EFE15E24089117E04B0010175CB
:1092300078104065EC040210A11BC16E0974FE5544
:109240007E8490B1BCBE8101C0717C94B08105B5B3
:109250008A75A10B906B0B6E8984FE14F8100E2595
:10926000A004861473D8A4342224EFFC1C0480BB11
:10927000E46008F0601012157698943B8C8B6FFCBC
:109280008295A10B781050B58D24943B8904A02EB3
:109290000014BC446878960B0B64EFFC88818871DD
:1092A000BE148261F4B5C36D0C0CB8F1DD93F27C91
:1092B000FA7C040CEC301EF0806B064A04C9840A68
:1092C0004C45E0C00249EDAC4C05E020C40AEDA8D5
:1092D000EE244C45E0CC0449EDB04C05E0C804094F
:1092E000E0C40479EDC04C45E0D00441EDBC4C0530
:1092F000E02C0405EDB44CC5EDB84C75E0D404C1C8
:10930000E0D80471EDC44C45E0E00449EE284C057A
:10931000E0DC0401EDC84CC5EDCC4C75EDD44C45FA
:10932000E0F00449E0E404C9E0EC0479EDD04C0538
:10933000E0E80409EDE44C45EDD84CC5EDE04C7592
:109340008AC48844CA84C874E0F80491E0FC04A18B
:109350006DDC4C054CC581014C75EDF04C85EDF490
:109360004C95EDF84CA5EE484C05EE4C4C45EDE81F
:109370000645EDEC04C5E0340475E0104C45E014FE
:109380000645EE500485E0380495E01804A5E01C7D
:109390004CC5E0204C75EE704C95EE744CA5EE7CFF
:1093A00083A16E80EE544C45EE784C8504C58C4408
:1093B000A194E024EE844C45A4888E444C459B74D3
:1093C000CC44EE884C45A7B4CE44EE8CEE904C4590
:1093D000E0100645EE944C45E0140645EE984C45E9
:1093E000E0180645EE9C4C45E01C0645EEA04C45B9
:1093F000E0200645EEA44C45E0240645EEA84C4589
:10940000E0280645EEAC4C45E02C0645EEB04C4558
:10941000E0300635EEB84CC54C3599C49734EEB4FF
:109420006D884CC57FFC59E69F44C020ED844C35C7
:109430004C85C8349D84ED806D8C4C4567FC0430B0
:10944000582DC0FFE0081806017C18342344FF2182
:1094500081C018C46D944C7590B0463218342534D0
:109460004C8581400E606D90C00D6600EE344C5509
:10947000EE044C259534FC3E6DA44CC5FFF459CE4A
:109480006D9C4C45FFF8088E0C85994B5082CD9C05
:109490000840519050A1CC04FCF5C0006E3C4C0536
:1094A000670000604C05C00600606D98C002650052
:1094B0006E204C35E080068A6601066050C6400486
:1094C0004C65E0004C05EDA04C35EE2C4C25EE3003
:1094D0008875EE14EDF80C35EE280C4586B5874DF1
:1094E000EDB40C25E4080020E17C18049803FDC7C6
:1094F000610818045802A101A9CDF1B0BEBE82D501
:10950000EDC40CC5EDC80CB580F596CDEE7C0CC550
:10951000EE800CB580C596CD98F1100BF27C0C0C4A
:109520000CC5DD93AACDEDCC2041FE15A6439833A2
:10953000FC75A94DEDD00C35FAF5AC3DE4040620E0
:10954000E1FC0834460206438347F1B0F8B5893D93
:10955000EDB80C45EE240CC598438643F6B5854D11
:109560006DD80C4551F69131A24DE00C3EB482F518
:109570000906A14B188600008605800049F6234B9A
:1095800011C1E00C846589213EB4838549F6A54B61
:1095900059F6000C8245800C82F5A74B600C49F609
:1095A000E00C59F645F601458921E00CEE584C4592
:1095B000EE5C4CC5EE604C25EDE00C458235A24DCD
:1095C00084C5A14B41F6234B0465E00C83758921CA
:1095D00041F6A54B47F6000C8245800C82F5A74B5F
:1095E000600C41F6E00C47F645F601458921E00C98
:1095F000EE644C05EE684C35EE6C4C254C55C60AB5
:109600004002EE344C05FA148E0B6E34E80C5448CC
:10961000680C46E853B88E0B8E0B680468087228F5
:109620000C058E0B0C15EE384CA5EE204C05EE18F3
:10963000BE0D6E3C6E1C4CA5908440020E3C4C0549
:109640000000820381116C04EE404C056E444C0511
:10965000BE1E8101BE048F55E31C010AA1ABD6D505
:109660000C0584D5A70BEE1CA50B8225A30B8265E8
:109670004AF882958E0B68006C1881858E0B680005
:10968000551881458E0B6800EE180CA580F5A3AB2C
:109690008E0B7C14FC384208EE180CA58A35A5AB5D
:1096A0006E080C150C0587218411EE404C15830DB6
:1096B00040104E400C15DC00010A6E280116E040F7
:1096C0004C0580000C058E40820D6E208404021033
:1096D0008E404C15E68A400AEE3C0C15EC38000032
:1096E0004C05801D8E0B4E3CFC385608EE180CA520
:1096F0008815A7AB6E400C050C158721010AEE08F2
:109700000116E040841100000E404C050C05830D4D
:109710004C15EE200C15CE40400AEE3C0000E68AC7
:10972000801DEC184E3C4C0550388E0B0CA5E808FB
:109730003E04EE188201AFAB000CBE0EA10BE2009E
:109740000C05E26581116E0426068201FA80000490
:109750000C25839500006D9C0C45EC040223EE2043
:10976000043384110453E030583AE060465AE192E1
:1097700044C3E192468AE0304632E8304433D09028
:10978000A10BE0605995F8F5C1C38181FA3C040C46
:10979000ECA01EF0550E2D84C010643113AEAF94B2
:1097A00063F114CE91AEC0108D8E8F9EA1C4ABA478
:1097B000A974A564A384A794897E8BAEFC6EFE9EDB
:1097C000BCCEBE8EEFFC57680C0CD0F1DD93F23CA2
:1097D000FA1C044C0C05806BA10DE0880C1580B5BB
:1097E000830DE0BC8F0180A5E0984C050C158BC55E
:1097F0000C25E1400C75E0A84622E018870BF084A8
:109800000C358255A13BE07C0C3580D5460AE074CE
:109810009295E080E1D00C19E088420A032182256C
:1098200063388C1B0C25E8084C05E0A80C15E08873
:10983000875160C4E0340C35E0A00C45E0BC4C1509
:10984000484A82334A326696095DF1884C55855103
:10985000484260984C5590880640609C48328C0481
:10986000C42B7188182444470E55E08898737C10E7
:10987000E0AC0C450825C4570A34FC148E53E0882C
:109880000000823D4C05840882A580C0063057C484
:10989000C4C7EC04FC3008C5FC7584CD60BC4C35F5
:1098A000FDC5982BF21C0C4C0C25DD93061460842E
:1098B0000C45E08886736078823B01514C258221FB
:1098C000824360840EC58345DD84F810E0200C954A
:1098D000C487C4C7FC3012C5FC201285F1B0588281
:1098E0004AC20ACD4610FA1482115C00FA85881D1E
:1098F0000C5598140C45E03C0210E01C032DEC04C0
:109900000443C227483386534853E030DA85E06089
:1099100082010311E0984C15E09C4C15E0BC4C050D
:10992000C1C3F925FAFC040C0C15806BA11DE08C59
:109930000C058235801DE0880C0580A5830DE0BCF8
:109940008F0180E5E0984C05F2FC0C0C0C55DD9382
:109950000C25E1440CC5E0A80C35E0180C4BE0B434
:10996000445260480C2BF188851B6050E0C80C8580
:10997000E0CC0C750C958275A19BE0800C9580F570
:10998000520AE0740FB8E0800C55C0005486607035
:109990005202E03CAAA3F1849645949D60940C5534
:1099A000955BFDA10C5594A51450E03416A4E40475
:1099B00096A3E1FC8AA383A79245959D70845202E9
:1099C0000291C6371494A031CB3761FCF9A11493EE
:1099D0000CA5C297949F6010189592C3B2C4F80C5E
:1099E00014A5C497C4C77C24641016A0C7B786A367
:1099F000669248BA7FFC578E0840C3FFC947E5000E
:109A000060200CB588A3964FF00A48AAFC2416954E
:109A1000FC3016C5E68A444A0420A6939893660053
:109A2000849DD1270C2584A59834E084E01C0C4546
:109A30004C25822106306084072DEC040443C227A4
:109A4000F1944602E0304833E06048030C05DE65DF
:109A5000FF91613460944C9573588C2B0C35E80859
:109A60000C25E08C4832E088861B7180613C4C45B7
:109A70004240854DAB0D1C00E13C4C150C0982D5D4
:109A8000400AE1D00026E0904C05C0004C05C0988B
:109A90000030409C9435CC1060340C05F18848327D
:109AA00086E5880DE40402000614A8130C35E1FCD9
:109AB000861360840C158317A223601C8403023173
:109AC00060844C354C25C237861360886030422351
:109AD0004C058F214203E08C4C25E060E755E0986F
:109AE00060380C05F1884A12E0A40C45895D80437A
:109AF00030238A45F09C403260884C254C058C1BF5
:109B000068B8E08C0C15E8080C25E0840C35E01CE6
:109B10004C05E0888211608C60844C150223C217CA
:109B200044038F118C0B6060E0304433E0984C1597
:109B3000F2FC0C0CE00810A860BC4C054C15FD11A3
:109B4000E135E09460A00C050C3587210C45E0441C
:109B5000400AE0484C25E68A461260980000F18CE5
:109B6000A8136C1860BC4C354C25803D4C95E09C8E
:109B70004C15E0944C05E0C0DD75C0BC60780C0568
:109B8000445281310054718000C3E08883558A0BB0
:109B90001875F3440C85F80CC447E0201045C477D1
:109BA0001075FC104872FC1C064DF190FA0C4642F0
:109BB0005C004050EC040A50FA65855DE0840C2599
:109BC0000C4598340C55E03C8221601C60844C2587
:109BD000EC040630C227072D460204534A33F190A5
:109BE0004A03E0302AE8E06085019FFCE0984C05DC
:109BF000609C4C05EC040010C1C3F505FAFC040C94
:109C00008781006BE0900C05E0180C15E0840C7562
:109C100060984C85ACD5A10DE08C0C25AC45850D2C
:109C200060200C55E08804047C080225F088461268
:109C3000F8100645F80806C5781806350A25C42721
:109C4000C4477C087C100A450AC5C4C7C4377C30A9
:109C5000FC0C0A35A6C3A823906584CDE0340C25FE
:109C600006248421FD37E17C852786234C05A40347
:109C7000040460900245E08846127C088E34F08827
:109C8000C4479A240435C4370445FC0C4832FC1000
:109C9000893171900A00854518046C0402C5E0887A
:109CA00012547C300295E088C4C7FC247C3004C583
:109CB0000495C497B2C3FC2482F5A3CDE4081240F6
:109CC000E17C14949493FDA793CD859700904C5517
:109CD0009C0040509C0048C0EC040630F695A13B27
:109CE0008C1B0321E8047D28613C0C450C35FFC129
:109CF000126060340C15E6200C25E0944A42E0889E
:109D00004052F18C991B7B00FA004422E0904C25D4
:109D10000C15B045981DE0840C05AE051414601CAC
:109D20000CC5E08480A3E0A4E0301453F1B0565297
:109D30000F38972D021180004C158433081460846D
:109D40000803E0840CA591114C15E0508C1B605069
:109D5000E030402360604033FB000034E80855E801
:109D60000C1598240C35E0844CA5E01C04206050B0
:109D7000051DEC04E084041446038433A0A5E060D0
:109D80000C25A535FF11609486B5832B613C0C250D
:109D90000C0582710A7460349844E084E01C0C3530
:109DA000608C0C054C25A023084060900A33EC041D
:109DB0004C25897D4C75E0944623E0844603E030D1
:109DC0009865E060E0880C05E0A40C35E0904C2537
:109DD000F18048228E25864D60340C35EC04042039
:109DE00060BC4C254C4585414C45E0988033609CD7
:109DF00060944C15EC0C063060C04C359215862DE5
:109E0000603C0C150C2582710674601C4C75E08456
:109E10008013E084608C4C15440386234413E030A7
:109E20000C09E060400AE1D08AE5E0847B00001480
:109E30004F388C1B0C15E8080C25E084C217E01C79
:109E4000440382238515E06086F5A17D601C0C1516
:109E5000E0840474E0400C3504238223463AE03069
:109E6000A023E0A282A5862D02098E138201E1E0E3
:109E7000E1E04201E0880C05E01C0C15E0840C7563
:109E80008E13C277E03042034C058F010C0CE09832
:109E9000DD93F2FCE0A40C05E0840C15F180405247
:109EA000812D0211E0844C1598449425E01C0C355A
:109EB000E08C0C05EC0418401814191D86C3E084CE
:109EC000E0305853E06058030C09F8050C55E1D018
:109ED000400AE03C02A5E084F0884052680849E866
:109EE0000C158C1B0C25E0840C35E0909844E01C8C
:109EF000084002110A14EC04891D608460844C152A
:109F000046038A3387016060603046238000007614
:109F1000E0984C058BA5EEA5606014A348A286C30B
:109F2000A443FB108E05984D8211184460844C1593
:109F300008408433091DEC04E0840814402388039E
:109F40004033E030E825E0600C3587F50814601CEC
:109F50000C05E0848833E08CE0304623E060460363
:109F6000E1D00C29E084440A000482E58C1B7B00CC
:109F7000E8084548E0840C15E01C0C25E084061434
:109F8000440386239804E060E0984C85EC040000CC
:109F9000DE65811D0C3583B5A4536040E0A2463ACE
:109FA00082A5865D001982038211E1E0E1E04011A3
:109FB000E0900C25E01C0C05E0840C15E0840614F0
:109FC000402386034C85E030A404E098E0A40C35DF
:109FD000E0900C25862D80330C3586C58033E03427
:109FE00090A5872D601C0C25E4040810603C0C35FE
:109FF000E0840244E0844C454403822342326030D2
:10A000004413F0800C09E060400AE1D030F8E084AD
:10A01000E7B5DFFC86F5A11D601C0C25E084061465
:10A02000E0400C4506338433484AE030A033E0A2D8
:10A030008285883D040982238201E1E0E1E0440158
:10A040000C25A4040C15E01C0614E0848623E0848F
:10A05000E03044038F01027160984C0531888F1BFA
:10A060008C0BDFFCF2FC0C0CE0042708E0FC0C0578
:10A07000E1000C15E0944C2560984C85F18040225D
:10A0800060BC4C054C25A223E125E0C0F81C040C63
:10A090008161022460200015004581718834E0A0B0
:10A0A000C8C48A540035CA2486536018585298533D
:10A0B000825B7088044055CE81D5EC108271028499
:10A0C0007C181085F098528260101295B0C3886198
:10A0D000D5CE92C3FC75857D60881844EC04084099
:10A0E00070B04A120A50983318C06C3081F5EC40B9
:10A0F00082214D7402858264C477FC307C300C95DB
:10A100000C6588C1B283FC1CD58E8C83FC35892DEF
:10A11000F01C0C0CC1C3DD93F87C040CED801EF028
:10A1200060BC00750035FF61811160C060180025BA
:10A13000401581814065E07C0015E08800C5E0B4F1
:10A140004065E0A8253EE140E088067460D800350F
:10A15000004586231620606C4ACAEC408121668641
:10A160004686213E2833E03C1B3EA051E4400610C9
:10A1700008100B377C3EE410E4080610CB570211A0
:10A18000853707478317195E81513E4E8141093E4D
:10A190000015951E931EE0DCE0E000150015FE1E84
:10A1A0008D1EE028E02C00150015911E8FCEE024B6
:10A1B0001D1EA37EE08402C481110B1E8EC32B1EC4
:10A1C00081113CCE1A38971E0AA0E0000B0AE40465
:10A1D0001A48E7201615C000A24D60105E45AD6E0E
:10A1E0005E25C05C98F5C04CC41727BE60AC003536
:10A1F00019748CBB06C58E6BAB34FC0404CDAEC3A6
:10A200002B3E88339C0058204E600E05298E9C0002
:10A21000AF4E988BE0B000358BC48F44FC0406151C
:10A220006084061488338E13E032463A463A9DC461
:10A2300090CB66B2E5000630463ACF370D34E69251
:10A24000421A8613421AF00A0210E68ED117E6006F
:10A250001E4582CD5820005C1E859C001E758050D6
:10A2600082658044966B2F44E0884095A14BA98479
:10A27000811180C581E5AB1E966B01E583413C14DD
:10A28000E14040959413A5247B084412A52E81112A
:10A29000A374AB1EAB249B14822DA7B4C00013F88B
:10A2A0001278A34D4C80400027CEDC001615832188
:10A2B000AF2EE01060201625E0880814E02000355D
:10A2C000E0100015C42721C4FC100665FC08062513
:10A2D0007C100245100599AD93C48C239E6599AD01
:10A2E00083ADFE14EE34AA85FCC482140215C43773
:10A2F00042C2FC0C1814FA044C22E08CC267F1B084
:10A300001E95906D4C8000580FB89C00298E8000DF
:10A31000E4100E40C77740C4B3111F1EE686442ADE
:10A3200018259D1410207C0C1F34E4084E7AC58734
:10A3300082CB6686AD110883483A10714977E6866C
:10A34000E098022406060E830283E0041043831182
:10A3500013E58F811F5E83711615805B1665F830DB
:10A360001675F820298EF8102C84C41706C5C4670A
:10A37000C4777C04FC1806657C1C06750635C4870A
:10A380002904FC208E639863866315347A1846325C
:10A39000E0840C24806DA6631D849245E4100E4079
:10A3A000C7770A0B844342C466A24E7A9F54C447BF
:10A3B0007C04181545778471087390CB02739181E2
:10A3C000487290110414708C0606E190891160089F
:10A3D00087710BF5F8101675C477ACC47C1C066544
:10A3E0000635C4C789C4FC3046C28C334C22FA0CF3
:10A3F000C267F18C9EE5906D1840298E0215E4101D
:10A40000C7C77C1C84431D740243918144CA8811D0
:10A410008643669E8ECB4447060604214527E00806
:10A4200004438571E18C0414851107358A0B006B98
:10A43000A374AD94A7C4AF448D559F54C477AC7436
:10A44000FC1C06154232BE340614FA044C22E08489
:10A45000C267F18C92E5906D1840298E0035E410AA
:10A46000C7C7601484431D847C1C063558CA877195
:10A4700010C1E6A249C786131843843110CBC41714
:10A48000043482438F81618860040606442A89115E
:10A490008223E6B21124EF2F424A8443421AF00A83
:10A4A0008613E68A826DF11F80501E6580581E95C6
:10A4B00080441E75AF4488C5E08840952374971486
:10A4C000A7C4A34B971E8211001584958EA360F03C
:10A4D00060A0002585418731442A94130610668EBA
:10A4E000853DE41040485E154015831181B5E07C40
:10A4F0008195AD94906B2D94A7C4AF448135A3741E
:10A50000A7C4AF4488B10C8B926B182B8AAB25146F
:10A51000F0A8527225A8829DA16D9FFC97248215F8
:10A52000E0F00015832D8221C08840651EF00111E6
:10A530004015E5800C0CE098DD93F07CF87C040C71
:10A54000ED801EF0FF31012160804025E03C4A860D
:10A55000606C0025001581B1816160B4608C40356C
:10A5600040358191A453614460C00035E44004103B
:10A5700060A800C500458B27A93EE0BCE01800A5F7
:10A580000410092E0727E410E68646CA44427E2EB0
:10A590004427F1B050A2A031041070880211E408E1
:10A5A0000527CB371F3E8317E088064486A3215E2C
:10A5B00081310F2E00159B1EA51EE0E4E0E800157A
:10A5C0000015991E8D1EE0ECE02800150015931E65
:10A5D000971EE02CE0240015231E95CEE08402C4D3
:10A5E000B81B111EFF117C1E81110B1E81C11D1E87
:10A5F0000D0AB1A518B8E31CA2CDC0005C004E3016
:10A60000DC0046C02DAE965520248CAB0015886B1F
:10A6100098B360ACC4279F44FC080215F1904E1219
:10A620000C05867D9C004E308E9B2F9EE0B0005521
:10A6300091749514FC080A2560840A2482538823A7
:10A64000E01E4A5A4A5AA374927B669EE5000A505D
:10A650004A5ACF579314E686442A8A23442AF00A9A
:10A660000420E686D127E6001E95847D4E30005CEE
:10A6700082059C00A1CB0C4BE08C404501E580A5F8
:10A6800001D581B17C248C4B404581B183C16144AB
:10A690008823A914FA044222AF94A91E946B2114B2
:10A6A00082BDADA4C0001348833123CD5C0046C0F9
:10A6B000DC004A90C00011B8ADBEAB7EF810142586
:10A6C000E0200055F82014C5C4272514FC080AB55D
:10A6D000601000250A75C4C7836D7C30FC3004C54A
:10A6E0008EB30E65836D99148D149C25836DA874AB
:10A6F0000214A6858924C477FC1C0215FA0444229E
:10A70000E08C0224F1844AB2925DC25780000FA807
:10A7100012C02F9E278EE410C014C797B3113E1E9F
:10A72000E68650BA3EB4A314C58784816686529AE1
:10A7300016B59883ADC17C1C582A10914997E6B292
:10A74000E0040E0604B412830483E09810C38391DE
:10A7500013458F81A78E83211475A8241485E010DA
:10A760002F9EE0201495C427C47760307C080A151A
:10A770000A75C4870A85FC1CC4977C20FC240A55F2
:10A7800082731B1490732F940AB40A734E12E084E0
:10A79000AE53FA1C90E5925D10C023944214E4106D
:10A7A00096C3C78766A6508A0215C4C78481FC0871
:10A7B0009883C58790110283709C5882E19016148B
:10A7C0009181121B0E060B95A78EE0081415A88424
:10A7D000C487E0107C200A750A15C4178F54FC0446
:10A7E0004E528E134AB2FA04C257F19C8665925DAE
:10A7F00085912F9E7C200415E41004C0C727238474
:10A8000002C396C3442A88118EC366A2161444C795
:10A810000421E18C4527901B04C39181E0080E06BA
:10A82000852105D5925B0D05C4777E24FC1C0A1595
:10A83000FA044422E0840224F1844AB2925DC257B1
:10A84000AF9E980510C0278E0015E410C7876014CE
:10A8500096C323947C1C0215E0040E06E6A6508ADB
:10A860008223108184114987C42710C3618816147C
:10A87000121B84C307218F8142BA89919213E68605
:10A88000E51F172442CA82C3421AF00A8E13E68AD1
:10A89000825DF11F805C1E55404588C5A33B608CDE
:10A8A000882B1D1448202784ADB4DC0082112B7442
:10A8B00086959D1E60F40015984B84CB71844622CA
:10A8C0000230FF212924EC409514841D5C004430A3
:10A8D0001E25833D83114050608040158B4E85318D
:10A8E0008145A92EADB4A78406CBAB740840826124
:10A8F00010806C0414A0EC108A9B6C108E3B0145F8
:10A90000925B7F35834DA9149FFC2758A13D8B3462
:10A910009D248215E0F40015832D8221C08C4035E2
:10A920001EF001114015E5800C0CE098DD93F07CE1
:10A93000F87C040CECA01EF060BC00854015FF11F3
:10A940000015E090911EE0C0E0300015E01800B561
:10A9500000158D1E8B1EE024E064001589BEFE8E5E
:10A9600081110F1E8111131E81113E1EADB5FC1EFB
:10A97000E31C050AC00016E860200075E08806A404
:10A980007C0C16858F1482210E95C487A11B7C2018
:10A9900096C5932EB413FE149645B01D60B40015F1
:10A9A000065596330625FA10C457E0207C140E4550
:10A9B0000EC5C42704107C088727E410FA1044222F
:10A9C00060100095082492C34CC2E0841285F19077
:10A9D000A36D7C20A4B5BC8E601400458B94C26727
:10A9E0007C140845E4100A8098834757E6A64A5A23
:10A9F0006408164045B7882356BA9051C95766A6D1
:10AA0000C4270A83848308B1C7B70D44448A968358
:10AA1000442AF00A0420E692CF27E5001EB5846D93
:10AA20009AE58010846DFC24C09040A589B4BE24B2
:10AA3000C0085E6598B5A12BE0F8002544A29144BA
:10AA40004822F18883217A10BE2E914E00658BA595
:10AA500042B260B40245F08C00B5FA100660E01412
:10AA60004447E4100E25873716C5FC104A32FC20F7
:10AA700004947A080654E0844622E084A33DF18CD5
:10AA8000C0101EB51645A25550C27C103CCEF0A495
:10AA9000E40816C0C5B70BC4844108838A834547C0
:10AAA00066B256BA484AC487C23766B288B10D54F6
:10AAB000C7B708419643C747484A9043484AF00AF7
:10AAC0000840E696CF47E5001EB5883D1EC58010BC
:10AAD0009865800089B4FC4440A5883D5E35C090EF
:10AAE000BE34C008A13BBCC4003596159144E0F8C3
:10AAF000F18C46A27A104832914E833189D5BE3E00
:10AB000010A00C340484EC04A01160887C08166545
:10AB100002248B170E45C437C467FC0CFC180425AF
:10AB2000FA084612E0880234A2A5891DE08C02349E
:10AB3000F18442C2A0F5A31DB3414024669248CAE5
:10AB40008BC4C2177C1804253C6484410A60C54745
:10AB50008C436410AD614757E6B24A5A66B2582A30
:10AB60001051CC27E69A463A82C14957C3C70A43D7
:10AB700086430D3498438443F00A444AE68E442ABF
:10AB8000E5000420841DCF27FC2496C540A5841D24
:10AB90005E15C09089B5C00810A002440454EC04AE
:10ABA000E08806847C0C16358B67A0610234C4579C
:10ABB0000835E0880E45FC044C62FC140664FA0C6F
:10ABC000893DE088066490054622E08CA33DF18C27
:10ABD00040248E55E40808C0C5470B74C4C73951DA
:10ABE0007C040415484A9B21C237669EE68A449A33
:10ABF0004A6A084104C3E696E69E441ACC174747C2
:10AC0000822108C3C3270AC30D2482C342CA84C356
:10AC1000421AF00A0210E68ACF17E5008465823DE9
:10AC2000823DFC14C09040A5C0085E35A11BBE1437
:10AC3000001582551114E0F842A2A2A3111EFA04D5
:10AC4000BE1E831190AB111483AD93249FFC292861
:10AC5000D0F10111E0984015F07C0C0CC1C3DD93DC
:10AC600060AC001500258141815160A0818584344C
:10AC700006CDC5C4FB3046321C004850855D82516C
:10AC80004045FE15DD93E0B8F87C040C60180265C1
:10AC90008E35A32BE04C02559465815D080406C4F3
:10ACA0000C25E08888637C106C040E00804B838147
:10ACB000E0880624FC0C183586AB03F5F8040C95E7
:10ACC0001895C497959DFC24879D82A502A5826551
:10ACD00016A4E0B4F7B7E17C8EBB16A3949D8BA7B6
:10ACE000A38B809588BB82750C6002810E70EC107E
:10ACF00092AB6C048A8D964B9854F8451855C457FE
:10AD000081C5FC14040406340C25E0880824FC08E2
:10AD10000655E088804B7C1002C58A3BC427602022
:10AD2000E3400219FC081825E686463AE686425AB0
:10AD300086530421822385274800855D880BDC002B
:10AD4000F07C0C0CC1C3DD93F87C040CEC801EF08D
:10AD5000E0840015B0F5A11D601C0025E0841214EC
:10AD600012738493A17DE0300045AED5875160A079
:10AD7000E0601233E696504AACA5913DAC75A13D1A
:10AD8000AC25917D0C70092E0045E40C00A5E0B4C3
:10AD9000A041E0D4617C0A44FA8004A4F7570F2E46
:10ADA00004A40A430B47E1A00D4EE1A7E088086424
:10ADB00060180055FA801624FE2EFCAE54520B5E2D
:10ADC0000151F09081C5814182616924E02000C574
:10ADD0001825C4278421FC0848228527866DFA108F
:10ADE0000FC4FC851223A01D8EC3C02CF0AC4EC234
:10ADF0005B1C4E229CF5A3CD892D8D2404B09C852F
:10AE0000FA2DEC04917D9C150D249AC5E18406B4BD
:10AE10000CC00BA43E1EE404E0880264A8230F1EAD
:10AE200082A344278191262360AE462AE088044409
:10AE30008C8B01B10315A6CB6924A4C38214828133
:10AE40000215C427C417FC08A6C318136000041217
:10AE5000E8000212A29304B3FC058E8D18900B84B7
:10AE60000F14E408E40806B0032589946114828372
:10AE7000C02482610415C4170025FC04442AE02480
:10AE80008A136686E50004204A12CF278E6DF0886B
:10AE9000FE14FAE5F420028A0C3488D585C76108CF
:10AEA000F1B0466286E5A03D60D000057C248CC3ED
:10AEB00042CA8AC3D107F00AFA800004E692400A27
:10AEC000E68A421A05078401E6000210911706037C
:10AED000820D3E04D0A44002C1E00019C404021057
:10AEE000C1E040110C0CC0F1DD93F07CF87C040C47
:10AEF000EC401EF060A80015007581410025E0AC13
:10AF000000A5E0B0A31D60A0884E9C4E831384353D
:10AF10008DF383339CC48254FC100A559C5E985375
:10AF200088C4C0547C100A55985388410254885EE6
:10AF3000F18448A21870234D4C70E4100855DC00D1
:10AF4000DC005050608806447C3E8E6BE08816140E
:10AF5000FE0C0C9582A17EAEA2A309138AAB3EAE75
:10AF6000897383337C2C14A5CD84943B1493B093C4
:10AF7000F19E86ABBEC4FC840254FEA4C4C78A837F
:10AF80000EA08EC3489AEC0400D8E01C0E10A0005E
:10AF90008F13EC0487738333E174D934AE33D594C3
:10AFA000F13E9233182040548875E41060880E44B6
:10AFB0000C85846B06A07E1C0913E404F1844832DE
:10AFC0000614073330ACE0888A9B68007C0C12952D
:10AFD000E9B492AB1283B683F18E949B46524054EF
:10AFE000C447F09C200100A8582240008305F0903F
:10AFF0008A3B046BA00000D8EC040010833381135B
:10B00000D9048773D524CD148403A203A0F1F10ED3
:10B01000F07C0C0CC1C3DD93F81C040C60A002355D
:10B0200002258741463AE0504822E6920630F080F9
:10B03000874DEC0402358AA50804601883C1E088B6
:10B04000FC100655C4578644FC1408550C0083F5C3
:10B050000E0464040675E08810647C1C0685E08894
:10B06000C477FC207C1C08950875C487937DFC2060
:10B070008B7D8205028580C5CA7760B48095907DFE
:10B08000806B23CB02C180B584CD8C0B0C0CF825D2
:10B09000DD93F01C60A00055004581310254E0189A
:10B0A0000454608881C5E08C4A4208CB713EF0842C
:10B0B000943E84438231103E60A000558B3D984BF6
:10B0C000DD93FC95F87C040CECA01EF081312D0D75
:10B0D0000455AC350445E10404A5E108135EE10C18
:10B0E000F19456124A12114E0495F19040126110DB
:10B0F0000485F1A8585261140445F9AC4CC261189A
:10B100000F1EF980F1A44E1258120D7E2C7FF1A073
:10B11000F1904812B87F0BCEA17DA87F7C4EA2751E
:10B12000E08802B4C45709AEFE8EBE9EE0180495B6
:10B13000E11C0485E0B404A5FC141275FC0412158E
:10B14000E0200455C417C477FC040A45FC1C0A150A
:10B15000E1200475E6A2504AF1904812669E4E4ADC
:10B16000907DB483044598E50C0461241235E08891
:10B170009304FC180A35C4374232FC0C421AF1849D
:10B18000924B66928C258E1DC4B78DB4FC2C08059D
:10B190000A65C4070405FC004662E128463AF18CC2
:10B1A0009104E6828825823DC4A78BA4FC2808056B
:10B1B0000A95C4070405FC004292E12C421AF1985A
:10B1C0008904E6828425861D0435FC04C407E13029
:10B1D000FC0008050A05C407B203FC00E68E400A1D
:10B1E000820D7E0480041E058875A90DE074041587
:10B1F000E094420A8FC486C5AFCDA0C3C4C78655AC
:10B20000181588C31825F818F034F8080A15C4175B
:10B21000C4277C047C080A250A35C437A413FC0C17
:10B22000841DA6238C1000000C0CD0F1DD93F07C63
:10B23000060B803B0C0CD0F1DD93F07CFA7C040C07
:10B24000EC901EF0827B0B2E0240090E0008E4C039
:10B25000E700044066400A4001F599C142658161FA
:10B2600018C07830C56EEC044265D56C4A63E02C9A
:10B27000C966E02CE02C4461FC55A1CB6088020437
:10B280007C0EC207E700004000403E0E7E1EE640F6
:10B29000E4C0123064C01440E6400C308181110ECD
:10B2A00012058D459921783049D89C1A1C1AE81846
:10B2B0007FFD57FE4002CFFF99217BACF83054054B
:10B2C0004918E504690EE8188F9E9921E02C1205B3
:10B2D00048989C1A593AE818FBAC400299211E1A6A
:10B2E00054058DAE860B602CE81847E8992111B4FF
:10B2F0000C03ED0C9E1AE05CE8184948602C0C0326
:10B300001E1A80AB48D899210C03E818809B608CEA
:10B3100099211E1AE81848688934FC244222FE4408
:10B32000B42371A492230013402A8E38441AE09269
:10B330001144E0920202A13B920B600060000622E1
:10B34000EBFC041202323E340006EBFCA19D4000EF
:10B350009C004090603048030C2690334611828157
:10B360008F94E03091BE8DA482088B04E655818DC8
:10B37000C8F10101F27C0C0CC1C3DD93E0840044F0
:10B380007C000A03F0805852E09018C3FD0120C3EE
:10B3900080CD3C04978018C4440418C08615A31DB2
:10B3A000E68A44CAE50E582A658E442A18C08131BF
:10B3B000C1006401728C4422DE27E3C702CDA4CF12
:10B3C00080F593110A298853E22DE1E08B11805515
:10B3D00040118803DD93E3901824425A9833E088A3
:10B3E000E0300635C35DC65780000A06D1944A1284
:10B3F0008215CB3DE010000B8203C6075C08C03D00
:10B4000004439A0048018501DD93E390FA7C040C23
:10B41000ECD01EF081C10B1E914EAD14891EB344B9
:10B42000135EAB148F3E805BA914971E99210D2EDD
:10B430007E1EB134E79002408145AF04042045C62A
:10B44000A12BEC040400FE954F0665801906E00070
:10B4500081A1600806058D05000AFC1CC7FF63FD7D
:10B460004C4294C58D0170A8E3904C01A10B940A45
:10B47000881480E50086C11D4C01C000960AC39067
:10B480008265A10B709C42420215CE07C01DE030C0
:10B49000C0000036C3904C01D40A992E8205A10B3E
:10B4A000FC30081B0036C01D4C01C000156EC39057
:10B4B00011148A0B08BB942B069B8A6B78D8988B47
:10B4C0001304EFFC192490CB0C5B923B0009964BC4
:10B4D000000AE0348665E3FC000995040000E3906F
:10B4E000010AEC148475F4047C4E89048B14944B8B
:10B4F000FE04BE0E8F348D248A0B3C0E41589354AB
:10B500001924E800123B90CB964B8C5B882102A15A
:10B5100084C1087182089704E6D581ADE8F1010184
:10B52000F27C0C0CC1C3DD93FA7C040CEC701EF0B1
:10B530008A9B00AB60141403A1B4828B0D0E9F5440
:10B540008EF5A30D60301209E0840C4442B215C19F
:10B550001663F0901D0481711846A10B42C1C00012
:10B56000186063900B8EE6A0E5E00C00FEAE895EED
:10B57000BE3EFCBEB00283E50D1498120004A20387
:10B58000820DF08014138495900B602092BB3CBE1A
:10B59000849B088B6FFC6F4814CB98AB169B922B47
:10B5A000FCB4904BBE3489548B84FEA48461027138
:10B5B000E0301209F815817D0C0CB8F1DD93F27CB6
:10B5C00060201413BCBE900BEFFC6DA80C0CB8F1FE
:10B5D000DD93F27CFE7C040CEC601EF0829B00ABE1
:10B5E00060940034E18402A4820325C4602A400AE6
:10B5F0002984A1714202816140C27BB0A273FA80AA
:10B60000F398426240128073CB777298E0EC0204A8
:10B610000E042E1F0B1EE194FA90402244422E1F6E
:10B62000211BFB88EFFC43F6A403201C73984262A5
:10B6300080084C968000101848AA9F24897EE6AAAC
:10B64000064406233E5EE1840623CA27442A823B41
:10B6500084C3E012F29844624E22A0C1CBC7729814
:10B6600060EC167438BFCB777FFD45FE56CAC03FED
:10B67000802B6408E0000E1AE180420A1FFD57FE8D
:10B680000E06403F7E38C0000404EFD4D01761E0BE
:10B6900045FE241FC03F7FFDFFA1500742CA7C9E8C
:10B6A0007E8EE408E008421A406A0B940984E02880
:10B6B000E580420AE188421A6D80420A41FE922BDF
:10B6C00043FE5FFCC03F1FFC6FD472C8122B903B3F
:10B6D0007278903B023BEFD423A4802BE028446A8D
:10B6E00006CA21841D94E5FCE1FC061A6580420A25
:10B6F000421A960B8E1B6188ED80420A5FFC45FE64
:10B70000C00447F6EFD47A4847FE3E24C03F7FFD91
:10B7100089B4A774446284937E84F29844229093FF
:10B720007C94F298442292A354CA7298041AE40CAE
:10B73000420AE0000406E18055FE4000C03F1FFCC5
:10B7400061E006A450A7D0271403A62F4212FFA140
:10B7500045FE7288DFFF7FFC640842CA421A84718A
:10B76000C7776008E028406AE580420AE188421A0B
:10B77000ED80420A1FFD43FE41FE5FFFA11BDFFC7F
:10B780000B2482456CD8963B0131EFD475F88E2B93
:10B790008195EFD48E2B0131EFD475A8963B0B2405
:10B7A000EFD46C0843FEA11D5FFF1FFDDFFC41FECF
:10B7B00082E5A11B963B0B24EFD46B4860F8041480
:10B7C000240FC5070131C51774188E2B81E5EFD4FE
:10B7D0008E2B0131EFD473C8963B0B24EFD46A282B
:10B7E00060F80414240FC507211DC5177FFD45FE11
:10B7F0000414C7FFFF3101880188000480F8021497
:10B8000019844602465AA12B409A6028400AE52630
:10B8100047FEE18404065FFC0033C000E5A6409AC1
:10B820004022953B47FE7280A10B9FFCDFFC47FE48
:10B83000F00A403A0C0BA00C0C0CB0F1DD93F67C36
:10B84000814101B582414954985DC5C480000A0612
:10B85000D1B04A52814DCD5E5D93FCD5C1C381010B
:10B86000F87C04CC67900A30E6A0183081610F4E56
:10B870004806088B03A5E0242066809B18A3A51B1F
:10B88000160E40001478D0000001160606A59000A0
:10B89000F27D0000484A80B554A2E49C65AE90ACAD
:10B8A0000831826104C182518AA88281F8D5956DE0
:10B8B00088D5E5AD82418F44885B033181C103B5F2
:10B8C00078040A699478A51BE08810647C200085C0
:10B8D000E0881274FC240095938D80958175809585
:10B8E00080A5928D78044A71946683C182310AA83A
:10B8F0000CA482518D3DFA80A3CDF8958101F6C547
:10B90000F07C0CCCC1C3DD93FA7C040CED701EF00E
:10B91000995EBF74A53EA14EA31EAB2E0E059E14CC
:10B920001E85E0201E65E084BD94E080820B1F0E22
:10B9300045D8A91E1B0EE8140E0583C14C05E0185E
:10B940000E09EB54DC34E05800602D0EC00B65414D
:10B950009E48A70EE0200E1B5C589C284C35A9CFB2
:10B960004C21EB50C0026D6904C41E044C13E894D2
:10B97000C00166B16D6D4C414C51C002C0026D7189
:10B98000E814490860180E050E2980BB90AB604C86
:10B99000F0145405E0480E091219979E8191603405
:10B9A000E0900E39E0940E4978185401E7F4030A48
:10B9B0007810543100108101027004045441E46095
:10B9C000904B780CF8145421E01C0E3550019D1E4C
:10B9D000990160485091A8065091E054A704E0589E
:10B9E000AD24A914EFE46BE88D51210B2BC490A575
:10B9F000AD14809B64010060047040090165E4A0FF
:10BA00004944823BEC040630A13BC14E1E05FE7545
:10BA1000A19B6088990E96F5E0A4180912E5A10B88
:10BA20008460168064601680E48002C064E004C014
:10BA3000E5F006C06401006008604009C0026501CD
:10BA400066010A6018604004C00667018DAE8FBEB3
:10BA5000895E8BCEFC6EFE4EAD04BE0E9F54A1449B
:10BA6000A304BC0EEFEC6948809B2D14A19B2BC452
:10BA700005F588C5ABC495511809A524A10BE07044
:10BA80001809EE25A30BE0741D0496F5E44002208E
:10BA90009924CA5400C00034FE6EE440BE0EFC2E51
:10BAA000961B3C1E98BB2304AD449B24EFDC4CA8A2
:10BAB0008F51210B009B9085F3C596CB66F000C09B
:10BAC0007B38942B963B6FE4A19B809B97518265BA
:10BAD000009E9904E5701EF0920B025EF27C0C0C45
:10BAE0002104DD93E670028064010460943B400908
:10BAF0000059964BAB04E02CA11EFE1EA0012D1494
:10BB0000BE2EFC6E3C1E952E930E8E1B7F789D24C0
:10BB10001904EFE0219B809BF69599510E801DBE84
:10BB2000C00264D1942B27048E4B291464B8A1342D
:10BB3000809BEFE48AA5A19B9D5179C56070160991
:10BB4000A10B96CB0E09D4E504606058C0026500D5
:10BB50006601066008604004C00667016810594825
:10BB6000210B8C1BD0959151AD14ABC4E07018091A
:10BB7000D025A10B0470020B0660E4A0400964010B
:10BB800065F88C1B2D14EFFC2BC4809BE9059351A9
:10BB90000480297EC001663195B49F74272EFC2E47
:10BBA000E440007002043EBE7717E17C1D34942B04
:10BBB0002B048203E1140A048E4B115E02002D0453
:10BBC000BC0EE7004758A304809BE8046035A19BA6
:10BBD000C0000AF6943B2B04AD24A914E304000929
:10BBE000A7148F1E8D1E9D44A5148B6EFE2E89BE3C
:10BBF000B0111124FC2E9B648C5B3E7EA304BC0E12
:10BC000043189324809BEFE45875A19BC0000B461A
:10BC10008C2B2B04943B25142974A764E710000097
:10BC20008C4BA0116FE45068009B8E5BA19B8CBB7A
:10BC30000BC654152B04C00064910C802514C0035E
:10BC40000E3B942B00008C4B6F98E720B8116FF8D7
:10BC5000A19B809B0BD64ED52504C0000E2B941BB8
:10BC60004C388C3B809BE8044C75A19BC0000BE6D4
:10BC7000A514AB741754A1C4E7300070E01002455E
:10BC8000E1880E3B63200E19E440045089BE8B6EA0
:10BC90009DC4FECEBEAEFCCE9B24BC2EEFF87B88AE
:10BCA000A19B809B0BF644D50E19C00008806380D1
:10BCB000C0046450942B23046FFC5D48009B8C3BB4
:10BCC000E0004A06C1C3E165FA7C040CEC301EF0CA
:10BCD00082AB1914849B1574866B3E5E88BB7C1EF8
:10BCE0006040128947F8941B8E3B6800E0441209BB
:10BCF00082E5A60D8665A90B8C25AD0BAF0B7CB438
:10BD0000100B9A1549988E1BA30DEFDC8D158C2511
:10BD10008E45A50BA70B7CB402609695900B642012
:10BD20006FDC7948A30D8E2B8B3582258E1B100B73
:10BD3000EFDC4848A30D7CB43E6492958E1B900BBB
:10BD40006FDC4948100B8C2B51588E1B8C2B6FDCF1
:10BD5000921B140B6FDC550887B58C2B6420026096
:10BD60007738900B8E2B6FDCA30D7CB43E648C5522
:10BD70008E1B900B6FDC47A8100B8C2B52188E1B60
:10BD80008C2B6FDC0E098565C0056FD184E5A10B96
:10BD900067FD0E159704C0016FC90E290E39C00545
:10BDA000C0056FCD60090E4BC21EC003E0105615D2
:10BDB000E0585621E05C5631E03056436FDC42E8F3
:10BDC0007CB48E0B80B5A30D8E0B3E14EFDC4AE8DD
:10BDD00098F1010140162C0E2E0EE0000C0C810192
:10BDE000DD93F27CFA7C044C846B028B867B6028AA
:10BDF000A008A218E81060E860581019A204802B6F
:10BE000064F8E034C8176810E0440C199C55A51B71
:10BE10004E05E014C00167DDE0180C0B98349A243D
:10BE200067E14E150C19C0014E03E038C0026FE106
:10BE3000E0540C0967E94E254E35C001C00167ED9D
:10BE40006FC94E11A10B4005603C0C190C298101F2
:10BE50000C39E0404E11E048C0056FCD6FD14E0166
:10BE60004E21C005C0056FD56FD94E31B0A5C005B4
:10BE700060510C0902604001C0036491E088040431
:10BE80007C080235F08848124E358463400167F91A
:10BE9000E084060460600845065B823380136120FD
:10BEA00068014E458341400160094E530C25C00393
:10BEB000063BE1BC4E41E150C0056FD167FD4E2508
:10BEC0004E33C001C003600DE300020960214E0142
:10BED0000209C0064E01E330C0066025E360020996
:10BEE00060294E010209C0064E01E390C006602D94
:10BEF0000C29914506706040E014E470E0104E0596
:10BF000008241A044E15E08886436014603C0E59DC
:10BF1000E08410248C0B100E7015001586834002EF
:10BF200060540CC9445A84334815E68A001BE1006A
:10BF3000C0047811781900495013C00842526400B7
:10BF40004641FBB058726A000049F088C008781575
:10BF5000EC004611EB004641781100494641C0080B
:10BF600008246D000059E084400878090E43C42776
:10BF70000470847340076771677108404651C011AF
:10BF800006C06E00C0136770815107657C1400C93C
:10BF9000649010600EC4C0031095E08854827C1C2D
:10BFA0008C73F09C7801449512C4400214A5E0847F
:10BFB00090936060612012BB44A5988348B3E4006D
:10BFC000C0027801E1BC0E75E150129B4E32497EF1
:10BFD000519CF09410C982519CC6E300E33010C913
:10BFE000E4004EC1E36010C9E8004EC1E39010C9FF
:10BFF000EC004EC1F275835DF27C0C4CC1C3DD9345
:10C00000FA7C040CEC901EF084BB0B1E80AB2B144E
:10C0100081813C5E866B3E4E8D1EAE04AF74A514CE
:10C02000FE1EA7944E388F8E1639E810981AE094A9
:10C03000A53B9A2AE0105213E0145223090E8A55A8
:10C040007401000EBE7EC0078301260E85017C0EA2
:10C050002D64A18CFA800204940B29748D34FE2483
:10C06000E8004D2860941619122B940B49988C3BCC
:10C070000B64E8001629940B8E4B6090E09416191F
:10C0800068004E888D148C3B8904BE748F05FC9427
:10C090001619A334CC28E0908295C51DC51DCE2865
:10C0A00000141E658000122600181E15800050C660
:10C0B000090E96E5F084403260200019E47004F027
:10C0C000E120000960805E11E48002F060845E017E
:10C0D00059788C0BA10BE800008B80E58B6487916D
:10C0E00089048D140F048955E47004F060840204FF
:10C0F0000C13C407021B80630C05E2485213E024B2
:10C1000002F06028A60EE48057B8BE648C0B68006D
:10C110008B11210B88F5FC1E04F00F04FE14E47053
:10C120000215C4078C036010E024000502F002032E
:10C13000E60EE4805658BC648C0B68008475A10B35
:10C140008C1B0F0404F02164C207E47002F00203A8
:10C15000000BE4805203E0188C0B603CE80055288B
:10C160008465A10B808B0B648B910D14021B8904D9
:10C170007C38E1A84C03EFE0900B6018C8F11C8EEE
:10C180000C0C9E9EDD93F27CBE7E8F048063C20702
:10C19000E0180C0BE0385203E0941609C1C3EBB56C
:10C1A000FA04044C843B066B4406027B0C0BE00053
:10C1B0007F58861BA67DEFD0A97B8225AD7B80A50D
:10C1C000AF7B822501858695A57B8101A77B828532
:10C1D000810184D54C03DA0E020660284C13E1007D
:10C1E00081D5E038DA0E8101E0284C0360304C0341
:10C1F000E1000006E0384C03E03C4C03F2040C4C38
:10C20000C1C3DD93FA0C040C847B066B4446028B9D
:10C210000C0BE00C7C388E1BAD8BEFD0E00C101AB1
:10C22000ED80420A8000000680704C01A58B82E5FB
:10C23000012182B5E480006060704C21E4B002709E
:10C240000C0C99213AB8F20C0C0CFFD0DD93F20CD7
:10C25000F83C044C8C35A51B6FD106090619C005A6
:10C26000C0056FD96FC906290659C00540056FCDB5
:10C270004811A10B4821E0344851E0204801E02456
:10C280009AC5E03067F90605061BC001C0036009C6
:10C29000602D06294805C0064813E0100605E0E0B9
:10C2A000C0016801600D061B4821C0034805E280FB
:10C2B0004813E0408B45E110603C0659F08840325D
:10C2C0006E700019E680184081710161E0344811F8
:10C2D000EA700019E0204811EB700019E0244811C1
:10C2E000E68A425AEC70000960840414E0880A145B
:10C2F0001002862300106C30C01667706771022030
:10C300000450400FC00B677160304881E5000A405F
:10C31000029B853550327C181085F08840047801E6
:10C32000F09854C278605493F098521278304A854D
:10C330000685846188217C08E400129B5032558E6A
:10C340005493F09C52C278301089F09C82717C002A
:10C350000889A4861084E030917DFA800C4CF67533
:10C36000DD93F03CF88C040C603846114621815175
:10C370000430603CC001647060184653647018302B
:10C380000C30C00240026671E00C43F68171032557
:10C3900079004455F09C5062F15CC95E63005071B5
:10C3A000A0568271E1005051E2005051E40050115A
:10C3B000E1000E0A0430FAD540166771E010180645
:10C3C00049568145EC0418C0FE95A1CB67F146554E
:10C3D000040640014655EFF0C00167ED67E9465598
:10C3E0004611C00140056FD94623881BC0026FE982
:10C3F000602D46510C0CC0060BD8F08CC1C3FFD881
:10C40000F81C040CE0180079E0280039E02000C98D
:10C41000087006684A3AEC040049E6920089E01484
:10C420005252601C0059F0B081016024D26D041892
:10C4300040C6080E8E55E000EC041240E6A6525AA3
:10C44000D21D9093D96D8C75D11D8C35A13B8AF589
:10C45000A15B8AA552C28A65128AF9A088D5F0002C
:10C460008895F07D8855F44DEC081240F4F4130AD9
:10C47000E57D86B54E328675A27FF9940E8AAC7F33
:10C480008495F0004E1AB013A17BE116B86382F5D3
:10C49000E10E586A8255A1CBE00E406AE016421ABE
:10C4A000E692400A080E82030C0C8101DD93F01C19
:10C4B000FA7C040CED501EF080AB3D048191255EAA
:10C4C000848B154E1630130E3B04E520E0080D0654
:10C4D0008171211EA30EA99E270EB904650100A03B
:10C4E0001B0EC002660100A0190EC004670100A067
:10C4F000170EC006640100A01F0EC009650100A050
:10C500001D0EC00B8D8581019855A10B78901603E7
:10C51000AC12945BA734A5246B18A344A10BEFE0E5
:10C52000A13494F516039D44AC12F890E030162324
:10C530008B4E8C38A7549F449744894E9944FE4EA5
:10C540009B44FC4EBCAEBE4E6C58A544A10BEFE024
:10C5500093448EF51603A1342C12F890F0A44A42AD
:10C56000603016238E388C43E0510F5E094E8B5E8F
:10C57000E54008F09D44FE4EA754915E9F44FC4E5A
:10C58000BCAEBE4E71989544A10BEFE0A90488356E
:10C5900011048FC40034A30BC0000006C00058353E
:10C5A000C0605835A14484B5160393245058F890C0
:10C5B000E58008C00423AC12894EFC18FECEA744C7
:10C5C000BE4EFCAE3C4E9544641883410271EFDCD4
:10C5D00004B18891A2188461E4F5837DE5501EF0D2
:10C5E000F27C0C0CC1C3DD93FE7C040CEC601EF0ED
:10C5F00084AB06B86010002302149941000B8151EE
:10C600003E0EE014E760003041568145EC040840DE
:10C61000FE95A14B6C0400107FFC49EE3E04CFFF59
:10C62000E410414AE00404DAED80420AEC04000020
:10C630006FF9015A40C6400F420AE000175AED80D8
:10C64000420AE4300006ED80BC0EC000800013C832
:10C65000600A402EE7601230E6A01030E502441A6E
:10C66000E582481A0224092E7E4EE184E0FC004453
:10C67000C347201F8B4EFC1E2012A535A834810114
:10C68000401AA01D423AC686403AE5820414E502EB
:10C690000620F680050A6C80005BE47CFB8C482257
:10C6A0006C7C06429C004A10688C18544A008151E8
:10C6B0000C341C000E54EC00A6436F8C789C4C622A
:10C6C000EC040842ACCF0B64689008C4483BA75FF9
:10C6D0004D4ACACB4C1AE40C8C3B600C420A7C6479
:10C6E0004D6AE580421AE430420AE1884052ED800A
:10C6F0004E20509808F5DC00D28C42420865A12BF0
:10C7000080000E066C040E200F0A803B4610E47C6D
:10C7100002201C004472EC8400067B840222C000CC
:10C720000804EC7C0A146F842223EC00233FA30F3F
:10C73000F8904852A83F0B146C040422A53F8C03C8
:10C74000F2844232FE348924EFCC6EC80070002B94
:10C750000870E42C010A6C540331E47CFB9048021D
:10C7600000000606E48000CA6200000CEC7C0A426D
:10C770006F941804EC000C54AB3F2A4378B0586215
:10C78000EC040842AB0F383F44AA293F471DE400A0
:10C79000E00C41F6E00C421AE580420AE188421AB8
:10C7A000ED80420AA11B9EC5BE448EF5F680002492
:10C7B000F6800244028A80139075E48064740F0A44
:10C7C0009C158341BD113E04402AAE130444668289
:10C7D0000270E88404206408A32FEC04F8084602E1
:10C7E00098D5853B6C800610E47C030A4612012133
:10C7F0000416FB8C02CA4000080CE480023262007E
:10C800000A44EC7C18146F842233EC004AC2A32F34
:10C81000A34F789406322A2F272FEC048111880326
:10C8200042220755040BF284BE248131EFCC7108FB
:10C8300064080670070A812101E5E47CC000041643
:10C8400064080670E512402A6592422AE47C070AD1
:10C85000040683210870800006CA6C780A0CE48004
:10C86000483262000642FB901854EC7C0C346F8C0A
:10C870002643EC005862A72FA75F78B00842382FF4
:10C88000292FEC0442128A037418F28804706FCCCA
:10C89000008AE40C41F6E7FCA11B000CC00C41F639
:10C8A00016B0A40682916C04848108A1024481958B
:10C8B00086716884EF0F820300027F45A1BBEFFC05
:10C8C000DFFC2DD8B0F13C04F67C0C0CC1C3DD9329
:10C8D000F804040C80CB061D7A0C4C12FB04423287
:10C8E0001C005820F18446621C004400670FFF01C1
:10C8F000E17C0CC4698C0EC4F89840028403AE0F2E
:10C9000079084C02F9304E02A16D8E6F040484F553
:10C91000BF6170804662632F4229F18C0424A7CF47
:10C9200006C476800420FC7C4222EC042263F1845D
:10C930006D3FA30F0335841BA31D860341FC042414
:10C940001FFC41FE0275DFFFD08840026001060631
:10C95000C30760000210062FA40FEC04941E900E73
:10C96000F0040C0CC1C3DD93FA7C040CEC701EF0D7
:10C97000889B1D34826B00CB5022062D5890FA0CF8
:10C9800052001C0021049C00FB084632718C54822A
:10C990009C004C504A107ECE0D0E9C001F048C1B38
:10C9A000095E942B0B0E868B6B18980B007BEFCCDB
:10C9B0007F0182BB7CAEFF116A98942B09A4EFCC57
:10C9C000E17C046478884002F8884212B61F2E0F7A
:10C9D00056023E6E4E12F0A44072F2A842727928BE
:10C9E000820FF9189835A10DE17C0274F08440B2F1
:10C9F00072844472441FC20F6898902B211BEFCCA5
:10CA00000014BFC1811156809C0440009680000430
:10CA100084800000EC040C0044627C840020F1A0BF
:10CA2000050A6C804822E47C42B07B8000429C0076
:10CA300056706C7C06149C000A046F804652EC0011
:10CA4000A1BF788C4EB27EB447F6F98CB0C36000BB
:10CA500071A04A320B0AA0435852647C1EB5FBB049
:10CA6000965B00046C041042EC7C08C240000A068D
:10CA7000EC0014446F9012541014B17F40A26880EF
:10CA800002B4F8A4A8C3689000C2201F211FEC04C0
:10CA9000E89000547C7C0214F1884432EFCC638827
:10CAA00003D59003F29C4212FF01238D020682F50A
:10CAB00060006001E0FC0074C37743B7B60F02AFBB
:10CAC00079A84272EC040C807FA781A57FFD43FE0C
:10CAD0000121DFFF42229403906B7284880E8B2425
:10CAE0000D048A1E806EB8F1F27C0C0CC1C3DD937C
:10CAF000FA7C044C887B0A6B76801424E00048C6DC
:10CB0000B4431951090A34534A42E47C81C17B94ED
:10CB10006C7C08529C00580000000006E4B0121023
:10CB20006F9002C4EC001644788442B22853A90FD7
:10CB30000252A20F86A36C0468840204E89000C429
:10CB40006FCC42A881818131FF213493849D1E1EC8
:10CB500082859C0E128A189E8A55E0FC6FCC5BC8B9
:10CB6000ECF8049051E60525322BE000050A803BE5
:10CB70004610E47CC1111C004222B2130412FB8453
:10CB80000834EC7C813168881C004600EC000A24E3
:10CB90006F8800344052A413204FF880EC04001238
:10CBA00068800244E88800349E1E9C0E0C4C988ECF
:10CBB000DD93F27CF87C040C887B52C4F0140E6583
:10CBC000E682521A6090580A041683C1A16B400095
:10CBD00044C20DB412249188423AA32B8FA4E68656
:10CBE0000824118419C49B808088084410904E72D8
:10CBF000E08808140A70147E2C5EE41017649071AB
:10CC0000F0904A721490285E0A94E40C12A4608892
:10CC10007D97E17CF0945672F97112A3708452B240
:10CC2000209E8EAF103494B31204608854B2E08812
:10CC300050B270A018AEF0A4303E9033E0E0440A49
:10CC4000020613349524C000C00046158601829563
:10CC5000E17C18049803FDC780838E0F8A831043FC
:10CC600090130C4E0C0C881EDD93F07CFA7C044C67
:10CC700088AB027B617C10741003866B527284BB9C
:10CC8000509FF2A0100BC08F5418921BA11BEFCC29
:10CC9000D68000149C04400096800004848000002C
:10CCA0006080010AEC8402008255A81E41FE7F7755
:10CCB000DFFF7FFD81010073A80E987E561B85154E
:10CCC0008203902B6C800200E47C010A7B8440028A
:10CCD000C00004066C7C02029C0050906F84042407
:10CCE000EC00061444322203238FF888EC0400027F
:10CCF000A17D248FE8800084D18000040C4C980E24
:10CD0000DD93F27CFA7C044C827B0A6B617C0264CA
:10CD1000E17C067481A10243586211B40603F284D7
:10CD2000F90450C2728C4A725842C60FC65F790429
:10CD3000E5B2420AE532465AE5B2485A428A02331F
:10CD40004842E502528A72A80613E582E522465A55
:10CD500072A44842E5A24A5A708C5042E532400A19
:10CD6000F2A84852F99046828E85A13B06440F2EC8
:10CD70004A82E17C5842F08C07CBF28C06C4C6CFC5
:10CD800090CB5680990C4A52968006548480063087
:10CD9000EC040A30E47C0B0A1C005840EC84083098
:10CDA0007B904A52C0001006EC7C08526F901284AF
:10CDB000EC00144452A229CF2853F8A41216B2CF83
:10CDC0000A5260042693EC04E89414C4922B298F31
:10CDD000EFCC49E8B41F0F2481A1300F01E584B3E3
:10CDE000A11DB2B356B2026504B39088E0FC0614EC
:10CDF000C317430716B0260F21BDEC04E00004B2B0
:10CE00001FFD43FE41FE5FFF048ADFFCFF8160FCE3
:10CE100047D880F504206FCC45E6ECF84E6FE00073
:10CE2000F18048A2906D13544040154446A29C00E6
:10CE30004230F384961E9C00902E940EF27C0C4C93
:10CE4000C1C3DD93FA04044C807B026B811158044A
:10CE50006BC804F67FB881310404EFC8C21761FCC7
:10CE60007C7C00048403A22F7C7C02040013FF0757
:10CE70007001000E411DCFFFE1C000140000581EDC
:10CE8000803F0FFD45F65C144022C3FC009AD18020
:10CE9000C03F634D200100F8DD1740006D8D00009C
:10CEA000401AC03E871166826686400AE014430637
:10CEB000009A8FA5C03F61C9200100E80000C000B2
:10CEC000C03C6F2D6682401A400A87110286668632
:10CED0008D95E03061BD009A00E8C03EC0002001A1
:10CEE0006D750000401AC038871166826686400A58
:10CEF000E0800386009A8B85C03C6071200100E8C9
:10CF00000000C000C0306DF56682401A400A8711EB
:10CF1000038666868975E12861C9009A00E8C037F2
:10CF2000C00020016F290000401AC02487116682CA
:10CF30006686400AE2540306009A8765C02F61495D
:10CF4000200100E80000C000C0166FC96682401AC8
:10CF5000400A8711020666868555E41063F9009A37
:10CF600000E8C022C00020016D590000401AC00A2C
:10CF7000871166826686400AE628420607218345B5
:10CF800062D9009A421AC012400AE68A40002687F7
:10CF9000295943060000C00080022DB92686400AA8
:10CFA000A8240206E086400AD1800004F2040C4C5A
:10CFB000C1C3DD93FA04044CE0300229E090440A36
:10CFC000C0000006C0004205842480F50416A12B91
:10CFD00040228000442A9180E4500C108171230B80
:10CFE000C427811190884C626FCC53A8987E8C0B1B
:10CFF000F2040C4CC1C3DD93FE7C040C6C611EF08A
:10D00000133EC0010E09807B8121604C60BC5E250F
:10D010005E25886B81A160B40AF01D0EC0016451C9
:10D020005E25DC345E25E0AC5E25E09CA13B608C97
:10D0300006343F2E5E25C1545E25E1045E25E100E5
:10D040005E25E0FC5E25E0F85E25E0F45E25E0F07C
:10D050005E25E0EC5E25E0E85E25E0E45E25E0E0AC
:10D060005E25E0DC5E25E0D85E25E0D45E25E0D0DC
:10D070005E25E0CC5E25E0C85E25E0C45E25E0C00C
:10D080005E25E0B85E25E0B05E25E0A85E25E0A460
:10D090005E25E0985E25E0945E25E088BD2EE08464
:10D0A000443ABB2E8731468E800C0E25E0500E0987
:10D0B0000424971EA32D8138C40004068121192E53
:10D0C0009314982E60204231042E8131E7C002F083
:10D0D00004F00D1E0B2EE7D0E7E002F004F0091E6D
:10D0E0007E2EE7F0640102F07C1EC001641104F0A2
:10D0F0003E2EC001643102F03C1EC001910E83211E
:10D1000097449D14EFFC5588E1141E05AB0B800479
:10D11000E008001AED80420AC0003C58E10C1E05F0
:10D12000A10B8004800000B680004C0580003BB855
:10D13000676000F064400AF00D0EC001E77000F077
:10D1400000F00B0E090EE780E79000F000F07E0E75
:10D150007C0EE7A0E7B000F000F03E0EC0016421B5
:10D1600081213C0E8131110497449D14EFFC5248FB
:10D17000E1101E05AB0B8004E008001AED80420AA6
:10D18000C1141E05C0000005C000342861081E053A
:10D19000E58008F0610C1E15E5700AF0800481310D
:10D1A00081110424EFFC4A6806F03314B104E53021
:10D1B0007C3EAF24E54006F0804B3E3E825B3C2E39
:10D1C000EFFC5A2881611B7E2FB891540E09E000B4
:10D1D00081116040E09C5E15E0885E1540003D1EB8
:10D1E0001E05F3F8AD0B60F4E0985E15E0945E1553
:10D1F000E08C5E15E0845E15BB1EBF1E88F5956E43
:10D2000060F01E35E7100CF018F00044AB14E6C0D7
:10D210007C6E8C30E17C0A44A904BECEBC3EA724BF
:10D22000EFFC572860B41E15E70006F060B01E053D
:10D230001E258C4B51B8E0C41E25EFFC1E35E0DCEA
:10D240001E05E0D81E15E0C08195E0C4E0F01E1573
:10D25000E0DC1E25E0D81E358410800408F0082488
:10D260000C30E5C0E5B00AF0EFF873488191018118
:10D270000E09A9D54000E040AD0BF3F81E358A75C4
:10D280000CF060F81E05E71018F060FCAB14E6C067
:10D29000FC240631FC200045BECEFC6E0A44290465
:10D2A000A724E17C52F8BC3E1E15EFFC06F060B4EA
:10D2B0001E05E7008C4B60B0E0C41E25EFFC4D88D6
:10D2C000E0E41E25E0E01E35E0C01E05E0C41E15AA
:10D2D0001E0581D51E15E0FC1E25E0F81E35E0E494
:10D2E0000005E0E00211FC200425FC2408F07C206D
:10D2F0000631E7500AF07C246EB8E7401E25EFF8AF
:10D30000A32DE0D4DC04809582C5A10B60D01E154E
:10D3100008F0840B0AF067501924E7406D989D319E
:10D320001E25EFF81E35E0D408F060D00AF0E6A024
:10D33000830166906FF87DE80E0981114000E0409E
:10D34000AD0BF3F81E358AF50CF061001E05E710F1
:10D3500018F06104B314E6C0FC240631FC2000453B
:10D36000BECEFC6E0A443104AF24E17C4CB8BC3E16
:10D370001E15EFFC06F060B41E05E7008C4B60B094
:10D38000E0C41E25EFFC4748E0EC1E15E0E81E2532
:10D39000E0C01E05FC200245E0C41E15FC2404313B
:10D3A0001E0583151E35E1041E15E0E81E25E0EC80
:10D3B0000005E1000245FC200411FC200631FC249C
:10D3C000282BFC24E73008F06FF86848E7200AF0C3
:10D3D000A58EA39EA10BDC041714842553388E0B55
:10D3E0001E05EFFC802B60CC60C81E15E73008F0EE
:10D3F00067200AF066D89D311E65EFF812F060CC08
:10D400001E35E7400EF060C8FC9EE6E00A643E7EF2
:10D410001E15E17C8C4B60ACE0A81E05E0A41E2527
:10D42000BC3E9F3E46F8A15E1EB5EFFC1E85E0BCEB
:10D430001EA5E0B8961BE0D054D8900B942B6FC873
:10D44000E00002CAE000021A670500EA420AC927A2
:10D45000421AE580420AE18882A5ED80727D1006BD
:10D460008101400260B85E855E0581A181B160BC2A
:10D47000E0D05E05609C1E15E65006F006F07C3E8E
:10D480003E3EE6601E05904B965B6098E0941E253C
:10D4900066B8BCAE1F34EFF8FC9E8C4B1E15BE7EEA
:10D4A0001E05E0BC1E25E0B8BC3EE0D042B8A15449
:10D4B0001E35EFFC18F060D07CCEE610E62018F0A8
:10D4C0001E15BECE1E05E08C1E25E0881E55E0848C
:10D4D0001E45E0BCBC3EE0B8EFF8648860A41E3591
:10D4E000E5D018F018F07CCEBECEE5E0BD04BF1448
:10D4F0001E55BB241E45E0ACBC3EE0A8EFF86368B7
:10D50000A584A39482919B749D0488812B28930BFE
:10D510003944DFFCE5D00CF00EF03734FC6EE5E06A
:10D520000A443E7EBF14E17CBB24BD047EB8BC3EF1
:10D530007C6EEFF83E7E81313F148341BD04815102
:10D54000BC3EBB24EFF8612881513904BB94B71469
:10D550003D44BF34E9840404F6800C24376EBE6178
:10D56000F18442626C800410E47C030A7B885012D0
:10D570009C004A006C7C0E82817C00046F9C0254EB
:10D58000EC00047454220C9D1604F884AE83689C4D
:10D5900082A5A55E7198449249D8880B861B6FC8F6
:10D5A000823B004B8C9B3D4EBB6EBF3EB4BF379D54
:10D5B000148202F50490EC04880B6C286FC848C8EC
:10D5C000004B861B3D4E9591BF3E823B2524BB9E62
:10D5D000F98C404202B4210B0235E8A8E89C0024F3
:10D5E0008341012183213F2E81313D2E6FC46D483F
:10D5F0003F1E882B1E15B2630EF0609C1E35E66040
:10D600001E25E0983B6EE094E6500CF0860B3D0E34
:10D61000864B7C6E825B3E7E7758BC2EBB34EFF827
:10D62000BE7EFC6EE09C1E15E0981E05E0941E2553
:10D63000BD44BF547678BC3E1E35EFF881716098CA
:10D64000E09C1E55E08C1E1560941E35F18C4872CE
:10D6500073944A72E61018F018F07CCEBECEE62025
:10D66000E0881E05E0841E2557F8BC3E1E65EFF8D5
:10D67000FF01608CE0841E851E95806D0C0640883D
:10D680005E7580008C1B008C00885E751206902BE6
:10D6900042188000920B6FC8E00002CAE000021A34
:10D6A000640100EA420AC100421AE580420AE188A8
:10D6B0008225ED80608C5E755E05FF0181A160882A
:10D6C000FF010305E044108A048082F5920B6C4050
:10D6D0006FC8402881A18C1BE08C5E15E0885E0538
:10D6E00091549B74210185553003E1114402B0131C
:10D6F000010A7B84121BE47CEC7C002240000206C1
:10D700009C0052606F800614EC000804A19F202347
:10D7100046421154269FF88CEC04042200141B741A
:10D72000259FE8805E0581A15E95E0889564E08C88
:10D730001E2593341E45E104026460F81E35E0881E
:10D74000861361008261460E1E159DC400C4E0FC74
:10D75000983360888013002361045E251E2598435A
:10D760005E35E0F41E35E1005E15E0F0882160FCD6
:10D77000E0EC1E1560F45E251E2582315E45E0E476
:10D78000801360F8E0E81E4560DC1E055E358023EE
:10D790001E35E0F0984360E060EC5E151E158801D0
:10D7A0005E25E0D8983360E460E85E455E35A121EF
:10D7B000821160E0E0845E25E0DC5E05E0D85E1565
:10D7C00010688B6B1304DFFC01B5811141249801B3
:10D7D000EC040A50454A9E34040CE40C8413E20025
:10D7E000FCD5A15BE0580E091E059334811D611420
:10D7F000E200040C8EAE8C2E461180048911602448
:10D80000A50B9324C0000266E0204411A50B173439
:10D8100093148645A31B8414CE1480E5E094424AF9
:10D8200000300E250E198430AD1BE040400C06156B
:10D83000C4300030AB0B8AF5800C06059C940004C4
:10D84000800C4605E1101E05A51B80140E1982757B
:10D850000410E040A11B6C18E40804DAED80420AD1
:10D86000CE1488F5E0440E29F0C042104410292B54
:10D87000CE2EFC04800480F54210A50B46159C0CAE
:10D88000CE14800CE094420A003082058921643075
:10D8900091218125801EA41FE0500E09420193149E
:10D8A0001EF0E028C0016461F67C0C0CA31BDD9324
:10D8B0009314FA35A31B8414FD45F4A5FA7C040CDB
:10D8C000EDF01EF060981E45250E88BB1E95828BDC
:10D8D000A74EE0A8E09008190261801381116070E2
:10D8E0005215A41E0019E010E224E0480019AB1EF6
:10D8F000440A604CA91EE080E05000A9975ED278EF
:10D9000082E5A33E441A2014A11BE084E200020C2D
:10D910000078A01E0101A00074D8901BE224EFF84B
:10D92000E088440A40000016DC004280CFF87448CA
:10D93000656000F0E5D00AF000F00D0E0B0EE590EA
:10D94000E57000F000F0090E7E0EE5A0E58000F025
:10D9500000F07C0E3E0EE5B0E5C000F083213C0EE9
:10D96000940B2914904B0C3BEFF852688111620420
:10D97000400AE1211E05E08C4015C074A734C000A8
:10D98000C00C1005E0940619E20E840FC819255446
:10D99000AB1B2B24C0001E58A16D158EC0001A7839
:10D9A0008004BB041DC8A50B1E058000964B60A01B
:10D9B0001674141414B0E0900005E4400203E01063
:10D9C0000615FF11820D6018C1AC0004412A4E0AF1
:10D9D0009180000401AC0004E12010149180000447
:10D9E00081AA4E0A8008A304A70B4E0808198215C5
:10D9F000830BE02C081984158175E028E0240819B0
:10DA00008235830BE020081982010211501A9F0E03
:10DA10008135E6A29F0E83018845A18B00841F14E7
:10DA2000811DE084061586A50A09E020461AE064F7
:10DA3000400AE68A9B3EE088403A84D58131668A76
:10DA400002049F24442EE17C932EE00AEFC4600878
:10DA5000E19404148E05A12BF6800C24890187D54E
:10DA6000AFE5A40E02341F040214E194440676804C
:10DA70001F64E000E5E00AF0F680000400102023B7
:10DA8000192EEC183344802D91884202088400340A
:10DA90008414021051804222C000045600342D34F8
:10DAA000400AC9044222669ABD1ED1848C3090245B
:10DAB000E0A2400AEFF470E8AD14BD04406E8406A5
:10DAC000930EE01A04048D5506146194A62FE0EC21
:10DAD000F6800C240460C061804B6C14E47C050A61
:10DAE0001C004810EC9402607B844222E6AA448A1F
:10DAF000EC7C0612688C0A444800814118341C00F2
:10DB00000044EC00A6136F8C788040C2E6A2442A41
:10DB10000012205F0254EC04004468805018E88C26
:10DB200081316FC4809B2704A31EC008920B206321
:10DB30006FC45EE8A11B8C2BD68000149680000475
:10DB400084800000010AAC0382B5E080E000421648
:10DB500071804412A12E920B5D98A3142104EFC48E
:10DB6000A063809B0AF033442D04E5E0BD6E8C1B5E
:10DB7000003090246AD8920B1F24EFF4E000460690
:10DB8000AD14BD04F68004248406A433408A993E73
:10DB90009EB166A2609C1E951D8E8E6B910E81C1FA
:10DBA000A744A5549395AB2460640A39E17C0464CE
:10DBB0000463962FF0844472942B552D60284C9A60
:10DBC0000406821140002001E08C461A6200040C19
:10DBD0000664A463A40F608846322B24C00030A5DD
:10DBE0002401063082614009B0904632A4A006307C
:10DBF00086838C34F635832BFBFC000A0A0980C52A
:10DC0000404AE06498E5E09000841B141934E094E5
:10DC1000E0880AC4A203B744F0800404E19402241B
:10DC2000F6800214EC1802104212823D0424918CFA
:10DC30000210088442328414065651840424C00021
:10DC4000423249041F34D1849D04A10D442ABD1ED3
:10DC5000B134E68EE082402A7C14082506318A43DE
:10DC6000215EFC30D18000040AF023CE6318E5E089
:10DC7000A3C4EFF4BD14B10480169803A744A554BF
:10DC80000A09AB24404AE06488A5E084A1249304F7
:10DC9000400AB5442F34E6A20204848B1154F68066
:10DCA0000206A41D021080003D1ECC080825A30F0B
:10DCB00090437C206016400AE5E00AF0FC30063113
:10DCC000EFF46088AF04A3C49803BD14A554801674
:10DCD000AB24A744847302C181CBA9044000100681
:10DCE000C0000206000662159714C0000A49B93444
:10DCF0008408E0548C248618E682401AE40402204A
:10DD0000E692480A891B8C1E3B0480D5801E851133
:10DD100083659534A12D1534A10B84750A298425BA
:10DD20000424E040040AFC008255F018E182401A05
:10DD30001E05A10B02560074401580000A098000E0
:10DD4000400AE0648285E0808014BB040615A51BB0
:10DD50004210800C46159C108311000C1EF0801E92
:10DD60000C0CE5F0DD93F27CFA9C040C6050001979
:10DD70000029826B81C1604C0A1090CE0E14640C95
:10DD80000059E08852506064C00173F06686502AE2
:10DD900048C592731280E010C487640C73F15290EE
:10DDA000907341FF60844A0A10069273404000015C
:10DDB0004C859071529240044E7290A0100610A4AF
:10DDC0004CC58000127400044A0AE188B28F60805A
:10DDD0000E741A8E10848084A8711CC400044C85B3
:10DDE000DCC0108440044C8560440E8A08A5C0182D
:10DDF00080000066E040007986D5EE7DE00C1036AC
:10DE0000E49C504A00898635F38DE048007604C5CD
:10DE100006898000FC8DE02C068982B5FC8DE0240B
:10DE200006898235FC8DE028063980B5FF3DE0206B
:10DE300001358215930191010C0C900EDD93F29C3B
:10DE40006044000918CEE0274C25A22F2B0BE010D0
:10DE5000FEAC01F68101580E000001065A0EAD7BA2
:10DE6000DC940004400C4C05E0804A4A4000000667
:10DE7000DC004260CFF84A088C1B0301F29C0C0CBA
:10DE8000FFF809A8FA3C040CEC201EF0829B006B02
:10DE90000E603E2E088BEC043C9E86AB0121810176
:10DEA0000141893150588E1B8C5B6FD082B5A10B1C
:10DEB00081013EAE81213C9E814111318C5B0E1B64
:10DEC000EFD04F8880A5A10B0C0C90F1DD93F23CB4
:10DED00081013E8E81213C9E814121318C5B0E1B54
:10DEE000EFD04E880C0C90F1DD93F23C8605A11B1F
:10DEF000880DFF41C1AC0804C106484AD1904812C0
:10DF00001780080473FC40000844C0070840812CB7
:10DF1000424A84048816E18681010C0E5D93DD93EC
:10DF2000E0084096FE7C040CECE01EF0886B00BB21
:10DF300060181689067B844B04F082AB06F064D02F
:10DF4000094EE4A07D38880B901B6FFC64C004F080
:10DF5000E49006F0901B140BEFFC7CA864B004F076
:10DF6000E48006F08E0B0B7E6FFC7C281E09901B54
:10DF700098B160D060C01E39E084048460B01E593E
:10DF800042079623EC080420708042B20010C2378A
:10DF90004EB26C08570DF08C4257849B9C00520087
:10DFA0006C080070F09446B2845B570D1C004A0068
:10DFB000EC08003084CB570D58001504FC0E9C0073
:10DFC0000B048904130481ABE000541AED84400A69
:10DFD0009104BE0E81013C0E9195FE0E8AAB0F8E10
:10DFE0008E5B048AA40A8D9E8994FC74400AB00357
:10DFF0000F2A669EC0086400521A8B740E00601CC3
:10E00000C0046400400D4126D7774000400D5E05F6
:10E010008C9B400020000188A0000C06B00A8C6A8E
:10E02000AC03BC446692400A6400091A4926C00841
:10E03000C000200D200D5E4500004000C0046401BA
:10E040008063D70706258E8380000E06824B147AE4
:10E05000BE14A80A400AAE03031A6686C00864000C
:10E06000200D43265E15C0004000200D6401000015
:10E070005707C0048073881B7B800064FB800C847E
:10E080007A804C62E40800107B800274E408411A34
:10E090007A984212591C926B4200961B00503C0029
:10E0A000411AE408967B64084E000D440030BC0021
:10E0B000963B64086408411A4600969B00403C0069
:10E0C0000F84E408E408411A3C005200E40800A070
:10E0D0006408411A4A00965B00C03C00411AE408FB
:10E0E00096CB64083C005800EC041080E000101A45
:10E0F0003FFD37687E04C3FF0C0CF0F1DD93F67C26
:10E1000071884412E1F582338401C20700045D93F3
:10E11000C1C3FA80FA00004CE506440A6586400A4D
:10E1200004208111C200640172844002E1CC082401
:10E1300060B802040624DA07A04F61C8798444322B
:10E14000FC7C0044601002065EB88131084CEFC0D0
:10E15000DD93F200FA04044C802B046B4E96212BC5
:10E1600082C5E00860C80014E1840624DD170603B8
:10E17000813101716FC05D68F29C42128E0B980E66
:10E18000F2040C4CC1C3DD93E506440A6586400ADF
:10E1900004208111C200640172844002DC07E5277B
:10E1A000A40F5D93FA00004C822B420781110401F9
:10E1B0007A80000464B881310404EFC0A22FE1A08A
:10E1C00041FEA12B0004DFFC084CFA80DD93F20035
:10E1D000FA00040C6FFC7A080264846B8203E18409
:10E1E000E01A400AF2000C0CC1C3DD936929438692
:10E1F000441AC001401AE5028111658264010420BD
:10E200004002C200E52772845D93DC07C1C3A40FFE
:10E2100004348331A33F6888422A82218013E68E2A
:10E2200000145D93C1C3FB80FA04044C847B066B2D
:10E23000EFFC77288461C267FA800264E69E421A86
:10E24000E502441A6582401A04208111C008640165
:10E2500072844002E807D9270C4CA40FDD93F20426
:10E260008111210B00008465040E6C044602FFF04E
:10E27000A13BF80841840004C40402100214FE35D6
:10E2800000047B80D017FA805D93A01FFB800014F0
:10E290007A800204A11FD10700105D93C1C3E4047A
:10E2A000FA00004CE502482AE5824A2A6506403A0F
:10E2B000423A882B8A3B6586EFC05CA86001040661
:10E2C0008131420042128403F907728C6090041479
:10E2D000240FF917850BFF211FFC41FE41FEA11BF6
:10E2E000084CDFFCDD93F200FA04044C866B211B22
:10E2F00081710A4588E5A12B7E81060E481A4000EF
:10E300004A0AE50A400AE50E461AE58E1854658A5F
:10E310005607E1D4E1840244003420CF5657E0FC94
:10E320000434A01F401261844222F094882B72B002
:10E33000EFC04F88850BFF211FFC41FE0165A11B2B
:10E34000DFFC41FE4E960101180EE0080C4C8E0BCE
:10E35000DD93F2047FFD47FE860DC03F00000602FC
:10E36000083EA11B80000206409C0634C1840814AC
:10E3700050904632423A810140964006881E8008FD
:10E38000C1C3DD93FA00040C8A25A12B0A020613EF
:10E390000614E000030A7A800830F47C81116C8056
:10E3A0007B9046320032814148506C7C0A069C00CA
:10E3B000184400000C04EF80A0336C0078B0586261
:10E3C000214FA15FE18400240632385F275FEC040F
:10E3D0004252880381317284EFC04A48F2000C0C2B
:10E3E000C1C3DD93FA00004CA12B003BE506403A87
:10E3F000E586423A0620826583416C048131274FCD
:10E400005858880342126FC0FF21F28C41FE850BE1
:10E41000A11B1FFCDFFC41FEF200084CC1C3DD93D1
:10E42000FE00044CA32D003BE406403AE486423A49
:10E430000820867583316C0468900834211D81C1E1
:10E44000E17C0A4471904CC2E8880434739458C249
:10E45000DC0048605C004AC0425288030624728493
:10E460007998E17C034AEFBC021AE00000EAE00080
:10E47000420AE000421AE580420AE18880F5ED8018
:10E480007FFD41FE0C4CDFFFDD93F60006067F2189
:10E49000E0006001E008434AE008421AE40C416AE7
:10E4A000E580420AE188421AED80420A0001000636
:10E4B0000C4CE000DD93F600FA7C044C866B044BB8
:10E4C00070900809082981511210788C0839E600EB
:10E4D000141078841806E4C0FFF857CE4E461A266A
:10E4E0005856E000DA36818189A58F4EF0A040426F
:10E4F000E04000198AA5A11BE06000198A25A11B34
:10E50000A11BA41A081988C544627C204411F0A0FC
:10E510000019E0104411E0200019E0304411E040FF
:10E520000009E0504401E060A42AE070AA14A804A5
:10E53000E1840624813106036FBC7F48F2944212C5
:10E5400042620F44040EF09C120B815181F5F820B9
:10E55000F0A04062E0104051E0304051E0504051A6
:10E5600060704051F09C40628101005E71AC42627B
:10E57000040C8281EC0816B088710491B18B90A1D3
:10E580008101ECD5F27C0C4CC1C3DD93F87C040C0A
:10E59000060006286001E600E610081065100A1063
:10E5A00059C6F81181616000027983F5A17BF820DA
:10E5B000847884A58445A17B8084947406AB82947E
:10E5C000107AF8200CBA8E83F2985292008E829EB6
:10E5D00046A38EA382B1782002C18CBC0441843151
:10E5E000085190010EC08211857DECF00C0CF6F5FF
:10E5F000DD93F07CFA3C040C846B0628838144385C
:10E60000807B46089111258F6FFC5CE8E88C1284B2
:10E6100014041C141E34E090020B902B6418941BFD
:10E620001C14EFFC980E922B020B9E346398941BE3
:10E630009C24EFFC0E1B9A0E1E34E0106318840B12
:10E64000922B6FFC0C0CD80EDD93F23CFA1C044CA0
:10E65000887B44488101009B846B0A8B860B0B0EE0
:10E66000902B0E1B68004348AB9B883BA59B840501
:10E670000C6002E5A79B8410A99B8245408002257F
:10E68000A39B9C000861867581258E0B0D149061FB
:10E69000E45006F0629898240B14EFFCE000001A96
:10E6A000619C4E0A0F248101200102060206C0006F
:10E6B000881EC000F21C0C4C40C6DD934E0A600858
:10E6C0004E1AE99C8111619CC1C3FDF58403A72FFB
:10E6D0005C08C30D00061A005D938000F1804012B3
:10E6E000FA7C040CEC501EF0646100008141400390
:10E6F000FC1EBE0E06088BF501B181A1814D817112
:10E700007E4E92650209881381A160B060F00239E3
:10E71000024981B18161609060D00229420A9D1155
:10E720008033668681713E5488230813C417094ECE
:10E730008141025318858325C001783110A3F194DB
:10E740004842818192B3F2A072A04C628211827120
:10E75000FC55851DF05102011E15870D58504010C3
:10E76000FCF5DC0084D5E57D6184107440828191E4
:10E77000813170A872A442426D388E2B00ABEFBC81
:10E78000F0AC408272A442626CB881318E2B6FBCB7
:10E79000FC1480BB0044FE44061060880444E5106D
:10E7A000860360848241043340B580AE4673E02026
:10E7B0008408E080E815814D0C0CA8F1DD93F27C13
:10E7C000FA7C040CEC701EF081C13001827B7C0E5F
:10E7D0000C700DCE0BCEE4F089CE81A1FC94FECE60
:10E7E0001E0889558DCE811101ADFECE89CE8101E5
:10E7F0008C058BCE70A85662F0A8509278E016096E
:10E80000E43004F078A01619E4600AF0F82010391A
:10E81000E02010499B213C2EE800430878C01609EF
:10E82000E45004F078801619E4400AF0FC2812390C
:10E83000E040104993213C2EE800420881C17E044B
:10E840008085A10BA11B8B147ECE80B50BCE8111D0
:10E850000D248101F0A8486282A10934F820480102
:10E86000F8604821F84048319C089016EE5581AD7B
:10E870000C0CB8F1DD93F27C58120033143EF0809A
:10E88000F09040320000190D001BEC0402C08151D1
:10E890003C148C04FB0444228235843D885B040DC7
:10E8A000C0000016D18C4002D0884A02DD93845EFD
:10E8B000FA3C040CEC201EF0828B0A6B847B1194D2
:10E8C0008C1B080B6FFC69880101902B856591A159
:10E8D0008835A10B6080121512458131902B604064
:10E8E000E0601255BE9E9C088C1B3C1EEFFC6B0822
:10E8F0008435A10B60801215E480049060401245BD
:10E90000125581319E08E060902B3E2E8C1B3C1EE0
:10E91000EFFC69E86C0414A0A1AB889190F1F65566
:10E92000F23C0C0CC1C3DD93FA3C040CEC201EF04D
:10E93000827B1584846B17948E2B13046FFC65C83F
:10E940000101901BE00814C6A10B857512158855AE
:10E95000813168C06460124512558E2B9808E6908C
:10E960003C1EBE9E6738901BA10BEFFC1215845510
:10E97000049068C0C00264C06460124512558131C1
:10E980009A08E6908E2B3E2E901B3C1EEFFC6608EC
:10E990006C0414A0A1AB889190F1F635F23C0C0CFC
:10E9A000C1C3DD93FA3C040CEC401EF0809B15843F
:10E9B000847B0A6B008082AB088064503C0EE410BC
:10E9C000E4400A80EFFC77688415A10B67A0028001
:10E9D000E760008004807E1E7C2EE7903E0E941B34
:10E9E0007A388E2BA10BEFFCA0F180A5F23C0C0C29
:10E9F0001744DD930E1B920B103B8C2B0C0CA0F1DB
:10EA00008115F23CFA0C040C868B086B847B020B9C
:10EA10006FFC6D88100B8C1B66388C1B1009EFFC8B
:10EA20000000E358E20DEC0C1C0040709C004260BA
:10EA30008FFC5AE80C0C8101DD93F20CF83C044C7D
:10EA40006201025B81C140010CC485950E64FB80AC
:10EA50008263608460010C8982734002E8000E7B4F
:10EA600006A5C487C4777C20FC1C00955082D3ADDA
:10EA70005095D08C0489C000A18BE0300C6082C519
:10EA80004008640198688073C4679C747C1808858A
:10EA90008863CF77988E8E83588A82C1F4D5EC1420
:10EAA0000C4C8101DD93F03CF87C04CC81C10F4E0D
:10EAB00081610D3E640900398745C00260340299C6
:10EAC000FA800EC4603002B90485C477A1BBFC1C77
:10EAD000E5A6548A6526508AF09C5222D187F0A779
:10EAE00056820F848E83F9A88DA4A0BE8EA302C582
:10EAF000C65AA864E516486AE5964A6AEE57D347AF
:10EB0000F9944C42A0BE8CB3807324444E4582C11C
:10EB1000A844E904E9444E454E65A0444E45E9C485
:10EB2000588AE984F275F40C0CCC8101DD93F07CF9
:10EB3000F800044C81411931185483954C126084BB
:10EB400002C3F094185B82410CC9E800C002600166
:10EB5000E0880C547C18006504C5C4C7D96DFC302E
:10EB6000D0804A520C014A3102CBC00440016201FC
:10EB7000FB800A44F855D95D0C4C8101DD93F0000F
:10EB8000FA7C040CEF101EF0848B026B64090C09F4
:10EB9000807B4002651002F0E61004F081310165CF
:10EBA0000000493EC53EEC04FE75A10B661012F054
:10EBB000E51014F08C1B0E0B923B102B6FFC7408AD
:10EBC00016F0944B8C0B6410922B101B964B143B3D
:10EBD000EFFC76C88C1B0E0B6FFC7AC80101962BDC
:10EBE000E7101EF0F27C0C0CC1C3DD93FF01002482
:10EBF000832D8414000000065D93822DC000001652
:10EC0000FA7C040CEC901EF0829B7E2E02063E0ED7
:10EC10000921E010689D460E7818C010920B6FBC59
:10EC2000811101018101090E8381111E81A10F1E35
:10EC300081317C0E0D3E91A5E088007412058B1E7B
:10EC40004C78FC000C74E800010A6084C001640088
:10EC50004C039263000468001E1580844002800407
:10EC600000B3908400010C01C00C4126C0085E0571
:10EC700047FC57F6FBFC100A7EA486C5E48004F02E
:10EC8000647006F01419960B47B8E0281409E800E0
:10EC9000808B602CA10B2802400E82454206602E1C
:10ECA000400AE0F8AA12E086FA0440028111090E37
:10ECB00081A10905008A8B0414A0F43C02F6040427
:10ECC0000CE580008000100689148F04F18040B2AA
:10ECD000F080000482C5830D04F07E0406F0E48019
:10ECE0000019E470960B6028E8004428818102A195
:10ECF0000B0483F5E48004F006F07EA48201E47046
:10ED0000E0281419960B0B0EE80043C8602C140978
:10ED10002802808B8245A10B602E400EE0F842064F
:10ED2000E086400A4002AA12090EFA048B1481A15F
:10ED300092730D344E118F04C00260016C004CA31D
:10ED40004C038231C00164096201120B0E34400190
:10ED5000C17DFB800010DC355201E404C00264096F
:10ED6000C8F17C04F27C0C0CC1C3DD930A448844D6
:10ED7000AA43E90481010043C34F084EDD938C4E42
:10ED8000A30F0C0E8101080EC1C3DD93603C020984
:10ED9000A10B803B40960665483A8008403AE00265
:10EDA0000844E1028243FA80EC7008498101490D70
:10EDB000861382A56B710219F41DC005460680F505
:10EDC000464AE0648311648481118045DD9388168E
:10EDD00000045D93C1C3FA80FA7C040CEC301EF091
:10EDE00082BB007B6771107012704011C0036771A5
:10EDF00081A13EBE8101016100A4852504F07B80D4
:10EE00007C58E4208E1B6FFCA11B91181FFD43FE54
:10EE100056159FFF82E5800045FE201ACFFF7FFD3B
:10EE2000FB800C64E0178261AC1EB41FC41DA414E7
:10EE3000C00040C688B102A1889104816001140A13
:10EE4000F695C00198F13E14620142630C0CC001BA
:10EE5000DD93F27C81015D9360380019A11B812153
:10EE60000000021680084096CC2A8625E028060974
:10EE70007CC00824484AE22702106686010AEC0496
:10EE800040C66440442AE000080660120006F00014
:10EE9000422A80004242E686CE2CF184E0104613DE
:10EEA000C1C3DD93FA3C040C808B066B60380C09FF
:10EEB000210B847B869581018E1B100BEFFC78E87B
:10EEC000409600AB140AE0088445E2A46771128002
:10EED0008E1B40038C2B120BEFFC69484126008BE4
:10EEE000A18BE00C9C0050A0E3C8100A0C0C80958C
:10EEF000DD93F23C8E1B120B6FFC6448A10B8C2B34
:10EF0000DC0050000C0C900BDD93F23CFA00004C3E
:10EF1000E1001E06619C00464F588311C1C3EFBC3F
:10EF2000FA0C040C806B027B603C41F65CF88111AA
:10EF300081816FC06000427679B88C0B5B18E82441
:10EF40008C0B6810E13C008680188004F1FC4210B4
:10EF500000C600168004E144018600868004E14476
:10EF6000404600868004E14401C600860C2BEFDC9D
:10EF7000C0156E0973F54220444A40FF4C13E098D7
:10EF8000C0156E09F8700039F3EC4430F870402178
:10EF90004C818445402B6C2173F942104C13C0FF07
:10EFA000C0156E09F8204081F8100019F3F84210DE
:10EFB000F8104011421080188016F3F842108018A3
:10EFC0008016F3F4F83000194011C8194081F83068
:10EFD0000009E030400AF83082E5E08843F61C047E
:10EFE000FFC06FFD020E020F4000F000C3007C0165
:10EFF0009C049C0E9C0E820F6E0D0C09A30BC03658
:10F000000C098415C038631141C6A30B002012FD02
:10F01000000102064C81BFC18038031180004015F9
:10F02000680061E842868C0B8C0B6000E824722833
:10F03000EFFC76E8FA00040C8B11006BE8286DA851
:10F04000612400C6E00042064C118004402B6C1D78
:10F0500000168111E13C008680188004F1FC42100A
:10F06000018600168008EFDCE080400A0E090C0BD8
:10F070004000C015C0FF137D0E094C038C0B4015DA
:10F08000E8005EE8E8005E4861444046800485117F
:10F09000018600168004E14400C600168004E144A5
:10F0A0000C098016C02B6C21EC0402008495E71D2E
:10F0B000EC2C020084B5E71DEC10020084D5E51DA0
:10F0C0008625AD0B8665B30B86B5B50B0C0C8C0B8A
:10F0D0003938F2008C0BE058F2000C0CE0440AC8FE
:10F0E0000C0C8C0B2118F2008C0BE054F2000C0C71
:10F0F000E04C26080C0C8C0B85B5F2000C0C8C0B2C
:10F100008575F2000C0C8101DD93F200FA00040C0D
:10F1100081110101682454C8034681618331614C27
:10F1200008368424E11444C690368844086688244E
:10F130008414872183110426F2000C0CE024138828
:10F14000611440C680048311C1838016DD93C71308
:10F15000FA7C040CEC101EF00C09806BC02B6C21A7
:10F160008255B30BE00040966C1D4C018C0B402B7C
:10F17000E85056E8406681954C01E000402B6C1D3C
:10F1800059F88C0B58F8E8508C0B681861D10C09B1
:10F19000807B40156C790C19400AC02C8201E686F0
:10F1A00067F9008A41D6C0030E66003C0004800463
:10F1B000A17B5A8066314C038245C0166C1D0C2918
:10F1C0008C0B402B68104C28A10B8E1B5CD8A055D3
:10F1D0008C0B684465C110600C09C054402B6C2135
:10F1E000B30B807B217B9015E00040966C1D4C0199
:10F1F00098B5C02B614C4146645002603C1EC09ED5
:10F20000654104600004C05466D106600860C054C3
:10F2100040A366E166710A604D78C0A2901B6FC47E
:10F22000A17B807B421892958C0B68404106007B45
:10F230000004E134E00402966C1D4C110016C02B52
:10F24000FFF8000E6CFD0C19020AC02C0010E3F050
:10F250004C01C404402C6CFD4B788C0BA17BE80462
:10F2600087658AD54066217B4C01E000C02B6C1D70
:10F27000574688D51260614CC0A366E014602C0428
:10F28000C09F67616541046006604054C05466D108
:10F29000924B101B6FC45648807B945B82F5A17B18
:10F2A00002602C04C0AD663164710860922B40A1ED
:10F2B0006FC458E8807B943B8405A17B6C1D0C29AE
:10F2C0008C0B402B68104428A10B8E1B817180553C
:10F2D00088F10E0BF27C0C0C2C04DD93648104602D
:10F2E0000660C09940A265214E78921BF395EFF815
:10F2F0006615008A80F5C0036118014680048711F5
:10F30000DD9380166561008A80F5C00261180146B0
:10F3100080048511DD9380166118034664AC014AB0
:10F320008414C001E200000CDD9384066661028A49
:10F330000306C003046601040215800086C5800030
:10F340006499028A0306C003045601040215800072
:10F350008485800066C9028A0306C002044601044F
:10F3600002158000824580006495030A030640026E
:10F370000414E1040426872104268000E104030626
:10F380008418841465794011DD93C02B030AC417D7
:10F39000C00F6681028A86F5C00F64F5010402C6BB
:10F3A0008000040680000215028A8485C00C66CDA8
:10F3B000010402C68000041680000215030A82457B
:10F3C000400A64A1E10402C68521041480000436C9
:10F3D00002C684268414E10440118418C02B65758C
:10F3E000C1C3DD93E1180586882888240015A12B68
:10F3F00000090E0DC1180546C000042581B0021495
:10F400004000042984040210C4040420C00A421AE3
:10F410006E014013DD93C015E12401468428801459
:10F42000F3F84420430604268414E11404248428B9
:10F430008426FC9484288014F3F4442080048426D9
:10F44000421080188016F3CCC1C3DD93E12401463D
:10F45000801880048016C219C1C3DD93FAFC040C25
:10F460000026006B4C01E00C402B6C1D79F88101EB
:10F47000811168206FA90C15251BC00BE1240346E0
:10F4800082458424424A881880C5E0800C0C831190
:10F4900038D8F2FC3E0EE02088188C0BF3F84210AE
:10F4A000028608164C18E00C81216854614410C68D
:10F4B000E1485386FFA12004E1245746C70780088E
:10F4C000F0044E0080C5A17B6FA90C05A50BC00BF5
:10F4D000A40482D5940D80000C298405402B6C1D5A
:10F4E000E00C0296680C732881958C0B8008A004B0
:10F4F0000155C707F0044E00EFFC50A88004AC048F
:10F50000F835A10B83113E04F2FC0C0CE020350809
:10F51000FAFC040C0036007B4E01E00C402B6C1D05
:10F5200074588101811168203E0E8181E12401C659
:10F53000554600048086E1248064A8048E0B0014E4
:10F54000E824498843A603910321E00C46D88E0B9A
:10F550004186E8548014E1140346048C8414E124A9
:10F56000C4298428434604260414E11884B883215E
:10F5700002C604868414E124028604968004E00C0A
:10F580008E0B009CE8544528612401C68004A91113
:10F590008E0B0096E82446E8600C028644588121D0
:10F5A0008E0B6854E14400C6800880045200C707EF
:10F5B000120AF00480C5FBFC6FA90E05A30BC00B5B
:10F5C00001C686B58004E124414600868004E11826
:10F5D00000C600B68004E124014600868004E124D0
:10F5E000421080180016F3F4E00C02A66C1D0E29E0
:10F5F0008E0B402BE80C6AA800C681858004E1448C
:10F60000C7078008F00452008004A804F445816B09
:10F610008E0B2B11E82442E80014A80442988E0BAC
:10F6200001C6E8248004E124414600868004E118F4
:10F6300000C600B68004E124014600868004E1246F
:10F64000421080180016F3F4BE048311F2FC0C0C77
:10F65000E0202AE87001000602064020FFC0600199
:10F66000DD93801EFA0C040C808B027B8101046BFD
:10F67000682069E84386811149C661480424E1484D
:10F68000700102060434C0208858A18B08489024D9
:10F69000600104060CC9FFC0402B6C19A65F843FB3
:10F6A00060C7D0474652A85F0C49F9B0C02C0CFD8A
:10F6B000C0E00844442200B5A17BD09049FE80C53B
:10F6C000C03F7FFDA43F883F8311043EF20C0C0C29
:10F6D000E02026E8FAFC040C5006006B0C09E1A0BF
:10F6E000402D67CD209E8191E14C05C6E080400A07
:10F6F000C00000160CF54C014006402C8004E14C83
:10F7000088048074E1E01674E0E014B4FCC002A444
:10F710000074001E0814E1C0FCC404A4F010000A28
:10F720009405842EF008000A000A9885AA65F00C5A
:10F73000F004000A40001338C14C17C6025604AB4F
:10F7400043B8E0108C0B682461980546FB80007478
:10F7500072FD49C602064020C020730140122043BA
:10F760002014F180E14C17C68555882A6C080A40A0
:10F77000775D807BE1900A3473FD4A500816400F94
:10F78000484A8000E13766964A30843341FF73F17E
:10F790000600C5478253641088CB016518C05D849C
:10F7A000D58EEC04FE75A1CBE0880A447094480223
:10F7B000F094403248309034BF4BF03C1DE5F615D4
:10F7C0000256942B8C0B608068207F880C0B847B06
:10F7D00040156E09E14C17C64000AC14C0FF72F131
:10F7E0006E094C038C0B4015EFF879C88E2B1B75F6
:10F7F00002563E2E7E18E0208C0B68207B80007421
:10F8000072FC43C64012C02002467180C02072C004
:10F81000041000340991E40017C68811083EE14C39
:10F82000E198054608CA85A5EC080A400A34775DC8
:10F830004A50E190400F73FD800008166696484AD2
:10F840002074E13746C086C341FF73F1E1880A4462
:10F850008ACB0801827B0E334DA48155EC0418C07D
:10F86000A1CBDDAE0034FE75FB80189488C34457ED
:10F8700012C00A13C53EE410F03C4830F495BF4B6B
:10F8800091C5BE246040025679788C0B4A58E82016
:10F890008C0B6800EFFC43C86E090C0B03EE40159F
:10F8A0000E0AFFFC820FE8007C044200FD044000C9
:10F8B0006E094C1303864015849EE1986E094C0333
:10F8C000007440154CB1FB80401562E5E14C17C651
:10F8D00049C68E05402072FDE19805467301020677
:10F8E000A043402040122014882AF1800A40855508
:10F8F000807B6C080A34775D4A50E190400F73FDBD
:10F90000800008166696484A8433E13773F14A301E
:10F91000C54741FF64100600016582535D9488CBA2
:10F92000EC0418C0A1CBD59E0A44FE754802E088BD
:10F93000403270949034F094F03C4830F615BF4B50
:10F9400062650C19004640158004E14C8028881936
:10F95000F3EC44208026A22F64C50C094C01C02B77
:10F96000402B6C2145788C0B2044E8006501006039
:10F970000404C05481017B8006461911C02072C165
:10F98000E8004F489F212C144EA0002EC3007C514C
:10F990006BD8847E0E2BEFF80206A9917FC0600120
:10F9A000FB800094841F2C244010A01FC3007C0106
:10F9B0000C09880EC02D67CDE080400A0C0980E557
:10F9C000C02B6C11E098400A0C0C8095DD93F2FC82
:10F9D0000C0C8C0B9F95F2FCFA00040C4186006B1A
:10F9E0008014E148442084288426F3BC84288014B1
:10F9F000F37C442080048426421080188016F1FC99
:10FA0000EFF87868831101010C0C8C2B22B8F200FE
:10FA1000C1C3FFFCF81C040C61410019080040152B
:10FA2000C0D96601614500290A004015C0D965C1E9
:10FA30006211003991C1401581710161E686442A45
:10FA4000621D00194021C015401563094031812114
:10FA5000C015630D061007C50C4AE4400C1AE000FF
:10FA6000400AF87C0A50E1840E0604109484800059
:10FA7000500A51848225E49C6C34128012DAA18BE6
:10FA8000420AE4088095ED8082610271BF8B850592
:10FA9000A16B882500958245C00D696D12C0936BDE
:10FAA0004093842080160BE1F03C528002A5B99B64
:10FAB0009B8018C4A19B498773FD508018C4400FD8
:10FAC000508AFB8090C3C6A688C17D05E5FC0D0A5F
:10FAD0004023F0A5400A6895FB8008C4688940135C
:10FAE0008833400A6FF1068A0A34402B0049FB80B4
:10FAF000002D07CD40138811400A688DEC040230B8
:10FB0000689140330606400AC020700168854013A2
:10FB10000214400A4840FB80A61F1C2007CD40412C
:10FB20000045802DC00D696964F940154015C00B72
:10FB3000C00B64FD8941095B0E09002B4043C015D1
:10FB4000C00A688112FD44204023C0FF40150E0901
:10FB5000E140044600860824881EE140801E80049F
:10FB6000F01C0C0CC1C3DD93F804040C61980B4627
:10FB7000E0900C144E0014CA0C64F03CA10B7B8086
:10FB800000162E6F58228000401A71B004C4E6821D
:10FB900002C460C0246FFB80496E862B945AC5074F
:10FBA000020002534A50E404C1FF73F18A43016525
:10FBB00000005154C95EEC04FE75A10B4032C4171D
:10FBC0000C0CF084DD93F004FA7C040CEC501EF075
:10FBD0000C09806BC0366E014060A30B4F789C000F
:10FBE00041068800029661340004E004E1A050065A
:10FBF0006C1D4C118171402B0016A07E0C0B8111E5
:10FC0000C0156E0973FD40004C03C0FD40156E0920
:10FC10007CD881017E0EE81CE148418641C6001473
:10FC2000FC1EE148800484180C298008C02D67CD93
:10FC300068890C0B0604400A0229E0A03E3EA61F7C
:10FC4000241FF0274C15C507400268016431066087
:10FC50008311C0284675C11D021058047E75C40466
:10FC6000C4100630618D0C0B0860401CC0D96601C1
:10FC700065C10A6081B140D9BC0E81A1F804460576
:10FC8000090EA004E19801468101009A144A8B856F
:10FC9000141AE000400AF87C0A50E18416060410A9
:10FCA00094148000420A511490E5E4AC8425A1AB81
:10FCB000696D0C2585ABC00D08910C0B4000800AC6
:10FCC00080FF13F19098400206000EA580280401E1
:10FCD000EC34041080B5E42DBF1B4D1E87258AD55A
:10FCE0008A65A11B703C5810E1C00414B9CB0C1EEE
:10FCF000848B0171491782454E10A1CB400F73FDD3
:10FD00004E7A808BC577C6B29223091473F14020D6
:10FD1000883141FF0203862B81A58E1B0210218BA7
:10FD200000C5EC0488010000000044C5A11B882127
:10FD30004477FCD58E33900B82A102B1E5FC150A05
:10FD40009D01E8E59F010C0EBC048E0EFC04CC0E58
:10FD50000C198008C01562EDF017BE24A20FA40F85
:10FD600068014C058C0B4002E8105E68E148418652
:10FD700080188004E090420A801882654210802832
:10FD80004420F080A22FF37CF88042207E0480166D
:10FD900070D883110186E81C8004E1980C0BA30B3A
:10FDA00080150E099CA400040E094C038085801563
:10FDB000680049C803018C0B455881118C2B6FFCDE
:10FDC0000C0CA8F11A38F27CC1C3FFF8F87C040CC3
:10FDD000630900198121401500C9911540366E094B
:10FDE000FA800824630D0069460240150659F09018
:10FDF000C0156F41586AA1CB0C306692C0DB66100B
:10FE00006E1146518645C0367A800EC412848181B7
:10FE1000CB9DFA80549284055602F09C16B9F0A846
:10FE2000C01A6E417C85B9BB8404108094CB3253D8
:10FE30008145985681710B9B0A8A80A5837174084D
:10FE40001876807518C48E5B0C007A80C0586640A6
:10FE500060880EC4E08812447C1C0C856610140077
:10FE60001493C0DB0A0A8C7382217BFCE04052852C
:10FE7000E8000E8562405285E08410C464000E756F
:10FE800018638C83D08058C261405275E08412445C
:10FE90006801107B94934001527388A3107BE68025
:10FEA000C0016C01E780527360010C795471C00489
:10FEB000C001610164010C495441C004C0016201E8
:10FEC00068010C495441C004400163011849814153
:10FED000C01A0E4162114641448AC038DED5F4048E
:10FEE000F07C0C0CC1C3DD93FA84040C8101006B1F
:10FEF000681C65E80C1B8111400A68910060807BDA
:10FF000040286401700104068811C020C5170165EE
:10FF100002104134C93EEC04FE75A11B61484186C4
:10FF200080048C2BE0198018830100166FF879C8C3
:10FF30004ED8811150B8EFF88C0B6810618D0C0B06
:10FF40008311401C4C038201401C618D0C0C8E0BF4
:10FF500022D8F284C1C3E01CFA00040C4386026B71
:10FF60000414E148E0980604F10046304420842857
:10FF7000262FF2FCE19807860C0E84260C1B8209C2
:10FF800040156E094210D007C0FE73FD4C13A01F30
:10FF9000C0156E09EFF84BC8811101010C0C8C2BB8
:10FFA0003618F200C1C3FFF8E10001868008800422
:10FFB00082095D93C713C183C1C3DD93FA0C040C9E
:10FFC0008101006B828B047B65394C010460402CFD
:10FFD000C0B165418C0B0311E80042888C0B031102
:10FFE000E8004E2880D5A10B68487088A10B8C0BC7
:10FFF0000C0C8085DD93F20C457601110931E0008F
:020000040802F0
:1000000074588C0BA38BE848A10BFCB50C0BFC754A
:1000100052388E1BA10BE8000111FAB58C0B81211F
:10002000F20C0C0CC1C3B145F87C040CECC01EF002
:10003000600446864031A51B402B6C1DE0040E0673
:10004000A1810EA5AA35A31B600C41E6E00C59E680
:1000500001A6170E110EE004E004012601860F0E22
:10006000150EE004E0040006A1010B0E0006090EC7
:100070007E0EE0047C0EA101E004018601860D0ED7
:100080003E0EE004E00401A649F63C0E4BA6E00C4F
:1000900003A6600C0706E00C110660040DA6E00440
:1000A00013A660040FA6E00C55A6600C13CEE00C5E
:1000B000E00C41E657F605950006E00C8911600852
:1000C0009101130E4006170E0D0EE000150E85016E
:1000D0000B0E8301090E81017E0EA1017C0E8301AE
:1000E0000F0E8101110E85013E0E8101E0004006D8
:1000F00081313C0E81910161140601510101E0043E
:100100001606814181C1E0088BC488C689C48AC6AD
:10011000FEC4C8C6FCC4CAC6E0184481E014443119
:10012000E01044C1E01C4431E020443144319534B6
:100130008F34E024E028443144318D349134E02C74
:10014000E03044314431BE34BC34E034E03C4461FE
:10015000E0404461E0384431E0484491E04C44716F
:10016000E0444411E0504411E05844A1E0544451AB
:10017000E05C4451E0604451E06844014401930470
:100180009704E06CE07844B1E0744441E0644401D9
:10019000E0704401E07C4441E0F10101F07C0C0C92
:1001A000C1C3DD93FA04040CEC901EF0806B251B98
:1001B000810104259295A31B654102608C0B40B11F
:1001C000E84879E89095A10B4C018301C02C653972
:1001D000428687E5040660044C11E004402B6C1D48
:1001E000601102063E1EC400091C83111516A111E0
:1001F000E000420685711F16891125163116AB16CF
:10020000AF269111040635269706E0089B769906DD
:10021000A1769D06A706A306AD06A906B706B306F6
:10022000BB16B90660805E11E41002F0BF26BD0661
:10023000E0845E01608C5E015E218C0B75F8E088C5
:10024000A10BE8484C7180B5C02C6539C8F181011B
:10025000F2040C0CC1C3DD93FE7C04CC806B027BEA
:10026000649002F0E48004F0E810602860901E8939
:10027000E0040E2AE0801E79400101880460C0007D
:1002800040B165C10155993149168111EC04063020
:10029000FE95A13B65F104609D3140B1491C81454B
:1002A000EC040630FE95A13B15C601910785EAF0E6
:1002B000A10B81B140628E15047470A8009CFA8075
:1002C000E0900084799C4202F0AC40626EF14011F3
:1002D00043F6402B8000400D603140914011C02C0E
:1002E000802C42B143F1401102B4002C4091FA80BD
:1002F000002C417154188C0B1E89E800008060901E
:100300000204E40482B17A80048084A1434AE42494
:10031000020CE408500062000273DC00170A81013D
:10032000F205E53CF67C0CCCC1C3DD93FA7C040CF1
:10033000EE701EF0A11B006B65390C09848B402CFC
:1003400042668A85A50B60046C1D4C118191402B7F
:1003500081A102C58C0B0511EFFC7268A1AB80ABCB
:10036000C000105868046EA880AB8C0BE440108A63
:10037000C0000D680D38A1AB0C29C000402B6C1DCE
:10038000E00042B668047E2854B68C0B230BE000D4
:100390000C7881819DA5C00040A6230B4C01E00490
:1003A000C02B6C1D031182256FD88C0B80ABEFFC2A
:1003B0000DC8A1AB00C6C00002F060080155E440C2
:1003C00045868181EC040000FE95A10B81013E6E03
:1003D00081017E0E65711260170640B07C0EE0044C
:1003E00089558171788112099511400114048E6B31
:1003F0009E096190E68642AA010A820380F5E630F2
:10040000E13403468414841482F5B71B03363E049A
:100410000F36E0080029E008C02B6C1DE80479685D
:1004200000C6230B8805E00806D5A16BDC004E60F2
:1004300004F02418160AE440802361405EA5881663
:100440000E06000C5EA5800082C5800881717E04C6
:10045000FA800004FB8040A2FC04FE0EFA80000437
:10046000FA8040A216B0FC0E82916C04EE75A1BB1E
:1004700017463E6487E5E1347A8002845FB88C0BCE
:10048000A10BE800AC0480B5B90B800440628C5528
:10049000951170A06B5100091204C02C9E09619047
:1004A000E686549A150A80A380B5E6308004AC0431
:1004B00082D5B90B6C1D0C290336402B7458E0080B
:1004C0008C0B680414C6A30B0F36400800F080089C
:1004D0009F11644080169403FC14FE04FA8000040B
:1004E0007B804092FA80021440927E0EFC0EFA84C9
:1004F000100A8281F035E0808EAB217BFC048CF504
:10050000FA8000047E04C407E4100E007A8012040E
:1005100067188C0BC497680080AB03D588D5A1AB56
:1005200061A140F681114000420A81B5902B6080A4
:100530005C001029E44006F082110233020A8C2686
:10054000FC95E230901B0C0BE80461084F7600AB81
:10055000A1ABE0000294827504747A8006F0FA8000
:100560008C0B6440E8485BE8140B80ABE6701EF02F
:10057000F27C0C0CC1C3DD93FA7C040CEC301EF051
:10058000828B009B0C907C2EC0AF6471F0A05462F3
:10059000E2801419E8005508807B428767C000A0FC
:1005A0003C6E9063654512903E0EC0B101A181B1D1
:1005B00005558181FC248161F8041209440AA418BC
:1005C000D007E08048005F680E0FA20FFB80026436
:1005D0008245830B1084031114A4FA80B71F7B801B
:1005E000828122AF3FBB806B1E0582B184910004E3
:1005F0008000408180001E05800040A3E040160A74
:100600000101F6750C0C98F1DD93F27CFA7C040C78
:10061000EC301EF0829B006B6C410C0983A1402BD7
:100620006C390C19A19B402B1690048BFC0EE42412
:100630006C490C093E0EC02B4C03810140166551DC
:10064000E080008665594C03910140166AA94CA1CF
:100650004C01C02CC02C6AB96AAD4CA14C01C02C15
:10066000C02C6ABD00908265827B6C046A914CA1AB
:100670000404402C01B5FA80211B81110285827B84
:100680004CA18101402C6A9181218111903B0C0B7E
:10069000E8004688170A83014CA1F430002C0A9523
:1006A0008428129004940445FC149A80422ABE24A3
:1006B00004B46686C517FA8002108E13C51DEC04BB
:1006C0004CA19025C02C6A958C0B0311680044A89E
:1006D0000080903B010AE41C82B5F4206A994CA189
:1006E0000080402C0604E42085117A808E2B0C0BB0
:1006F000E800438882A5A18B6A9D4CA10080402C14
:100700000604EC0487117A808E2B0C0BE80042A8BB
:1007100064854CA100604026C0B26691891101B584
:1007200014A441280210FA8084A3EC0464854CA12F
:10073000A11BC0268191FCD598F1120BF27C0C0C08
:10074000A10BDD930C29F0F5402B6C1DE00C02761B
:1007500068045FC812768C0BA30BE00CFDD5EE7518
:10076000FA7C040CEC301EF0847B008B7084408299
:100770000029866B402C6AA14071C61740266495FB
:1007800066A106004061C0B2402664B5232B81A15A
:100790007C1E91210416831102864000BE3EC000DB
:1007A00064D540214011C026C02664F59003FC04A6
:1007B00087B5BC0E00747C944260E0905602F03C19
:1007C000900B79847A8002B4435894936E38E80091
:1007D000A111684C618C02943E198E9910138331DB
:1007E0000229B33F402C6B41486A9D413C34E6925C
:1007F0004221A62F402C6B4114338E43464182A1E7
:10080000C02C6AC16B5146B14601C02CC02C6BD1C3
:100810008008BE04E004004A6200000CE004001AF4
:100820006200001C80738063F0B5B1AB0C0C98F1D2
:10083000DD93F27C61900414442AA9310614668E7B
:100840008E39E1848121040381310603000001E532
:10085000C09C678170140049E080420AC19008443E
:10086000254F9E49A83F8821E040040A5D93FC95EE
:10087000FB800034E47C030A041482B58E19618C79
:1008800000098403C02C6B41E484404AE200000C60
:100890005D93DD93C1C38101E57C030A041482B535
:1008A0008E19618C00098403C02C65C1E484404A20
:1008B000E200000C5D93DD93C1C38101FA00004C9E
:1008C00064710000041440AF000BE08480137C08C6
:1008D000E5000219684C6608D0078211F200084C46
:1008E000C1C3DD93FA7C044C6C590019829B402BE8
:1008F000887B0A6B84AB068B8111231BA19B882507
:10090000A1AB80A5A18B806500298295402B6C1D31
:10091000E0084296680451A8E00856968445A30B67
:10092000E022407AE122427AE02A400AE026421A96
:10093000E6A2400AE026400A020282031816EFFCF3
:10094000960B81B1F27C0C4CC1C3DD93FA7C044C54
:100950006C59001982AB402B887B0A6B849B068BF9
:100960008111231BA1AB86E5A19B80A5A18B80658E
:1009700000298295402B6C1DE008429668044E6861
:10098000E00856968405A30BE022407AE122427AE1
:10099000E126400AE12A421AE6AA400A020282033C
:1009A0001816EFFC960B81B1F27C0C4CC1C3DD93A1
:1009B0009F2101118131039568840824FB8006344E
:1009C000E34F804F618C0A44E184184484C9025982
:1009D0001844385F4647E084385F88C9A85F90496B
:1009E0008811235F020AAA3FF8F5E04000345D93C6
:1009F000C1C3FB80FA7C040CEC701EF09D8100AB3F
:100A000081911E0B9D1101550210419CA11BEC040C
:100A100000A0FE9540B165F181459D110210419CF9
:100A2000A11BEC0485C5FE9570A44CA2FA800E941F
:100A30006EF10CB9940B402B6FFC7308000A8E1BEF
:100A400086B5F0046CE914090C19C02CC02C62B1F5
:100A5000FA800004FA8002148435830B73C040B01E
:100A600047079E1B022B9EB983317C008013373FC2
:100A7000A62F940B8E1B042CE8004248120A829188
:100A8000F475E140648D00E69E1B40209D210165C8
:100A90000420453AC13CEC04FE75A12B648D40A6B0
:100AA0009E1B4020452A8155EC041080A18BC12C4F
:100AB0007738FE75940B68440C0CB8F1DD93F27C2A
:100AC000833100136EF102190414C02B9E19618C3E
:100AD000A33F3C29002B8403C01662F94033A43F96
:100AE000C01662F9C1C3DD93FA7C040CECD01EF091
:100AF00002F0009B5BB8E4C004F0680C1239E4B06B
:100B0000C02B6C496C4112091219C02BC02B6C45CB
:100B10006C4D12891229C02BC02B6C39403A8D3E86
:100B20001239E682C02B6C3D6686548AE188020445
:100B300052019101402664810F2EC5A75221920BCC
:100B4000C02664915231893EC02664B112B98B1E11
:100B5000C02B6C516C5512695211C02B402664D1C8
:100B6000E4A002F064F152A16778C026807BE80C13
:100B700080C5A17BE8F10E0BF27C0C0C45B7DD9330
:100B8000E1880664A1BB7CBEA13B8065122982F589
:100B9000402B6C1DE0084296866B120B68007D6846
:100BA000E0084E968C3B230B0D04F8C57C14C587DA
:100BB000E00C4BF6600E488AC50781B1E006440A96
:100BC0008B148F04BC4EBE2E424A02030924E68ACF
:100BD000EC04000084A3FE0E6C0400A08D0E81A125
:100BE000653D52118BE5C02CF0AC4C926EF10C09B6
:100BF0004C51C02BC02C62B163F14C514200C02C4F
:100C0000C51DF03C8D4492D59275C81DC9077E1450
:100C100090F5C20DC30D8F1400B4909544B0618C53
:100C20003E09F01C12038341E888044465C10019A1
:100C3000868B402C7A8008A4E4900AF058127C1429
:100C40000B34F988FA80043465C140C1920B402C02
:100C5000FA8002146FFC6488FA800634A17B807BE2
:100C60003E04E255E4800AF0E0901E49E0A01E39FF
:100C700002043C044C41FA80C02C63F17A800404E5
:100C80006658920B807BEFFCDCB5A17B60801E096F
:100C9000103B82A1E00C4BF662B14C018924C02CC0
:100CA000170A82B1E825E53C68004108807B920B79
:100CB000D835A17B60B01E291E19920B4A78E0C07E
:100CC0006B95EFFCC1C3807BFA1C040CEC301EF06A
:100CD0008181006B6C590C09A30BC02B02F08A8533
:100CE0008C0B6420E80C5C6888D5A10B6FDC018656
:100CF00080088191E080404A04F100600060C0AD4E
:100D000080AD04F90315800AFB800E047A8002840A
:100D1000E41008F08C0B0121680042887C0A8E3BAD
:100D2000FB80129480938281C18DFC044C93FC154E
:100D3000C016629998F18101F21C0C0CC1C3DD93BD
:100D400082F5FC1D021483318211FA80F438030A03
:100D5000081482150834FA80804FE890FC85A14B76
:100D600081010816C1C3DD93FA7C040CF80010FC65
:100D7000ECF01EF0805B029B63FC120AFC2E8101EA
:100D8000900CBE4E80000BA810504937C0B066B121
:100D90000E503C3EC0B0643181A101B181617E5EE4
:100DA0000E098585930BE3C0FC04883580F5A30B01
:100DB0006CE90A09A018C02C8615830B7A8002B44E
:100DC00056B88A0B000AEFFC1E55F00482D5C00C01
:100DD00002A41C0804F0E08882A1645082237E549F
:100DE000806370AD804588BE02B181958271828139
:100DF000E53C170AA1ABF4E50A8BA005C0156A7D96
:100E0000C987BC14FB8000146A810A0BD10D401500
:100E10009C005010FB800284C01DC907DC005000FC
:100E2000EC18510A3E148465E090006400F0040C54
:100E30000195E45041249F11EC0414A044118A232D
:100E4000C02C6171FE15A1AB81318B850034850505
:100E500002F060880215E4500014FC008A03E0846C
:100E60006E39002B810140158285A12B444A8101F6
:100E70004420E08040FF13F9C404000004247E35C0
:100E80000A13C18442018231C02C6171F815953B6F
:100E9000947B210683A3A143E80012CCEC204E8A68
:100EA00012F08A25FFB16450D5BD82B12464884513
:100EB0006471005004F0C0AF0264E4408063608459
:100EC000FC04000BE5000C19EFFC73C888912108A5
:100ED000E5000C190260830B40010501DB800E74F4
:100EE00040004201C4040E704E8A7E54F6B5EC20D8
:100EF0003E04C1C3807CC877F8F10101F00018FC02
:100F0000F27C0C0CC1C3DD93FA00040C0246026BA8
:100F10000414E12884348321657500190045C01B41
:100F2000C0066D49657900098231401BA111232F4C
:100F3000880B212FEFE85B688101180EF2000C0C82
:100F4000C1C3DD93FA7C040CEC501EF0887B008B4F
:100F5000650D1009826B402B60880274101384ABFE
:100F6000230B81214225869BC00B61A5A70B8225FF
:100F7000100B8C7540156A79910C81B13E5E850528
:100F8000669100107C0EC0B142B8900B8E1B6800B9
:100F900002F049073C1EE440FB80160464300AF06E
:100FA0000C1B900B123B942B43B8964B7E14E8001D
:100FB000FC24A10B8435881EBE54910AFB800604D4
:100FC0000416973B408040004270DC0048505C00B3
:100FD0006CB8DC008101CFFC0C0CA8F1DD93F27C35
:100FE000FA1C044C807B026B818101914072832545
:100FF0000009F0A4C02C63F1E3FC000A8D0B8225EC
:10100000029480F58E0B7A80EFFC45A88291808354
:10101000E140120A900BFAB5F21C0C4CC1C3DD93EF
:10102000FA7C040CEC501EF04006006B0004E11842
:10103000191482BB088B8A7B0008869B7E1E84ABBA
:101040004B189111002BEFE8E44000F00A843E0EAB
:101050003C7EE09064E10660160BC0AD6DD8941B39
:10106000924B6FB4A17B807B0C298265402B6C1D59
:1010700056B88C0B8E1B68008101230B090480E598
:10108000C90781716FFD00027E14C0FF040CA8F136
:101090000C0C8E0BDD93F27CFA7C040CEC301EF011
:1010A0000200026BC0B0657116007C1EC0AF66F115
:1010B00081913E0E7FF44E0E01A19D8103A5810119
:1010C000AC188131703C4410442AC9178223E6A22F
:1010D00082B58D2B1619FC04B403E2807881000BD5
:1010E00082114001E84865888301003B6C0814A028
:1010F0008FAB82B1A10BF8F5BE8486354E82834555
:101100000E09F0A4C02C6AC182958D0B7A800294DE
:101110007B18900B86AB6FF8A10B143B0BD10E39EB
:101120008291C02CE080120A0034FA7598F160A018
:10113000F27C0C0CC1C3DD93FA00040C0206006BB8
:101140005A98E28043F6E8480586600C4878E0103B
:101150008C0B6FAC457601110C0BE0000C0C8C3B3A
:101160003AD8F200C1C3E040FA9C040C4096006BF0
:101170004C01E004402B6C1D0206827B8C0B6280CC
:10118000E84858A8E4400E8A0C2982D5402B6C1DF3
:10119000E00042B668004DA850B68C0B230BE0006F
:1011A0008C85817161880074060991910494831182
:1011B000A11F69804022C82781117984441281A52A
:1011C000044AF91C4462F80C82115084C0004401A6
:1011D000E040020A0111FCB50C0B9F2164588C3BC6
:1011E000808BE8408455A18B6AA90C09A30BC02B06
:1011F00000608435408B66B1E0100206411E8145D7
:10120000EC041290FE95A19B900B8181F29C0C0C3A
:101210000C0BDD930C0C8C1B1578F29CC1C3E03CCD
:10122000FA00040C61004C46E00445364021981455
:10123000C02B6C1D442084288426F3EC8428981449
:10124000F3F84420434604265EF8E01C83216844FA
:1012500080189804F3F442100C0C8016DD93F20011
:10126000FA80000C4186003B0004E148E004094696
:101270006C1D46418048C02BFC9C084441C600467A
:101280008004E148830100166C2546218111402B22
:101290006FF05EA8080C862B3398F280C1C3FFEC78
:1012A000FA3C040C8101006B68144828818181118B
:1012B000682865081286807BA404E13C42108018EF
:1012C0008016F3BCE8306848951103A18C0B03210C
:1012D000E8445AC8E11041468486801480A6800400
:1012E0008018A4040016E01979B88C0B00C6EFFC36
:1012F0008004E12C421080180016F3F8E118410632
:1013000000868004E114410680188004F2FC42103B
:10131000414600160004E11400868311E114418661
:10132000008C8004E118000600868004E118004665
:1013300000868004E11800C6008680040C0C8E0B29
:101340000358F23CC1C3E014FA3C040C816102ABC7
:10135000807B21AB419C0CA4E00401166C1D4E0166
:10136000849B402B50044C60421881018111681409
:101370004256008B57D8E0008E0B68140106216B93
:101380004E01E004C02B6C1D012688A5941B60044F
:101390006C1D4E018E0B402B6FFC764841C6922B84
:1013A000402072FD600102068004FFC00206020FA9
:1013B000C02072C1FCC4000401C6040E8004E19880
:1013C0008475A30B72C102068E0B4020EFEC5AA865
:1013D000013681F5941B60046C1D4E018E0B402B71
:1013E0006FFC74088195922B6800416842968E0BC1
:1013F0008E0B6000E81453E86000426653988E0B31
:101400000311E8147D38900B8C0BE810F23C0C0CA7
:10141000C1C3DD93FA84040C0C0B806BC0156E09FC
:1014200072F940004C03C0FF40156E094C01810168
:10143000C02B64D5E80078888C0B007BE81859280D
:10144000680077A842D88C0BA17BE80C4A18862547
:101450008C0B68006800418801468C0B42466FDCAB
:10146000421EE00402168311E01C4346F8084015B2
:10147000EFF04F280C0C8C0B0558F2840C0CE00C90
:10148000DD93F284634900198121402D6E51402182
:10149000A131402C680940234023C00A400A680D4E
:1014A0004025E019400A611D4021AF214028649188
:1014B000E00C45F667C940210406402D4023E008B2
:1014C0004013698540119121402D63496011022626
:1014D0004021C0C040276315E01005866565403196
:1014E0004033C01BC0146241698140334031C01396
:1014F00040276311E08C0606632940150256400B15
:10150000C001600169914023458640134033E000EB
:1015100040136995E0004686640140158B11400533
:10152000633140218921402763354031003BC0278A
:10153000C00A6931681140138311400A6C6140216F
:10154000852140226C6540219D2140226815401371
:101550004011C00A40226545E00803066FB14021F2
:10156000043440224011FCA8C01B656D654D40113C
:101570004011C0224028648940119511C028648D13
:101580006FB540114023C022C00A6931C1C3DD9349
:10159000F81C040C53C601C140C1E00440156205AB
:1015A000E0080E06636D40C159F6402DC02072FD63
:1015B0006E814091B791402C64E140C54986400B53
:1015C00040C5EFF0400B64E50B86BDC10DC660243D
:1015D0004091E05C402C6E89E00C108663A940C10C
:1015E000AB91402D020E0DC1C0BB63C16B194043CE
:1015F000070640154053E07C40156B1D4063994140
:1016000040156DB1F9000A066DB540830CD6401542
:101610004091E0CC402C6E95EFFC51F663D140C177
:1016200012C6402D4071E00C40296E2172BD59F662
:101630004071C02040296E2940718521402C6E9D4B
:101640004015B57140056459E00803066AE140336E
:10165000A331401566414041080E402B4055FFC064
:10166000400A6D95E0400A066DB940634C6640152E
:101670004083E00040156DC1E00C51F66349409194
:101680001386402D4071E060C02D6329633940719D
:101690004071C02DC02D63D9640940710E66402D84
:1016A000C020680164F940C540C5C00B400B64FD13
:1016B000600118064011C02040296E254031831179
:1016C000402B65C940459131400A6D99405589418B
:1016D000400A6D9D40618B51402B6B9540938F610B
:1016E000401669A940818791C02C6CFD63694081D7
:1016F0001056402DC0207001650540C540C5C00B87
:10170000400B65094075B9C1C00B65116515407581
:101710009371400B651140114021C02BC02B6531E6
:1017200065CD40314011C02BC02B65D16681401181
:101730004011C02BC02B66856AA140514041C02B8F
:10174000C02B6AA56B8940414011C02BC02B6B8D0B
:101750006B9140114061C02BC02C6D516D614011E7
:101760004061C02CC02C6E596E5D40114011C02CE0
:10177000C02C6E616E6540414041C02CC02C6E692A
:101780006E8540314021C02CC02C6E8D6E91401171
:101790004011C02CC02C6E996EA540314051C02C18
:1017A000C02D6325633140114051C02DC02D6335DC
:1017B000634140214051C02DC02D63456359409184
:1017C0004051C02DC02D635D636140414051C02D2B
:1017D000C02D6365637140914051C02DC02D63A140
:1017E00063A540514085C02DC00B64ED64F1408578
:1017F0004051C00BC02D63D5640140614051C02DE4
:10180000C02D6405643140314051C02DC02D643578
:10181000643940C14071C02DC02D64616465405180
:1018200040C1C02DC02D6469653140614061C02D4B
:10183000C02D6535681140414011C02DC02D681D77
:1018400069D940114011C02DC02D69DD6A31402198
:101850004031C02DC02D6A356A3940914041C02DBC
:10186000C02D6A716A7D40110C0CC02DDD93F01CF7
:10187000F83C044C614C4446E4500A0091C10A14FF
:101880000C864834C00061954E860844C0006195BE
:10189000E686443A61900644E4100800558A835570
:1018A000EC0418C0C987D19266A2502AE1F41494BE
:1018B000508A86A99493600EFB001294508A8597F3
:1018C000D99EE686A1CBDD8E0012FA756199048659
:1018D0000202C000619906C6881EC0000C4C8C0E26
:1018E000DD93F03C04C60002C0006199840D882499
:1018F0005A005C08C0000006619504868834C00068
:101900004486870DC0000195C000042504358EB5BE
:10191000870DE01C01990446042580008C85800019
:10192000833101A5FA8008340845C447804DFC087E
:10193000823180B5F418070A0630FCC50A34EC047D
:101940000850FA80C45764047C080A350825C44747
:10195000A623FC080605A12B800004066195588685
:10196000460240000A55F18C0845FC30AA43FC3081
:10197000E17C18449843F5C7463A8D47443AE692CD
:10198000CC27E08A04148A23619906868C34C0002F
:10199000FA004032E682400AE082402AE40042CA6D
:1019A000E200000CC1C3DD93FA7C040CEC501EF085
:1019B000828B7C2E866B621875B8BE1E6008EFFCA9
:1019C00081A19181E100000A104609157C14C00034
:1019D000000496038013FA80EC0002198885C3ADD9
:1019E000400ABE149403E686FA800E0460840074F4
:1019F000E08802747C040C1500038C03C0016C01A8
:101A0000619C0414E43002F0C5077E2E00F0110C36
:101A10007698E440A10BEFFC50984E72C00000E6AF
:101A20000C014E018291C004FA800094F415D10D8E
:101A30008211BC14FA800014560AD10D120646A277
:101A40005E15C000FC35C000BE0482A17C7581AB70
:101A5000C00002060C0CA8F1DD93F27CF87C04CCEB
:101A6000E45DC258400898958F5E81416100000A8C
:101A70000B959101C0000046107498734E12FA80C5
:101A80000E99F0A0D34DEC00508A8E858883E6969F
:101A9000FA801084F0A054226C0114B9BDBBC004BC
:101AA000214B8C1564010E708A15C00388D5A59B47
:101AB00064041280640014A05622C013068470A42B
:101AC00016B9E08440046C018483C487169428B658
:101AD0001420E084400E6401145BC49786A37C2C20
:101AE0000455A85C205EFC2464010A200A8BC00C0B
:101AF00086537C2C8F54948C06909C989C36EC04D6
:101B00000E648261C17DFA808D34EE151834823105
:101B1000C1CDFA80468258CAC0000C06C0185E3596
:101B20008241FC357C958B4BC0000606F07C0CCCCA
:101B3000C1C3DD93E1144246841884146BF1401153
:101B4000DD93C02BE14C000680088004E000004AD1
:101B5000E200000CC1C3DD93614C000680048111DA
:101B6000DD93801661484186E19805C68331000403
:101B7000C2198018883E8016C1C3DD936148418632
:101B8000E19805C681310004421080188016F3F8F0
:101B9000DD93883EE14841868000800441C6A10D66
:101BA00000058148001980004210800040119C040B
:101BB000DD938000E14841868000800441C6A10D8C
:101BC00000058148001980004210800040119C08E7
:101BD000DD938000E14841868000800441C6A10D6C
:101BE000000581480019800042108000401193F4E4
:101BF000DD938000E14841868000800441C6A10D4C
:101C000000058148001980004210800040119C109E
:101C1000DD938000E14841868000800441C6A10D2B
:101C2000000581480019800042108000401193ECAB
:101C3000DD938000FAFC040C8101006B680C7B884A
:101C400081818111613456862C04807BE14C13061E
:101C5000832103A1A4048086A4048086A40480A612
:101C60000C158086C00B69F94006A11B00158FDC9E
:101C70008C0B0000E8404F4883112C04404600A61E
:101C80008004E134A40480A6A4048086A40480A671
:101C90008C0B0086E81067688E0B0311E80C7888BF
:101CA00067CD0C09A409C02D8275A50B6C210C0908
:101CB000A70BC02B8C0B80D5F2FC0C0CE02C0C88F5
:101CC000F2FC0C0CC1C3DD93FA7C040CED501EF049
:101CD0009711006BE8104CE8EFDC03C64000840865
:101CE0008406F3F862650C09404AC01521B8E08CFF
:101CF0000C098000C02D6B852158A10B0660800067
:101D000040B667A1E0040006645004F081458111EB
:101D100000004916A10BEC041921FE953E3E8151AD
:101D20001B488101000AE0001B48F000525AC00025
:101D30008693E68AE02012A91249A1AB15F8802803
:101D400012B98000B1AB602CE0281249E18400B4E4
:101D500040407C0E890EF0FCAC05FE4E1E05B3AB78
:101D6000400280100049909880150F4180000BA818
:101D70008EE5B5AB1E05B7AB4002801000419098D0
:101D800080150E410C09AAC54015621189C4B9AB72
:101D9000E68240CA9A800004909840020E410049B1
:101DA000A6E5801AA425BBAB8A45BDAB81413FABFC
:101DB000140AA6050C45E040800D0859140AA285B6
:101DC0000C45E044800D085D140AA0C50C49E048AC
:101DD00080360185140AA0C58685E04CE050140ABF
:101DE000890488158C03C40768E500458F35C00D4C
:101DF000C2078904004B8C03C00A6DA189048F259A
:101E000000418C03C0156E416D4100010D35C015B8
:101E10008904A0438C03C407686500458BB5C00DD9
:101E2000080409243C5EFA808C2389016F4104393F
:101E3000812140150E2485458873FA800E708C73BD
:101E4000C06B6641110A988B0635F41CC40404204B
:101E50007010000AE40418801C58FCD5FA80108425
:101E600010898C83C02E67C1FA800A54FA801084CE
:101E7000FA35915B93C1040B89217BF5F40C448AFC
:101E800018067675000AC00004047010A215FA80C6
:101E9000E080561AA000085806F07C040944E4507B
:101EA000BC548321E080400A5C100629F090403247
:101EB0004420BE348026D004890495058C03C407D1
:101EC00064D100458175C005C407890400458C03B1
:101ED000C00565D160010006814BFC00800008F858
:101EE000E02412098445AB0B8465A30B8865A50B20
:101EF0008885A70B8A85A90BA015A10B814DA40489
:101F0000A60490358265804DA40487D5814B039546
:101F1000814DA404A60480958C85804D04F07C043A
:101F20008944E4506080400A040983010735DC10CD
:101F3000D004400001E5A404A604804D09C4804DEE
:101F4000E45000F00029FC348265FC30A4048315C1
:101F500009C4814BE45000F00029FC348205FC30B8
:101F6000464A7E440406E080018580007E44843B2E
:101F7000E080460A462083319803D004BE34803680
:101F80007C0481D5E45004F0404A8944810160809A
:101F9000DC10040988237E4407158806BC54992167
:101FA000564A845582E5E08006F07C0409C4E4507A
:101FB000FE448121E080404A5C300629F0B0403286
:101FC000FBE58026010A3E3484F5F40C8685AFAB30
:101FD0008A85A5AB8C25A7AB8CC5A9AB8E85ABAB91
:101FE0009025ADAB8235A3ABC227882304438C2355
:101FF000400C6D21EF559921FE449921720040401B
:10200000094582510823CF07664100600624C05865
:102010008023608464010429860340046C0100432A
:10202000BE34C0010705C827882384438C23C427F6
:10203000689104458585C005C427882304458C2301
:10204000C0066091882385158C23C2276921044B23
:102050009921400C8823E96504498C23401A6A4180
:10206000E7F5992100600823C05866416084062482
:10207000042980234004600100438603C0016C01F1
:10208000C827BE346575A4430B0A992124C8E4FC13
:102090004C159FFC400B69ED4C158101400B69E923
:1020A00085A58121645006F0EC8008107C04063977
:1020B000FB904A12647C030AEC7C08526C001044CA
:1020C00006CBA853180682110EC4800081C1689007
:1020D0009C0058306F9006C44682A9CFB80F788C08
:1020E0000652267F4C05EC04400B69E9AE2FA77F12
:1020F00069ED4C25020AC00BF4B5E10003C6240FBC
:102100000408EFDC0425A10B93F840008406C20903
:102110006E0D0C09A30BC0368000001603114C0194
:1021200081458038C20984081EF084060C0CE550F5
:10213000DD93F27CEFDC01C6802880180419C217F9
:10214000F3F444208026A22FC1C3DD93EFDC020606
:10215000E0700229E084440A9A005C0864D50029F2
:10216000A72BC02B800002299C2044208000422104
:10217000FFFC1628FA00040C6C5100190029C02B32
:10218000C0156141E08406146686422AFA80043450
:102190006C494031060A402B421AF0004011E00A17
:1021A000C02B6C41810180A5F2000C0C0029DD934D
:1021B000402B6C1DE00842966FF84C88E0084C9666
:1021C0000C06A30B8C0BC000F2000C0CC1C3DD93FA
:1021D000FA00040C6C5500190029C02BC01561458C
:1021E000E08406146686422AFA8004346C4D40313D
:1021F000060A402B421AF0004011E00AC02B6C4541
:10220000810180A5F2000C0C0029DD93402B6C1D90
:10221000E00842966FF849A8E0084C960C06A30B1C
:102220008C0BC000F2000C0CC1C3DD93FA04044C0B
:102230000C09806BC0156145EC040200F41C030A14
:102240000C1982D5C0156141EC040410F424050A70
:10225000400A80D5008AE6868435E5446C1D0C2949
:102260000FF6402B03F6E0088C0B6008EFF846E809
:102270000D78A30B0C198000C015614161510C0948
:1022800004144015440AFA80050AE68A8295E4A0FF
:1022900061450C290C39C015C0156155E68A443AD0
:1022A000E484048A0C298495402B6C1DE0084E764A
:1022B0006008427644988C0BA30BEFF880000B2843
:1022C00061410C190C09C015C01561517A800214C6
:1022D000FA80040461490C39422AC0158613E68647
:1022E000E4A0030A0C198415C015614561550C2939
:1022F0000C39C015C015614DE686422A028A861344
:102300008415E4846C1D0C294E76402B4276E0083F
:102310008C0B6008EFF841A8A065A30B61510C0974
:10232000000AC01586D5F01061550C09A90BC0151F
:102330000C098635C0156141E080404A0C0980E5F2
:10234000C0156145E080400A0C2982A5402B6C1D18
:10235000E0084E06600842067F788C0BA30BEFF472
:102360000C099805C0156149F80C004A0C098465F0
:10237000C015614DF80C004A0C0982A5C0156151C9
:10238000F80C004A0C0980E5C0156155F80C000AEC
:102390000C2982A5402B6C1DE0084E1660084216E1
:1023A0007D388C0BA30BEFF40C098E85C0156141B1
:1023B00088B5A30B61450C09A30BC0150C09881542
:1023C000C0156151EC100000F430010A0C0982556F
:1023D0004015615500008171008AEC108835F43495
:1023E0006C1D0C294E36402B4236E0088C0B6008E1
:1023F000EFF47AC80355A30BC0000E0661510C0917
:10240000B10BC015A90B82050C098415C0156155C7
:10241000A90B016561550C09B10BC015817100D57F
:102420000C4C8E0BDD93F2046C1D0C294E26402BB8
:102430004226E0088C0B6008EFF478880E06A30BA8
:102440008E0BC000F2040C4CC1C3DD936C5100191B
:102450000029C02BC02B6C556188061440118311D4
:10246000402B6C59E1880824E692443A6C41403193
:10247000040AC02B892160406C4940214021C02BB7
:10248000C02B6C4D6C4540414011C02BC02C6C7969
:102490000C6940214021802B802B0C6D0C81401158
:1024A000DD93802CFA0004CC8101006B66350C1B97
:1024B0009906C016424A9106420660804C11E0041B
:1024C000C02B6C1D80000C986FFC6B28A10B8C0B33
:1024D000C0000C3861410C0904F040150C19E420CF
:1024E000C01561456682401AE43002F063094C0170
:1024F0008C0B4015E8004BC861490C099918C015B0
:10250000614D0C291138C0150C09C50740156141F2
:102510004C118013402B6C39E188082461510C194F
:102520008643401561550C29A30B401561450C39B4
:102530004C41C015C02B6C3D6C514C114C21C02B33
:10254000C02B6C55060A821580B5F0046FFC780824
:102550008F258C0BF40C070A4C218455402B6C4DB5
:102560004C31EA0DC02B6C4560588C258C0B6FFCF0
:102570009C55A10B6C410C0985E5C02BF010060A97
:10258000680D86154C218931C02B6C4D6C454C3142
:102590008685C02B6FFC5F08A10B8C0B0C0996B5D0
:1025A000C02B6C418615AB0B6FFC6148FD158C0B85
:1025B0006FFC6108A10B8C0B0C0992F5C0156141F1
:1025C000F495E80D6C510C194C11C02BC02B6C49C3
:1025D0006C414C010C19C02B402B6C45FA80000457
:1025E0006C4D0C39401AC02B0C19E682C02B6C556F
:1025F0006C510C09000A402B0416E0404C2180006D
:10260000802C0C816C490C294C11C02B002B0C6DBB
:10261000FA8002140C694C01443A802B401AE68A75
:10262000402AE6824C01E002402C6C79FA800204D8
:1026300066314C134498C0168C0B68008295A10B30
:102640006FF06548A10B8C0B6CD880F58C0B68245F
:1026500068304BA821118C0B4C118321C01B656184
:1026600065414C210CCCC022DD93F2006811004979
:102670000039C02740276815088A81010844E540D1
:1026800000408188068A0C500406E500063481016A
:102690000034818800009A8088068C40A13B8438F1
:1026A000C4080630C1880634C0004231C0000409A5
:1026B000FBFC000ADA800004C4080000C1880004A2
:1026C00040004401DD938101FA00040C680040C819
:1026D000A10B806B0C0C8085DD93F2000C0C8C0B35
:1026E0008B55F200FA04044C0C19806BC02B6C5112
:1026F0006C550C09441AC02BA12BE5020C39860538
:10270000C02B6C4D6C490C490C59C02BC02B6C452F
:102710006C410CC9464AC02B48CAE50E464AE5162C
:10272000443AE50E0365E00AEFFC04226C1D0C2917
:102730004E56402B4256E0088C0B6008EFF4606860
:102740008805A30B6C510C198121402B6C550C0989
:102750000424C02BC2077A80042201714C01ED00D1
:10276000401B63054C11C217401B6301E0040006C7
:1027700063094C014C21C01BC01B630D63114C71DC
:102780008E0BC01BF2040C4CC1C3DD93FA7C040C0D
:10279000EC301EF08101006B630D0C7902F0401BE0
:1027A0000C99E420C02B6C516C550CA9FC0EC02B6D
:1027B0003C06890645188C0BA10BE800C0001006EA
:1027C00000081E859095A10B641002F074F89E2BF2
:1027D0008C0B6FFC8E65A18B6C3D0C390290402BED
:1027E0003C48EC04EC0404A06C390C5981C1402B2A
:1027F000A8338908608C083464200660A053C06D3B
:10280000C6570545124402C151CDFA80F0945412C6
:10281000790046A1F0A4562282258CB66C510C9901
:102820000A54402BC297FA80925301D56C550C493B
:1028300081C1402B6C390C59C247C02B92432053A5
:102840000E70C65782316C04F6B5A17B98F18101F8
:10285000F27C0C0CC1C3DD936C510039824B402BD0
:102860006C4900290019C02BC02B6C41C1C38725BE
:10287000FA04040CEC301EF08101007B826B7C0EAC
:1028800002F03E0E7E98E4208E0B6FFC8415A10BA7
:10289000641002F041188E0BA10BE800FC04823595
:1028A000401ABE140002E682180EEFFC98F1810176
:1028B000F2040C0CC1C3DD936C550039824B402BE4
:1028C0006C4D00290019C02BC02B6C45C1C381255C
:1028D000FA00040C8285A13BE50A401AE00E400A8A
:1028E000EFFC00028101100EF2000C0C0029DD93B8
:1028F000402B6C1DE00842566FF45288E0084C569D
:102900000C06A30B8C0BC000F2000C0CC1C3DD93B2
:10291000FA045E65EC100CF0741C5E60BC6E88619D
:10292000FE8003FCF804170CEC301EF081938183C9
:1029300041C6C183432661488004E00C41860016ED
:102940008004E148021480188016FC9CEFE07E08A9
:102950006F9C72C8C1C38101FA00004C614841C636
:10296000E00C433600168004601100060004C0200D
:10297000E148438680188404FC9C02147C7880160D
:102980007138EFE081016F9CFA00004C614841C64C
:10299000E00C434600168004601100060004C020CD
:1029A000E148438680188404FC9C02147AF880165F
:1029B0006FB8EFE081016F9CFA00004C614841C69E
:1029C000E00C437600168004601100060004C0206D
:1029D000E148438680188404FC9C021479788016B0
:1029E0006E38EFE081016F9CFA00004C614841C6EF
:1029F000E00C439600168004601100060004C0201D
:102A0000E148438680188404FC9C021477F8801601
:102A10006CB8EFE081016F9CFA00004C614841C640
:102A2000E00C43A600168004601100060004C020DC
:102A3000E148438680188404FC9C02147678801652
:102A40006B38EFE081016F9CFA00004C614841C691
:102A5000E00C43E600168004601100060004C0206C
:102A6000E148438680188404FC9C021474F88016A4
:102A700069B8EFE081016F9CFA00004CE2C0002CC5
:102A8000614841C6E00C43F600168004E1484186E7
:102A900080188004FC9C0214739880166858EFE03C
:102AA00081016F9CFA1C040CEC301EF06FF844C8D6
:102AB000807B806B9625A17B819105016C1D4C016B
:102AC0000006402B009EE194641D106066D8C0AFE4
:102AD000A10BEFE88701826543F8A0064438EFF8C0
:102AE0007158EFF86678EFE00111EFE8EE10450657
:102AF0006F9C7B6800068C0B81116FDC6F9C7B08E0
:102B0000E00044C6600C00864C058B11C00E60CD01
:102B100060D14C054C05C00E400E60D5E03C4086AF
:102B200060D94C050006400EC07D600160DD4C158B
:102B30008311400E6D494C0501E6400A4C11E050EE
:102B4000402C6E91E400020667394C034016401693
:102B50004C13E0004016673D600902764C03C0202C
:102B6000C0156E018305849661940006641C106094
:102B70008014C0AF8311231B6C1D4C110206402B27
:102B80004015C0004498C00018F0EFE48C0B6410AE
:102B9000E8105EE8A10BBE04FC94825580E5A19B81
:102BA000E13401468004800488B5A30B680C5DA85D
:102BB00020288C0BE00810B6600802B67C588C0BFD
:102BC0004B58EFF08C0B6838680450C8A18B8C0B05
:102BD0006FF47C489C005000EFF47C68EFE069885B
:102BE000831101016FE45408100B8C2B0C0C98F12D
:102BF000DD93F21C680C7908008B8C0BA18B8C0B7D
:102C00004C788085FBE5EFF4E8145E08A18B808B9F
:102C10007918F6358C0B6FF4E80044488AA5A17B3F
:102C20006FF44B8842F88C0B8C0B6FF46FDC014611
:102C3000E00442468311421E434602164015E01C42
:102C40005098F80846F8EFE48C0B6800614C00C619
:102C5000000497110016A39BE14C00469D1100044F
:102C600082758016680C7348008B8C0B45F88C0BB2
:102C7000A18BE8388145EA55683845A80C0B8C0BC8
:102C800059D88E1B8E2B6FE8A18B808B0111E6D556
:102C900003319F214FB88C0B7375E834C1C3808B0F
:102CA000612000C680048111010600168004E12025
:102CB000014600168004E120018600168004E12010
:102CC00001C600168004E120400600168004E120C1
:102CD000404600168004E120408600168004E12072
:102CE00040C600168004E120410600168004E12061
:102CF000414600168004E120418600168004E12050
:102D000041C600168004E120000600168004E1247C
:102D1000004600168004E124008600168004E124A9
:102D2000DD93801662650009024640150414E14CEB
:102D30008809813144208428202FF3ECE134408637
:102D40008311042600168004E134404600168004F6
:102D5000E14C0106883680248816802400368004E1
:102D6000E134400600168004E14C0086430600046E
:102D70008016E000C1C3DD936805001B002BC00A6C
:102D8000C00A68016815003B004BC00A400A680988
:102D9000002BE017400A680D005BA41F400A681171
:102DA000801EE037282FE027822EAA3FDD93C03E09
:102DB000FA045E65EC100CF0741C5E60BC6E8861F9
:102DC000FE8407FCF804170CEC501EF081938183FD
:102DD0000161C183E03C41F66FA067A80106811143
:102DE0004F066198001AE14CE138440688449C344F
:102DF000001CC2194601A101402B6C1D1016831145
:102E00008804831141F600666618E03C7638EFA02E
:102E10001C04E8144D188111A8F1E808F0041F0CF7
:102E2000F6840FFCFD64BCF4C1C3C153FA045E65B3
:102E3000EC100CF0741C5E60BC6E8861FE8003FCBC
:102E4000F804170CEC301EF0819381830106C183D6
:102E500045066198001AE14CE13846868C54884456
:102E6000001CC4194801A301402B6C1D14168311CA
:102E70008C0481118804801667CD0019C819C02DF3
:102E800067CD40118311402DE80849881F0C98F147
:102E90000BFCF004BCF4F680C153FD64FA045E65DB
:102EA000EC100CF0741C5E60BC6E8861FE8407FC44
:102EB000F804170CEC501EF08193818341F6C18316
:102EC0008111603CEFA06048614C4D069804A5114B
:102ED0006C1D40118511402BE8084708E1384F462A
:102EE00080189C04E080420A0106864545066198E8
:102EF000801AE138C81988348C08801C8C06C209F5
:102F000080188804F3F8421098048016E834772873
:102F1000022618044518E0109C04E808400A8008BE
:102F200084C5E08461980106E13845068834801A3A
:102F3000801CD019C4098C0888048C0642108018A3
:102F40000016F3F4E02002264378980441F6E808DE
:102F50008311603CEFA05BC81F0CA8F10FFCF004CC
:102F6000BCF4F684C153FD64FA045E65EC100CF009
:102F7000741C5E60BC6E8861FE8407FCF804170C4C
:102F8000EC501EF08193818341F6C1838111603C36
:102F9000EFA059E8614C4D069804A7116C1D401133
:102FA0008711402BE80840A8E13C0E4680189C049D
:102FB000E080420A010684E504066198801AE13C3B
:102FC000E01988348C08801C8C06C209801888049B
:102FD000F3F84210023600169804E010E8047EE888
:102FE00080189C04E084420A010686050406619864
:102FF000801AE13C02148834801CFC94C4098C08BB
:1030000088048C06421080180016F3F4E020023683
:103010007D3898049C04E804400A80088A05E0880A
:1030200061980106E13C04068834801AFC98021479
:103030008C08801C8C06C80980188804F3EC4210A8
:1030400041C600168004E138421080188016F3EC67
:10305000001B9804C0156E09FC9802146E094013F9
:10306000023640157A98E0407518E80441F6EFDC26
:103070008311603CEFA052C81F0CA8F10FFCF004B4
:10308000BCF4F684C153FD64FA045E65EC100CF0E8
:10309000741C5E60BC6E8861FE8407FCF804170C2B
:1030A000EC501EF08193818341F6C1838111603C15
:1030B000EFA050E8614C4D069804A9116C1D401119
:1030C0008911402BE80477A8E13C0F0680189C0486
:1030D000E080420A010686A504C66198801AE13C98
:1030E00002148834801CFC9CC2098C0888048C065D
:1030F000421080180016F3F8E010024675D89804C4
:103100001804E804E00C4296E8044C6880189C041B
:10311000E084420A010686A504C66198801AE13C53
:1031200002148834801CFCA0C4098C0888048C0616
:10313000421080180016F3F4E00C42A64AB8980436
:103140001804E804E0200246E804738880189C0410
:10315000E088420A010686A504C66198801AE13C0F
:1031600002148834801CFCA4C8098C0888048C06CE
:10317000421080180016F3ECE00C42B648B89804F0
:103180001804E804E0400246E804718880189C04B2
:10319000E08C420A010686A504C66198801AE13CCB
:1031A00002148834801CFCA8D0098C0888048C0682
:1031B000421080180016F3DCE08002466FD89804B5
:1031C0001804E804E00C42C6E804466880189C0431
:1031D000E090420A010686A504C66198801AE13C87
:1031E00002148834801CFCACE0098C0888048C062E
:1031F000421080180016F3BCE10002466DD8980416
:103200001804E804E00C42D6E804446880189C04E2
:10321000E094420A010686C504C66198801AE13C22
:1032200002148834801CFCB000048C088C06FC94CA
:1032300080188804F37C4210024600169804E200CD
:10324000E8046BC842E618044258E00C9C04E80409
:10325000420A801886C5E09861980106E13C04C6E0
:103260008834801AFCB402148C08801CFC9800047A
:1032700088048C06421080180016F2FCE400024616
:1032800069B898041804E804E00C42F6E8044048E1
:1032900000009C04820DFF1100C686B58014E13C3D
:1032A000042484288426FC9C80188004F1FC4210AD
:1032B00003060016842AE19804249804042CFCB820
:1032C000E8000246E80467A8430618047F98E00C6B
:1032D00041F6E8008311603CEF9C7FA81F0CA8F129
:1032E0000FFCF004BCF4F684C153FD64FA045E657F
:1032F000EC100CF0741C5E60BC6E8861FE8407FCF0
:10330000F804170CEC501EF0819381830161C18396
:10331000E03C41F66F9C7DC84F0681110306614C6D
:103320001C04E198E13C4646AB41042A40418C54E0
:10333000C02B6C1D7CBC0024040C832194268B11B3
:1033400080668C0463989C049C04E804EFE05C486D
:10335000603C41F67BB88311A8F1EF9CF0041F0C90
:10336000F6840FFCFD64BCF4C1C3C153FA045E656E
:10337000EC100CF0741C5E60BC6E8861FE8C07FC67
:10338000F804170CEC401EF0819381830161C18326
:10339000E03C41F66F9C79C84F068111AD01614C4C
:1033A00083811C146C1D42018301402BEFE45D6896
:1033B000E13C41C60486801480048D119C04806623
:1033C000E8045FC8603C41F678188311A0F1EF9CD7
:1033D000F0041F0CF68C0FFCFD64BCF4C1C3C15398
:1033E000FA045E65EC100CF0741C5E60BC6E8861C3
:1033F000FE8407FCF804170CEC501EF081938183C7
:1034000041F6C1838111603C6F9C76284F06816133
:10341000AF01614C42019C14402B6C1D59D88101B5
:103420001C04EFE45C988F110006E8048018EFDCC0
:10343000F8C0020A801880E5F0C04210E080020A5D
:103440009C1482B56C150219420AC02B0019E08445
:103450008018C070F3DC42109C0480166C150019B3
:10346000420AC02B8445E08468045A88E010027642
:1034700053B89C049C04EFE46E09001B4210C01575
:10348000C0FD73FD6E0940130146C01583116140F4
:103490000016800400668311E03C41F6EF9C7188C1
:1034A0001F0CA8F10FFCF004BCF4F684C153FD64BA
:1034B000FA045E65EC100CF0741C5E60BC6E8861F2
:1034C000FE8003FCF804170CEC301EF0819381831E
:1034D000001CC1834000E2C002067F00840EE19C14
:1034E000E340001C614C4106E14042C6B13100049A
:1034F000834104246C1D40310846C02B8414812173
:1035000091110426E80455A81F0C98F10BFCF00457
:10351000BCF4F680C153FD64FA045E65EC100CF057
:10352000741C5E60BC6E8861FE8407FCF804170C96
:10353000EC501EF081938183001CC1834000E2C0E7
:1035400002067F00840EE19CE340001C614C4F06A4
:10355000E13442C6B3211C044DC604144021E19855
:10356000C02B6C1D18168418527893119808E80423
:1035700082E5A70B84A5A30B8665A50B8855A10B37
:1035800002961C045198E010C183E8048385C1139E
:1035900002961C045118E080C183E8048305C71318
:1035A00002961C045098E020C183E8048185C3136F
:1035B00002961C045018E040C183E8048101C51341
:1035C0000046980683116144812100048016A8F109
:1035D0001F0C80260FFCF004BCF4F684C153FD647C
:1035E000FA04044C68005EE8A10B806BC0001D4823
:1035F00063290C39404E402DC0106CB963210C1961
:103600000C29C02DC02D6325618408346678823969
:1036100082496F9C1BF8A10B0C39C000402D633907
:103620006CC1400E0C19C010C02D633163350C29DC
:103630000834C02D823961846F9C6528A10B8249B2
:10364000C0001AA863490C39010E402DC0106CC986
:1036500063410C190C29C02DC02D634561840834C9
:1036600063D8823982496F9C1958A10B0C3BC0006A
:10367000401669A96CD501CE0C19C010C02D635934
:10368000635D0C290834C02D823961846F9C628887
:10369000A10B8249C000180863710C3941CE402D3E
:1036A000C0106CE563610C190C29C02DC02D636539
:1036B000618408346138823982496F9C16B8A10B45
:1036C0000C39C000402D63A96D0D400E0C19C010BF
:1036D000C02D63A163A50C290834C02D82396184F3
:1036E0006F9C5FE8A10B8249C000156863D90C3953
:1036F000400E402DC0106D1563D10C190C29C02D42
:10370000C02D63D5618408345E98823982496F9CEC
:103710001418A10B0C39C000402D64096D1D014E19
:103720000C19C010C02D640164050C290834C02D8B
:10373000823961846F9C5D48A10B8249C00012C828
:1037400064390C39404E402DC0106D2964310C197C
:103750000C29C02DC02D64355C188239864B6F9CB6
:103760001198A10B0C39C000402D64696D3100CE59
:103770000C19C010C02D646164650C290834C02D7B
:10378000823961846F9C5AC8A10B8249C0001048DD
:103790006F9C614841F681018311603CEF9C598820
:1037A00063290C0903C6402D8414E1388209C70738
:1037B000424604060C09E138C02D6339C70784145A
:1037C00004068209E13840C60C298014C02D6349E3
:1037D000C927843846308229A43FF3F88004843610
:1037E00063490C198028C02D8419C917F3F44420AB
:1037F0000026A22FE13841C60C2B8014C01669A9FF
:10380000CB27843846308229A43FF3F880148436CD
:1038100069A90C2B8438C0168429CB27F3F44630D1
:103820008436A43F0C1B8004C01669A9CB178028DE
:1038300044208819A22FF3EC008600260C19E13CE5
:10384000C02D636900168004E13C014664E10C155B
:103850008004C00B0186001E0C15E13CC00B64E522
:10386000001E8004E13C03C663A90C098414C02D2A
:103870008209C507420604060C09E13CC02D63A974
:10388000C707841404068209E13C40C664ED0C15A8
:103890008004C00B4106001E0C15E13CC00B64F116
:1038A000001E8004E13C434663D90C098414C02DFA
:1038B0008209C507438604060C09E13CC02D63D983
:1038C000C707841404068209E140004664F90C1518
:1038D0008004C00B0086001E0C15E140C00B64FD87
:1038E000001E8004E14002C664090C098414C02D46
:1038F0008209C507030604060C09E140C02D6409CE
:10390000C707841404068209E14001C665050C1549
:103910008004C00B4006001E0C15E140C00B650979
:10392000001E8004E140424664390C098414C02D15
:103930008209C507428604060C09E140C02D64399E
:10394000C707841404068209E140414665110C153D
:103950008004C00B4186001E0C15E140C00B6515AC
:10396000001E8004E14043C664690C098414C02D24
:103970008209C507020604060C09E144C02D6469EA
:10398000C707841404068209E134014680048004D8
:103990008455BF0B6C1D0C290EA6402B02A6E00817
:1039A0008C0B6008EFEC4D280E06A30B8E0BC000AD
:1039B000F2040C4C8101DD93F2040C4CC1C3DD9385
:1039C000FA00040C0C09806BC02D632163250C19CF
:1039D0004CD8C02DA10BEF9C0C099435C02D633140
:1039E00063350C194C38C02DA10BEF9C0C0990F5D8
:1039F000C02D634163450C194B98C02DA10BEF9C62
:103A00000C098EB5C02D6359635D0C194AF8C02DA1
:103A1000A10BEF9C0C098C75C02D636163650C19BB
:103A20004A58C02DA10BEF9C0C098A35C02D63A10B
:103A300063A50C1949B8C02DA10BEF9C0C0986F5A4
:103A4000C02D63D163D50C194918C02DA10BEF9C73
:103A50000C0984B5C02D640164050C194878C02D8B
:103A6000A10BEF9C0C098275C02D643164350C19D3
:103A700047D8C02DA10BEF9C0C0C8085DD93F20084
:103A800064610C090C19C02DC02D6465F2000C0C8A
:103A9000FF9C06E8FA80000C6C1D00294558C02BDD
:103AA000A30BEFEC41F682558111603CEF9C41087D
:103AB000F280080CFFD822C8F280080CC1C3DD9345
:103AC000FA0C040C0C0B806BC0156E09E080400AE8
:103AD0000C298235402B6C1D0C0C8C0B0358F20CFE
:103AE0000FC6FFEC0E09EFDCC209F810F8104E010A
:103AF0006C210C09A70BC02B42368CF58C0B600097
:103B0000E8005B886004424658F883218C0B6830DB
:103B100081811C08F3F840009C089C06F3F44000E7
:103B20004E819C060C0BE030C0156E0973FD400001
:103B30004C03C0FD40156E097F588C0B7B18E81CA8
:103B40008C0B6FE8614400C6E000424600868004AA
:103B5000E14401860086800458B88C0B0C0CE80008
:103B60001D58F20C4256FFD88C0B6000E800582814
:103B70006E090C0B02064015FFC06001FC980004A2
:103B80006E094C0341C64015C02072FD020F80042F
:103B900072C102060004C020040EFCC472C10206F9
:103BA0008C0BC020F20C0C0CFFD81BC8FA00040CC4
:103BB0008225A11B6F9878C8400683110C0CFA026D
:103BC000DD93F2007A024C06E03C41F66F987808EB
:103BD0008C0B8111F2000C0CC1C3DD93FA7C044CF8
:103BE0001206006B14C6E008574661141086E110F7
:103BF0008101613C817109956C1D4C918C0B402BAE
:103C0000E80044881415A10B0219C0008E75C0008D
:103C1000680048C828148C0B8418A10B420A8C95A4
:103C20008C25E0848E1B0C0BE8004D08E0C8000AD0
:103C30005CD88AB52C04E81C8321811195110016EB
:103C400068304F482C048C0B801683118008A80420
:103C5000E084404A40001605C0000206C000401142
:103C60008018A004F3DC4210A004801642108018D3
:103C70000016F3BCE11000C6801880040016C219BB
:103C8000E0004126E87D82710C4CEE05DD93F27C6C
:103C9000FA0C040C6FEC7B080E16806B42C66008B1
:103CA0004C71E010402B6C1D4BF881218C0B68305F
:103CB000614400C6E1245086A01480048438802822
:103CC000E080464A444A8465FE25E08CEFEC7A4861
:103CD0006C1D0C290216402B7378E0088C0B6FE8E2
:103CE0008095A30BE830510850D88195A004E830A6
:103CF000400A800880D5E0848E0B8171F20C0C0C98
:103D00007898DD930C29EFEC402B6C1DE0080E2613
:103D10006008022671988C0BA30BEFE8C0000E061A
:103D20000C0C8E0BDD93F20CFA0C040C6FEC764845
:103D30000026806B428660084C01E03C402B6C1DE5
:103D4000473881218C0B6830614400C6E12450461D
:103D5000A014800484388028E080464A444A84A520
:103D6000FE25E08CEFEC75886C1D0C290E46402B6F
:103D70000246E0088C0B6008EFE86E888095A30B84
:103D8000E8304C284BF88375A004E830400A8008DE
:103D900082E5E084EFEC74086C1D0C290E56402B74
:103DA0000256E0088C0B6008EFE86D088045A30B15
:103DB000008681718004E13CD01980188E0B0016BA
:103DC000F20C0C0CC1C3DD93FA1C044C806B027B1B
:103DD000EFEC712860080036E00442266C1D4C01AF
:103DE0008121402B6830422800C68C0B52C66144AA
:103DF0008004E1248028A414464A843884A5E08005
:103E0000E08C444A7078FE250C29EFEC402B6C1DA9
:103E1000E00810666008026669788C0BA30BEFE877
:103E20004718809581E5E830E83046E88008A4042A
:103E3000E084400A100600E5697D8000E00051261C
:103E4000900B80A5F21C0C4C6E58DD930C29EFEC06
:103E5000402B6C1DE0080E766008027667588C0BCC
:103E6000A30BEFE8C0000E060C4C8E0BDD93F21C8A
:103E70006FA50025A12BC00B9A005C08E06C020A1C
:103E800004CD00259AA580050025A51B800B0A0DF1
:103E9000840404200A0D402598C5800B0025A71B2B
:103EA000800B0A15840404200A1540259685800B92
:103EB0000025A91B800B0A11840404200A11402547
:103EC0009445800B0025AB1B800B0A198404042049
:103ED0000A1940259205800B0025AD1B800B0A1D99
:103EE000840404200A1D40258EC5800B0025AF1BCD
:103EF000800B0A21840404200A2140258C85800B34
:103F00000025B11B800B0A25840404200A254025C6
:103F10008A45800B0025B31B800B0A2984040420EA
:103F20000A2940258805800B86C5B51B0025B71BCF
:103F3000800B0A2D840404200A2D40258485800BE3
:103F40000025A31B800B0A09840404200A094025CC
:103F50008245800BFC044410E074040A832180B580
:103F60006A3140250025C00B400B6A016401060040
:103F7000C627C0BA448604334615E0004206E03442
:103F80004615FC060015E038C00B6A01441A821180
:103F90004015E10AC00B6A010015A12B000B0A05B0
:103FA000800004060A0140250210800B401584049D
:103FB000800B0A05C1C3DD936FA50025A12BC00BA3
:103FC0009A005C086B7500250600400BC0BB65D1EC
:103FD000E0004A868623C6274606C81E0045FC0622
:103FE000C00B6B7598214A3E4A4A82414045E11612
:103FF000C00B6B750035A15B000B0B7980000806C8
:104000000B7540450630800B40358404000B0B795E
:10401000F024020A020A98A588C5F004F008020AF2
:10402000020A9A658A85F00CF010020A020A9C25A1
:104030009E45F014F018020A020A8AE58E05F01C6B
:10404000F020020A020A90255C08F0000015DA0050
:10405000C00B6CBD821188246CBD40154025C00B7F
:10406000C00B6CE50015DD93C00B6CC140158211CF
:10407000C00B6CC140158814C00B6CE90015DD93B2
:10408000C00B6CC940158211C00B6CC94015881457
:10409000C00B6CF10015DD93C00B6CD58211882428
:1040A0006CD540154025C00BC00B6CFD0015DD9391
:1040B000C00B6CD940158211C00B6CD94015881407
:1040C000C00B6D010015DD93C00B6CDD82118824DF
:1040D0006CDD40154025C00BC00B6D050015DD9350
:1040E000C00B6CE140158211C00B6CE140158814C7
:1040F000C00B6D090015DD93C00B6CC582118824BF
:104100006CC540154025C00BC00B6CED0015DD9350
:10411000C00B6CCD821188246CCD40154025C00B9E
:10412000C00B6CF50035DD93400B6CD16015020AB5
:104130008231C0086CD140358834C00B6CF94035F1
:104140008445C00B6015020A5C08C0040015DA0043
:10415000C00B6D0D821188246D0D40154025C00BDC
:10416000C00B6D150015DD93C00B6D11401582114C
:10417000C00B6D1140158814C00B6D19C1C3DD93C0
:104180006FA50025A12BC00B9A005C086D1D0035A2
:104190000800400BC0BD64716D250025C637C00BFB
:1041A000864302216D254025A921400B4206D21EDF
:1041B0004815FC060015E010C00B6D1D441A821155
:1041C0004015E10AC00B6D1D0015A12B000B0D2140
:1041D000800004060D1D40250210800B401584044C
:1041E000800B0D21C1C3DD93FA04044C0C05806BD8
:1041F000C00B6FA58AA5A10B6DE90C05A921400B89
:10420000668A440AE0880604F08C4E6200208C2303
:1042100040BD67C17C38A9214006EF904E05FC06E1
:10422000C00B6DC96DE90C058201C00B6DE94C0531
:10423000004A400B0C05F81C400B0DEDC0000206B7
:104240000DE94C150000C00B4C05C404C00B0DED6E
:10425000F2040C4CC1C3DD936FA50025A12BC00B4C
:104260009A005C086EB10025863AC00BF008024B3C
:104270001824065A041AE08C00C3C427585380231C
:10428000C0176D7D6D7958135833C017C0176D7501
:104290006D7158434206C0174415FC06C00B6E9161
:1042A0006EB100158211C00B6EB14015024A400B71
:1042B0000015F81C400B0EB5C00004060EB14025D9
:1042C0000210C00B4015C404C00B0EB5C1C3DD9372
:1042D0006FA50025A12BC00B9A005C086F19002563
:1042E000C634C00B609008240043C427483580239F
:1042F000C00B6F2D4835C434C00B6F294835863448
:10430000C00B6F2548158414C00B6F21FC064206B4
:104310006EF944150015C00BC00B6F1940158211C2
:10432000400B6F19F81C024A0F1D00150406400BC4
:104330004025C000C00B0F19C40402100F1D40150A
:10434000DD93C00BFA0C040C614C4D06E19803465A
:10435000812118046E104706E1000AC60386040C8A
:10436000042EE198E19803C60286042E4025E1A4BC
:10437000400B6FA9E10000460486001E083EE100E4
:1043800066A108100210C0BF40B967F1E100050640
:10439000944E98047878881E1804EFF04071B57137
:1043A000C02B6C1DEFF44EA842C61804840EE19891
:1043B000E82C4B6845861814880EE198682C4B4809
:1043C0004286820B040EE198E03C41F66F94780837
:1043D000001C81115006E2C0C00061990046200E09
:1043E0006818E19CA004EF94E340001C603C41F697
:1043F00076D8831183816F9443861804C480601536
:1044000069FD40150396400BD98463096C1D40710A
:104410004015C02BC00B6FA16FA540854058C00B45
:104420009804E800C1C3FFD5FA0C040C41F6007BE8
:1044300074D8E03C81116F94090181614E01B7117C
:10444000402B6C194E118E0B402B6C1D5118831193
:104450000E0BEFFCC0156E09E098404A0E1982E57C
:10446000C02B64C58AF5A71BEFDC0206420A84183C
:104470008A25E080E080400A051188C54F988E0BA0
:1044800059D8EFFCA10BE80859F880B58E0B6808E5
:104490000E0B806B40156E0940008311C0FF72FD4A
:1044A0006E094E0341F640157118E03CA16BEF9484
:1044B0000711A4D54DD88E0B5BD8EFFC8E0B6FD4B3
:1044C000806B11E58E0B0911EFFC4D4864D50E0988
:1044D000A70BC02B100692D5A008EFDCF8C0000A8D
:1044E000A00880E5F0C04000E080000A0E0B905567
:1044F000C0156E09E080400A0E098E05C02B6C21A4
:104500008C75A70B404AA0088AE5E08C8E0B1B1126
:10451000EFFC4B086FD47FE81D118E0B4A988E0B71
:104520007A78EFFC8E0B681864CD0E05E214C00596
:1045300086E5C20DC809A0088E0B2006E8187D8804
:104540006E090E0B83114015FC9800046E094E0392
:1045500041F640156BB8E03C0B11EF9448988E0B78
:104560007B98EFFC8155E8088E0B1F11EFFC482863
:10457000603C41F66AB883110E09EF94C02B6C11B0
:10458000E098404A11118A8547388E0B0E05EFFCE2
:10459000C00E60F5400685054E05FC06400E60FD28
:1045A00069B88E0B5118E8088E0B6808FC064006A7
:1045B00060F90E250E15C00EC00E60F561014E05A6
:1045C0008221C00E60F94E250010400E4E05EC040D
:1045D000C00E60F5F815A10BC313C183603C41F612
:1045E000675883110064EF940C0CFA80DD93F20C91
:1045F0006C194011DD93C02B6E0D0019A31BC03642
:10460000DA005C0863110019A31BC038002B82F587
:1046100040156E09E14C03C644208414C0FF72F1BA
:104620006E09402307D8C015DD93FFD4FA84040C2B
:104630004106006B0004E11483218371C4198018C2
:10464000410600160004E12800768511E1284006A5
:10465000007680047E988C0B4046E828BD116128C6
:10466000832100048C0B0076F2840C0CE0283DE8DA
:10467000FA7C044C4186008B0004E1280311827B04
:104680005672866B154670888016E13440868D25FB
:10469000831161288121000441C600768004E1284D
:1046A000020600167C18E010900B6828614400C6D2
:1046B000E12C0246841480048038A824A14B84484D
:1046C000884480858475A54BE08C460A88348085B3
:1046D000FC95A53B6C1D102902C6402B6358E008D1
:1046E000900B6FE4E00812C68CD5A10B612C0086FC
:1046F000000481118004812141C6180E8004E12844
:10470000020600167918E010900B6828614400C674
:10471000E12C0246841480048038A824A34B8448EA
:10472000884480858475A74BE08C460A8834808550
:10473000FC95A73B6C1D102902C6402B6058E00871
:10474000900B6FE4E00812C680D5A10B827108615E
:10475000E6C5D67D920B8191F27C0C4CC1C3DD93F2
:10476000FA00040C61284246041481610466832126
:1047700075B883114006E8288004E12841060066E8
:104780008004E114421080188016F3F4F2000C0C3F
:10479000C1C3DD93E0180015E05000256127E01744
:1047A000700142104025C300C0096E09E050002589
:1047B000FB8004240406241FC3C060016E0D401555
:1047C0000015C009ED17E054F3F0421068414011A4
:1047D0000015C027DD17E054F3F042106845401182
:1047E0000015C0274011E058C0386315E058001587
:1047F0000406041FC30060018121051B80000226FE
:1048000003154011020000388395E57088210434B7
:10481000C63BF137621142318434C027C63BE137D1
:10482000621542318434C027C63BD1376219423108
:10483000C534C0274231C63BC027620D6061048A7F
:10484000F8B5C00165D1020081214001463B837566
:1048500042318821C0266D71E13784344231C63B34
:10486000C0266D75D13784344231C63BC0266D7980
:10487000C63BC5346D6D42310434C026E040048A25
:10488000F13778F5680140310015C027E117E18460
:10489000680540110015C027F117E1886811401123
:1048A0000015C027E117E188681540110015C027E1
:1048B000FF17E18C67F140110015C027F117E18C5B
:1048C000F0FC421067E140110015C0270025E18C83
:1048D000E917E18C9E194727A41FA02967ED401115
:1048E0000015C0270025E18CE117E18C9E194527B2
:1048F000A41FA02967E940110015C0270025E18CFD
:10490000D117E18C44203E19241FF080E0040406F6
:1049100067E540110015C0274015E190C00A6EE917
:10492000E1FC00154013E117C0136C29E1FC0015F0
:104930006C2D40130015C013D117E20068654011BB
:104940000015C0274011E200C0276869E204001585
:104950004011F117C027686DE20400154011E117FE
:10496000C0276871E20400154011D117C02768758F
:10497000E2040015687940110015C027F117E2081C
:10498000687D401102004027C002643145348175C2
:10499000EC0404206C294235A12BC0090200FE352D
:1049A0004003643181B58121842104344233E137ED
:1049B000C01368594233C534C0136855E500048AF2
:1049C0000200FC954003673181758921042045343C
:1049D0004235EC04C00A6B1DFE35A12B6771000047
:1049E0009311400341248175EC040210603D402581
:1049F000A11BC0055D93FE35C1C38101FA00040C03
:104A0000EF4C022980B5A12BEF3C02299625A12B62
:104A1000F931012181510741585283854C52780C5C
:104A200082C3F890FC1818C991C1582F440A81B567
:104A3000C227609C73F9442018C040014420EC0454
:104A4000A1CBD8748251FCB5E1400A0A0706F8F5FB
:104A5000040A61380C34FBFC9FF8059EFA8004249C
:104A600002398C2E872BEF4C074680F58C34E134CD
:104A7000AF3B8C34021986F5832BEF3C034680F55F
:104A80008414E134AF1B8414024684B50CE66194AF
:104A90008638E0086C1D00298466C02BF3F0463090
:104AA0000636C439E00802E6EFE445088255A10B5A
:104AB000005681858018E194F3F042108016C219E7
:104AC0008C0B8161F2000C0CC1C3DD93FA00040C65
:104AD0000206006B4DF8E2805A98E82C8C0B6FFCB4
:104AE00045F601110C0BE00C5C388C3BA10BEFFC84
:104AF000637882D58C0B6FFC8C1B0C0BEFFC780859
:104B000080B5A10B6FFC648881018C0BF2000C0C4A
:104B1000C1C3DD93FA0C040CB911006B682C4BC8AF
:104B2000E4100E60812129118E3B0C0BEFFC5A28FA
:104B3000A17B807B615880C58C0B6FFCE0001E0858
:104B4000642010600921851159388C0B903B6FFC53
:104B50008C0B007BEFFC60681D18A17B2014C0004B
:104B6000E1080E0604149C04D11761C07A80061473
:104B7000FA800424A1391F2968005C681C0489118B
:104B8000E114034684148008830B8418C0001AE8DB
:104B9000E1340146800480041A78A90B5A1480007D
:104BA000E1444F0604149C04F11761C07A80062486
:104BB000F87C4410788046305A588B111C04E80069
:104BC000E14842C684148008830B8418C00018E8AA
:104BD0004F465A149C04E14461A00414FA80021464
:104BE0007A800424F88046108B113F29E80058C8C9
:104BF00043061C048008E148841884141758830B6A
:104C00000C45C000028660108404E148E1E00444E1
:104C100044200038C43DFBFCE14780D5FA800444C1
:104C20008065C53D84048026038600088414E1481D
:104C3000830B8418C00015A8E0100C05E0B8400AEA
:104C400002468485D5076148860904240404880641
:104C5000E14803C684148008CB178418830B861997
:104C6000C0001448E0100C05E0B4400A0206848538
:104C7000D10761488609042404048806E14803C674
:104C800084148008C7178418830B8619C00012E8A3
:104C9000E0100C05E0B0400A43C684458E0961442B
:104CA0008806842403C604048008E1488418841418
:104CB000830B8E19C00011A8E0100C05E094400A87
:104CC00042068405C707610886090424040488068F
:104CD000E114038684148008830B8418C0001068D4
:104CE000E0140C05E0F8400A02C68445F10761486B
:104CF0009E09042404048806E148420684148008BE
:104D0000830B8418C0000F28E0140C05E0F4400A5F
:104D100003068445E90761489E09042404048806C3
:104D2000E148424684148008830B8418C0000DE8D3
:104D3000E0140C05E0F0400A03468445E1076148B1
:104D40009E09042404048806E148428684148008ED
:104D5000830B8418C0000CA8E0140C05E0B4400AD2
:104D600043868625C90761008409042446308838B3
:104D7000A03FF3F404048836E11403C684148008C9
:104D80008418C307C01FCD17E080424A0C05AAC58E
:104D9000400AE0148605E0B0610043860424C90798
:104DA00088388209F3F846308836A03F03C60404E9
:104DB0008008E11484188414C01FCB17E080424A95
:104DC0000C05A485400AE0148625E0AC610043464A
:104DD0000424C50788388409F3F446308836A03F98
:104DE00003C604048008E114C3078414C717841899
:104DF000424AC01F9E25E080E0140C05E0A8400A4E
:104E000043468605C5076100820904244630883878
:104E1000A03FF3F804048836E11403C68414800824
:104E2000C5178418424AC01F96E5E080E0140C05BF
:104E3000E0A4400A430684C58409610088388424BC
:104E4000F3F446308836A03F03C604048008E1141A
:104E500084188414424AC01F90E5E084E0140C05D5
:104E6000E0A0400A430684858209610088388424D2
:104E7000F3F846308836A03F03C604048008E114E6
:104E800084188414420AC01F8AF5E080E0180C05DB
:104E9000E0F4400A02468605EB07610487310414FA
:104EA000788C460284288609F3F044200426A62F35
:104EB000E1144206841884148619CB1784B5811B2B
:104EC000E0180C05E0071A147001400081714300DE
:104ED00061C00414FB8002146E094C25A20F400926
:104EE0006E0D4C0581B5C0096C1D0C294E66402B1A
:104EF0004266E00C8C0B600CEFE062880C0C8E0BB1
:104F0000DD93F20C69840824E9840A3418440048CB
:104F1000B85FE0840425A75BE98402448625A35B8F
:104F200086A5A55B5C08A15BC44DDA00A11B80656A
:104F3000A11B84858185863582E5A11B5C08A31BA6
:104F4000C44DDA00C74D82559A005C08DD93803667
:104F50008205C44D80D5A11BDD938026801681116A
:104F6000C74DDD93A31B8065DD93FC45FA1C044C03
:104F7000986B008BEFF875C867C10E80434640AE52
:104F80000121E00C7758900B8E3B6FF8A10B8191BB
:104F90001C1482357FFD45FE434AC03F120CE408D5
:104FA000980EE2000C4C9A9EDD93F21CFA84040CDD
:104FB00061984F061C6E806BE1000206E82866C807
:104FC0008C0B1C14E80040888C0B1C14F2840C0C15
:104FD000C1C38765FA84040C807B026B600840269D
:104FE000655002704E01C089402B6C1D6411006039
:104FF0000921C01168B881310060E81840116421AE
:10500000650102702921C089681881310060E818A3
:1050100040116471656102702121C0896778813116
:105020000060E818401164B165A102704506C089AE
:1050300089316018F2840C0CE01826A8FA7C040C64
:10504000ECF01EF082BB006B6E050C09A30BC036A2
:1050500016099675C00464A1E3FC000A0C0994A526
:1050600040386321E19C4E0A001A81810B38E00030
:10507000C0002001600C00564C01967B402B6C1D3B
:1050800066B112601460C0BF40C06521641100B0F9
:1050900002B0C01140146461662116600460C0AEA5
:1050A00040AE65A165E1187009BEC01F64C106600D
:1050B0007ECEC0AD652108607C2EC0AD65410A6022
:1050C0003E1EC0543C0E941B7F98920B8E2B6FC0DB
:1050D00063210C094E0A4038001AE19C07B8E00031
:1050E000C0002001600C0066656006604C01C0D8FD
:1050F000402B6C1D141B920B77F88E2B964B6FBCBC
:105100004E0A0DA54046E19C434660084C01E14C27
:10511000402B6C1D641104B01860C01140AE65A135
:10512000640110B00E60C010409F67616611086096
:1051300014B0C0AD401365B1679112B017BEC01076
:10514000662116600404C0AE66D102600FBEC05472
:105150006451066019BEC09E0D9E8EBB66710A60CA
:105160008B8EC0A2FECE89AE186013CEC0A364A100
:1051700008607C4EC06C6701964B3E4EBCCE9B8E49
:105180009D2E951EEFB473E8A18B808B40568875D9
:105190000A606008C0A164706C1D4C014146402B40
:1051A0001734E14C9924964B02308004401464611A
:1051B00065E10E30892EC01FFC1EFE7E9B249D14CF
:1051C000861B3E1E923B3CAEEFB07A08A18B808BD3
:1051D000A18B8A456E890C051056400A0C15C00C2F
:1051E000C00A6E8D6E910C250C35C00AC00A6E95F2
:1051F000693D4C034060400A4C13DC00400A6941A1
:10520000C00C025669454C234C33C00AC00A694998
:105210000C1D0C294998C02B100BCFE00C0CF8F199
:10522000DD93F27C60084266E14C41466C1D4C11F6
:105230000260402BC0B667010A601924C0A366E172
:105240009B3480048E2B7C2E9514BE1EBC1E934472
:1052500053B89D1417B4EFB4A18B808B9FFC30180A
:105260004E0A77A5C1C3E99CFA7C044C4106008B29
:10527000008EE198E1000206682850E80191900B49
:10528000E6D45406836117B1817109C56E19101BEC
:1052900000644015801FE8A49005A11BE1344386FB
:1052A0008428841480A5A12B801F84188CC5A11B81
:1052B000F0A44C8268810C09000AC01B410663FC03
:1052C0008014E198049480E5900B7A80E8004328EC
:1052D00068188145900B6FFC68810C090606401B1D
:1052E0000C14E138EC0404B0000A83611005E3FCFF
:1052F0001009DC28002707E55005A17BC00A6E696C
:105300008255842CE1984106900B0014EFFC6988CB
:10531000613806068C04807B029180BC84B188A130
:10532000E040120A8E0BEC95F27C0C4CC1C3DD936D
:10533000FA0C040C808B027B600840365001846BB1
:10534000402B6C1D641100700280C011406D6571AE
:105350004DD8892181316818642100700280401184
:10536000C06D652181312921E8184D2860880064CD
:10537000658002800225C06D82037C0089310C1398
:10538000611D4E250025C0014E25E04040016121F0
:10539000E0184506E080000561254E050209C001C0
:1053A0004E01E300C00464A163400209E018430613
:1053B000E686426A64A54E018283400464B10070AF
:1053C00002804011C06E6501F20C0C0CE0180A0856
:1053D000FA3C040C15C6006B1060E1A0405466D185
:1053E00065411260286EC05467610E60100BC0AE3C
:1053F0000C2B921B53188E3BA10BEFCC2824845509
:10540000121B900B54F88E3BA10BEFCC000014251F
:105410009C0040801C0042909C0046708FCC51C87C
:105420006E890C15A10B400A6E8D0C250E06400AE4
:105430000C358000C00A6E916E950C454C13C00A65
:10544000C00A693D69414C234C33C00AC00A694512
:1054500069494C438265C00A6C1D0C290E56402BCD
:105460000256E00C8C0B600CEFDC77080C0C8E0BFA
:10547000DD93F23CF87C040CEC601EF061410019F5
:1054800015C640150029E01040156145422A81B13A
:105490000029E686C0156211FA80021404000B2E62
:1054A000C066664904007E2EC058665104007C2EFA
:1054B000C06B664597C5BE2EF08C44026F410479DF
:1054C000E57DC0158B2482D5E68A483AF0904402E7
:1054D0006E410429F02DC01A544A80D58075E488A5
:1054E00082B1157569910029A52BC02B4088044411
:1054F000C0000A16D08044220891049586B5C005E4
:1055000060840444802383516D2104630454C00CDF
:10551000CF2DFA80808808449080484208910895F1
:1055200088058005825108238023C2276D2104232A
:105530008D2DC00CFB55FAA5FA8004540844CF2DDC
:1055400048428084086B9080800C0D21082382657E
:10555000C427825104258023C0056891FAA5D22D65
:105560000B24F905FCC4D5974A2A899EFE24E68EB1
:1055700060840654E088085498433EC404640433AD
:10558000FB27FB00985306291064846383617B002A
:10559000858709C5F02D9428544A80959025E48884
:1055A00018248C2286C9E1F4042498238527FB0063
:1055B0005822102412C0F1A0130AEDB0C004647583
:1055C000D52702E56D4018C0E004524660A658CACF
:1055D00089948221EC0818C0E00A449A099483D582
:1055E000190A8221C0026045600A449AC00013E68D
:1055F000402658CAC0041306589202F59F91D1B0B4
:1056000066A658CAE00452466EC118C058CAC00403
:1056100018C0E0A6D82DEC14C00004D6C0004A2162
:105620008431026182510841ECB5CF6D06B4EBA51F
:10563000C33DFA800101D0550C0CB0F1DD93F07C34
:10564000F804040C61410019FB3140156145002943
:1056500081414015E686422A6211002909F5C015EC
:10566000FA800214668A4A7A66400C005862C05872
:1056700018C9F094C0046C0118062BCB8675E08025
:105680000E798073C0156F4184A5A17BE084185406
:1056900081C118636C010C63876DC0010CC480C5A7
:1056A0008CC3E1FC83C701F5600D0D0A59F640205B
:1056B00082C5E07CE17C0CC48CC3F96718C089C743
:1056C0000053E5C84AC18241C01A6241186483850B
:1056D0000D0A61F4C003607C8CC386C9FB0018C44A
:1056E00085C776E5617D0D0AF8B5C009E17C0CC47B
:1056F0008CC3FB677D6587C7E53018C0FA800E4410
:10570000EC35C37D0C0C8101DD93F004FA9C040C94
:105710005106006B206EE198670112600315C0947A
:105720000C0B8171C01666356080404AE01000069F
:105730005C004060DC004270CFDC4B088271650E7B
:10574000E2300E0A2014FAF50C0C8C0B8115F29C39
:10575000FA04040CEC301EF00006006B4C01E00C67
:10576000402B6C1DE14C414664810E6018604099ED
:10577000C08B646104603E7EC0AE66A1066000041A
:10578000C09F6761652108600A6040A2C0A366E10E
:105790005098BCCEA10BEFC80E0602A50C298000C4
:1057A000402B6C1DE00C0E56600C02565CD88C0B26
:1057B0000E0BEFDC0C0C98F1DD93F204E104000613
:1057C0008008800482095D93FA7C040CEC301EF0A2
:1057D0008101008B6FF05EC881718111600447C642
:1057E0001005806B40096E0D656104801015C0AD19
:1057F000C00A6D496C1D50314AD8C02B809BEFC444
:1058000082C5A19B6C1D1029900B402B6FDC59E8C1
:105810000311921B5CB88C0B1575EFF07C6E927BBC
:10582000E10401466D5910158004C00A1005801E60
:10583000C00A6D596E0D10154A78C0090000EFC4FA
:10584000C0806401E1C012046FCC5548100B920B6C
:105850005C98921B100BEFCC5698921B100BEFCC60
:105860005958921B0146EFCC028661188004E1185A
:105870008424800804048806E1040386102B800831
:10588000C016673950018414402B657DE10401C6C0
:105890008321042C673D101B8004C01641C6001CE8
:1058A0008004E100C2198018004600168004E1045B
:1058B000D0198018900B001660CD10156B58C00ED3
:1058C0001009E82040386315E1041406A50B832174
:1058D0000E9110194106402C0005C1104011C00066
:1058E000891140000016A8041015900BC00E60D15D
:1058F000E82069C88F612804006683211015900B89
:10590000C00E60D5E82069281676280400B6E004A9
:105910004C58900B5075E800400E60ED5075A10B8F
:10592000C00E60E960F150758885C00E0346FC64C6
:105930000186E11883A1611880A680048008840490
:10594000409A82015003E002C0156E01EFE0534817
:10595000E11800C680A68004E8206D68EFC87D8845
:105960008C0B0311EFF0524898F10E0BF27C0C0CEB
:105970001015DD93C00E60E560DD10058211C00ECC
:1059800060E55015A10B400E50158311C00E60ED5F
:1059900060F150159685C00E83913E9EA80489053E
:1059A000421080188016F3EC8018A804F2FC421014
:1059B000A8048016421080188016F3F48018A804FA
:1059C000F3F84210A80480168321002660D1101538
:1059D000900B400EE82062A883212804900B0066FB
:1059E00060D510156218C00EA804E820900B00B610
:1059F000E80045689015A10B60E510058291400E06
:105A000060ED10158201C00E60E550058211400E58
:105A100060DD10055015C00EC00E60ED8921020139
:105A2000EED5C19D6C1D10290236402B48D8E008E8
:105A3000900B6FDCE0080E36831100AB4B78FC0452
:105A400021ABEFF03E94806B80000E061029EF151D
:105A5000402B6C1DE00802366FDC47880E36900B39
:105A600000ABE008FC048311EFF04A28806B21AB07
:105A70000E066BF510058000400E6105E118034627
:105A800060E150955095C00EC00E60E9D30D7C6466
:105A900001055095BE94C00EC1C3E9D5FA00040CAF
:105AA00060D900158121400E68205C0800C6816124
:105AB000038661448004E10080288414464A8438C7
:105AC00000C5E09080000C16E08C444A8C0BFCE58D
:105AD000F2000C0CC1C3DD93FA1C044C8101006B75
:105AE0006FF04668818181110186007B0004E11816
:105AF000E00443D66C1D4C111286402B8086E13C9D
:105B00006E0D0C05A414C0098201D9076E014C0367
:105B10008408C015F37C4000000604068014E104EC
:105B2000442084288426F3EC84288014F2FC44204A
:105B300080148426442084288426F3F4801880046A
:105B4000F3F8421041C600168004E10042108018AC
:105B50000016F3F8E104004680188004F3DC4210DC
:105B600043988016A404EFE0021480188016FC9479
:105B7000EFC86CE88E0B0311EFF041A8E11800C6E6
:105B800080868004F21C0C4CC1C3DD93FA04044CE3
:105B90004326006B0C01E004C02B65B56C1D4C1155
:105BA000400AC02B0C09E084C02B05A942868C95C5
:105BB0008418EFDC80B5A31B66E90C0985B5C02607
:105BC000F700008A0C1980D5C02666EDFCA5A11B44
:105BD000E098404A0C1980C5C02C6CFD8265A11B61
:105BE000820DFF110C198215C02666ED0465A11BFC
:105BF00080004046E094400A05A90C090260002B91
:105C000080AD05B1044102608418C09E08450C09AE
:105C10008203C027E100428684068414A10B840815
:105C2000840880A5E504008A404680958406E0004B
:105C300061004E469C048321421080188016F3DCDC
:105C400080189C040016C2194EF887118C0B68202E
:105C500083211C04C41980189911001668204E680D
:105C60009C048C0BC81980180C4C8016DD93F20430
:105C7000E10441C6801880048016C219C1C3DD93B7
:105C8000FA04044C4246007B4CF8E0048121682071
:105C900000C68161038661448004E1008028841489
:105CA000464A84388425E098E08C444A0E29FE2533
:105CB000402B6C1DE0080C866008028674588E0B21
:105CC000A30BEFD8C0000C06E82051E80C4C8C0B5D
:105CD000DD93F204FA00040C41F601616F78E03CB8
:105CE00081116F88E14441C680668004EFDC7488CE
:105CF000EFDC7728EFDC7908603C41F66E788311A1
:105D00000C0CEF8821D8F200C1C3FFC8FA00040CC4
:105D100040C6006B4C01E008C02B6C1D6D490C05A2
:105D20004C05C006C00B668566850C0565F8C00B82
:105D30000004EFC04C05FB80C00B668965390C0977
:105D40004C01C02BC02D6A35653D0C094C01C02BA0
:105D5000C02D6A39F2000C0CC1C3DD93FA00040CAB
:105D600040D6006B4C01E008402B6C1D0C059111D6
:105D7000C008695966794C050C09C00BC02B65CD6C
:105D8000EFC061286A054C010C05C02DC00B637D76
:105D9000667D4C050C0CC00BDD93F200FA0C040C74
:105DA000C417006B600840E64C018C13402B6C1D3F
:105DB0000205847BC0066D6166794C050C09C00B39
:105DC000C02C6E316D0D0C09A30B402C404A84157C
:105DD0000060E08C00AD054D05A10260006080B35D
:105DE00040AD05490591026081C5C0B3608C404A51
:105DF00065C002600060C0B380AD0545054100602C
:105E00008008C0AD91110484EFC05CE86A054C01C4
:105E1000A37B402D03890C854C85800BC00B667DD0
:105E2000F20C0C0CC1C3DD93600848F6404182318E
:105E3000C02B6C1D66710045A14BC00B067100455F
:105E4000463AC00B4035C012C00B66696669003522
:105E50000045C00BC00B666DE192463A666940355D
:105E60004021C00BC02D69D169D54011DD93C02DF3
:105E70006008430640118921C02B6C1D6A714021C6
:105E80000019C02DC02B65514015D617C00B669167
:105E90006D5100154015C006C00B669569D10019FB
:105EA000A51BC02D031184D540118121C02D6A7519
:105EB00065F500154015C00BC00B669965F9001516
:105EC0004015C00BC00B66A166B14025DD93C00B29
:105ED000681500198121402D6A7540110015C02DEB
:105EE000C00B65FD669940150200400BC0B666C147
:105EF00068150039872DC02D9A005C0878A80235F6
:105F0000024582210055F898C00B6669E692485A0E
:105F1000424586430235F810C237F810F810423572
:105F2000F810023569D50049C247C02D084B80439F
:105F3000C0146669E012463AF8104235F81002358E
:105F40004235C3370235F8100245F8880055F87815
:105F5000C00B6669E692485A844E8643C237843441
:105F60008434843E69D50049C247C02D084B804324
:105F7000C0146551E092463A8434843EC53E83376E
:105F8000C1C3F785667D00154015C00BC008694583
:105F90006A0500194011C02DC0226549C1C3DD93B7
:105FA000667D00154015C00BC0066D4D6A050019D1
:105FB0004011C02DC01B6569C1C3DD93E0280225D7
:105FC000E02C0215695D402545F640084015E02C9F
:105FD000C008696162C94023DD93C011FA9C040CBA
:105FE000808B046B608800645282827B43367080B1
:105FF0005011E008402B6C1D668100900270C06D4E
:10600000892164A06810684800908131406D6781E3
:10601000E4B0027081310921E81067A860184106D8
:10602000E4C002706682406AE02404068083853101
:10603000650100800C0CC06E2698F29CC1C3E01074
:10604000FA0C040C826B007B6CFD0E3943F6402C7D
:106050006EB8E00C85216FFC6FFC70C867F88E0B82
:106060008E0B6FFC600840A665E002704E01C0B662
:10607000402B6C1DE14C414604700004C0B66641E3
:1060800064A0086049F88C3B008BEF98E00841263B
:106090006C1D4E010070402BC08965A164C0026078
:1060A000E024040668106348900B8531F20C0C0C58
:1060B000C1C3DD93FA1C044C866B008B708852823E
:1060C0001219827B401B688110398321C02C6CFD22
:1060D000EFFC6AC86FFC6CE81219900B401B6881DA
:1060E00065D8900B8C2B6FFC600840B665E0028091
:1060F0005001C0B6402B6C1DE14C414604800004A9
:10610000C0B6664164A0087045D88E3B1229EF984E
:10611000401B6881100B806B76188E1B8C0BEFFC7C
:10612000F21C0C4CC1C3DD93613000C6E1300306A4
:10613000054600040786E13009C661304A06E130B1
:10614000584661308004E13084148414001388249C
:10615000E13040868C3488248C3484138613904438
:1061600094549044945488138A13B0C48004B0C4E7
:106170008004981382035D93FA00040C0146006BBF
:106180000004E124E12445466E090C158008C0098D
:10619000C5078824440008345518F00C8C0B68207F
:1061A0006CFD0C198121402C64B54C054C21C005B7
:1061B000C01562E162E94C214C11C015C01562EDB9
:1061C000F2000C0CC1C3DD93E1184206841884145C
:1061D000655D4011DD93C022E118420684188414E5
:1061E000657D4011DD93C01BFA00040C0046006B76
:1061F0000004E128E1184206841480044C05820161
:10620000C008694591110408EFBC7CE865494C0160
:106210000C0CC022DD93F200FA00040C0046006B67
:106220000004E128E1184206841480044C05820130
:10623000C0066D4D91110408EFBC7B686D010C190F
:106240004C01C02CC01B6569655D4C110C0CC01B5A
:10625000DD93F200FA00040C01C6006B0004E13487
:1062600080048B3165490C290C19C022C022655964
:10627000695D4C054878C0084C05EFC0400869616D
:10628000E00C43F665914C110C0CC022DD93F2003A
:10629000FA0C040C682075284278806B8C0B68001F
:1062A000668100600206406DC02063416004040600
:1062B00052D881310E60E810406D678181F5A1816F
:1062C00078400E050C298B31C01B656965790C1966
:1062D0004598C01B5D0EEFC0EC041080FC35A18B0F
:1062E000F20C0C0CC1C3DD93FA9C040C0206006B8B
:1062F0004D18E0040E60E820406E64810195A18194
:106300005D188C9B66D88C0B650EEFD4EC04108066
:10631000FE15A18B658100600406406D0131E0042B
:106320000C0C8C1B0F38F29CC1C3E01065A100005F
:1063300002064089C020631D602404060E78873160
:10634000C1C3E010650100000206406EC02061017B
:10635000624004060DB88731C1C3E010FA7C040C1A
:106360006D911EF0006BC004E13041466C6D0C294C
:1063700042C640220C39E13040226FBD4C4185417C
:1063800040226C69000481714C21822140226C6D95
:106390004C31823140226FBD64D104F00414C0023C
:1063A000E41006F095511D41818101C112C483653D
:1063B00082C17A80E112529A6696549A120CBB9B63
:1063C00010A3E20014A49283C4A7FA80FC2800B5AD
:1063D00002A5C9BECDAEFC28E230180A0060FA352D
:1063E0004090658164D102F04506C0028131602091
:1063F000E81048E86641006002F040924506E4106B
:1064000081316020E8104848613000C6E130024622
:1064100004C600040414E138663106600824C08B09
:1064200083658141700C4A4018548241A75B6084A7
:1064300062000A0C18C48EC38A737A80C4C708CE5F
:10644000FC300065F8204665FC3002C5B14BCDCE6E
:106450001EF0FA55C0046591F27C0C0CC1C3DD93AB
:10646000E1184206841884146CAD4011DD93C022FB
:10647000E1184206841884146FFD4011DD93C02298
:10648000638500154015C00BC0086B21C1C3DD93A7
:10649000638500154015C00BC0086BF5C1C3DD93C3
:1064A000FA1C044C8101008B6FE87828816181110E
:1064B0000006007B0004E110E00443166C1D50113F
:1064C0008391402B004600968004E108C219801891
:1064D000008600168004E108C21980187C98801696
:1064E0007CF8EFF8900B6FF882E5A10B6C1D10297A
:1064F0000C86402B0286E008900B6008EFD472688F
:106500000B45A30BC0000C06EFD874686FF8740835
:106510004558900B900B680061144106E0044566F5
:10652000801880040016C219E10440864356000416
:106530000096E004E118004650118004C02B6C1D49
:1065400000C600968004E118010600961019E10CBF
:10655000C02C6E5D50218004C02B6C1D00C600163F
:106560001019E10CC02C6E6500168004E10840860D
:106570006E6110198004C02C404600161019E10805
:10658000C02C6E6900168004E14441866E591019D2
:106590008004C02C417600165001E004402B6C1D95
:1065A000EFFC41F668004908031181116FF88E0B6A
:1065B0008C0BEFE8F21C0C4CC1C3DD936E810029FB
:1065C0000346402C8414E110038604260029E110C0
:1065D000C02C6E8504268414E11042C66E89002901
:1065E0008414C02C420604260029E110C02C6E51F0
:1065F00004268414E11005C66BAD00198824C02B55
:10660000F0FC421043C608160029E110C02C6EA110
:106610008426841463150019A51BC0380EA5002913
:106620000246402C0215C1140416C0004306800027
:106630000215811004268000E11402066E5500291F
:106640008414C02C028604260029E114C02C6E8D0F
:10665000842684146EA90019211BC02CE1104386E6
:106660008425842408168111E11045468816882463
:1066700063150029A52BC038030684E5832161102A
:106680008375841408168311E11045468816882402
:1066900063150029A52BC03841100306C00004066D
:1066A000C0000215050680D58824E11481258816CE
:1066B00000098426402C6E9DE11002468406841455
:1066C000C1C3DD93E11C04C608168824E11C05063D
:1066D00008168824E11C054608168824E11C058656
:1066E00008168824E11C05C608168824E11C440607
:1066F00008168824E11C444608168824E11C4486B8
:1067000008168824E11C44C608168824E11C4506A6
:1067100008168824E11C454608168824E11C458695
:1067200008168824E11C45C608168824E1200406C2
:1067300008168824E120044608168824E1200486EF
:1067400008168824E1144386840C8414C1C3DD93A5
:10675000612401C680048111DD938016FA0C040CBB
:106760000046006B0014E118E00804C66C1D4C21C3
:106770008121402B11C603710426E124E12C43063C
:106780000426841480048511A00480768C0B0026D6
:10679000E81859A8027620044C11E008C02B6C1DA3
:1067A0000C0C8076DD93F20CFA0C040C827B043B1B
:1067B000861B0121681873A8000681614346612881
:1067C0000004E12CE14404C68131041480C888240B
:1067D00084488458500A88880405E08C80080D5647
:1067E000C75745C7C44702C9A6CF0459AACF08490D
:1067F00046C2A8CF877BF81C7858FA758C0BE8182E
:10680000F20C0C0CC1C3DD930286022B4011E00890
:10681000402B6C1DF9958F11FA84040C0046007B07
:106820004E01E008402B6C1D7998826B8E0B6FFC3B
:10683000600800864E018F11402B6C1D8C2B8E0B37
:10684000F2840C0CC1C3F725FA7C044C6138114664
:106850002004806B700102560E86F7AB1246613C35
:106860000321E114801E8BA180189C04F3F44210D4
:10687000891100160016A4046D788B118C0B681812
:10688000E11416C68008AC046080400AA605990190
:106890006FA90C15A31BC00B01C6A4658004E10001
:1068A000404A80089B016084A51BA2650B11A225AC
:1068B0006BB883218C0B6818E11040468008800477
:1068C0006090404A9E859F016FA90C15A71BC00BC5
:1068D00024049CE583218B118C0B00A6E8186A68C0
:1068E0008008AC046080404A9A45A1016FA90C154C
:1068F000A91BC00B01C698A58004E100400A8008CE
:10690000A30160842B1B96A5E10015C60B119625EB
:1069100068B883218C0B6818E11040468008800419
:106920006090404A9285A5016FA90C15AF1BC00B62
:10693000240490E5832185118B110016681867687F
:10694000AC048C0B404A8008A70160800C158E2592
:10695000400B6FA9E11044468C45B11B8008A80488
:106960006084400A8A85A9018A45B31B61004106FB
:106970008004851188048016404A80089D0160903B
:106980000C1586E5C00B6FA98645AD1B81B12404AB
:1069900083210B11E1105446410600B68004E1103A
:1069A0008C0B00B6E81864288008A8046090404A60
:1069B00080C597016FA90C15B51BC00B20148295DB
:1069C000700104760604F7AB80BB7A804C35842EC8
:1069D000C00B6FA9611041060004831100168321CA
:1069E000E100410681110004911100160016A40473
:1069F00061B88D118C0B681802662004F7AB70012A
:106A00009C04801EC41980189C14801644008408BD
:106A100000B47C408426FA80F27C0C4CC1C3DD9328
:106A2000FA7C040CEC501EF0613853062404806B91
:106A3000E00402066C1D4C1154C6402B5106E1388F
:106A40008018E1348016C2198018A404F3F84210AB
:106A5000A8048016421080180016F3F8E00402160D
:106A60004C11A004C02B6C1D8C0B0016E81C42C8F6
:106A70006D150C09807B402CE084404A400A824519
:106A800082E5E0886D210C19420AC02C8225E0883D
:106A900061380046800489110C098016C02C6D15E0
:106AA000F81C004A01758095E99C4E0A6D110C197D
:106AB000A11BC02CE0000E1A20010258400AC000A1
:106AC000400AE99C86C5E99CE094404A0C09886527
:106AD000C02D631186D5A10B022620044C11E004C1
:106AE000402B6C1DE1101646A31100160016AC04D5
:106AF00064788C0B0C09E800402C6E9DAC14807BF4
:106B0000A17B8406000680E587116138801C800423
:106B100040469B958014E100442084280426F3EC31
:106B2000E13C028684288414FC9C0424800484268E
:106B3000C81980180C098016C02C6D15E080400A19
:106B40000C0980C5C02D63119AA5A10B6138000600
:106B5000800487110C09801CC02C6D15E084400A4C
:106B60000C0980E5C02C6D21E084400A0C098E756B
:106B7000C02C6D1128C5A10B80000E0602662004F2
:106B80004C11E004402B6C1DA121A1B10060001646
:106B9000C06E648102F001754138E410EC040420F9
:106BA000A12BC5366C98FE758C0B681C8C1B0C0BCE
:106BB000E80443680060007BC06E648102F00175E8
:106BC0004528E410EC0416B0A1BBC1260C09FE75E3
:106BD000C02D67C99CD5A50B680074880F258C0B48
:106BE0002004807BE00402466C1D4C110016C02B73
:106BF000E1380046851100048C0B001668007B68A4
:106C0000807B8C1B8C05A17B613800068014892158
:106C10000336042C0004E0084C118B21C02B6C1DA2
:106C20008B05802C023620044C11E004C02B6C1D17
:106C3000004600160004E138001683114BB88C0B97
:106C40000C09E81C402D67C9A10B807B70D880B56A
:106C50008C0B68000006807BA17B613887110004E3
:106C60008C15801C6B18EF958C0B6FF863110C0959
:106C7000400AC02D8275E0806FF875A86B588C0BA8
:106C80008C0B6FF86FF86E8881858C0B6FF857C886
:106C90000C0B8C0B59388C1B1606EFF889116138D8
:106CA000001CAC04E00801366C1D4C018C0B402B21
:106CB000EFF057E8807B2C048B11217B11E8801CBE
:106CC000280480008018A17B8016C2198018A404B3
:106CD0008016C2198018A404F3F8421092C58016D9
:106CE000A17B2404C2198018A404801642108018C5
:106CF0008016F3F88018A804F3F842108A958016DD
:106D00006FF863C820048C0BE00402B66C1D4C11B4
:106D10008016C02BEFFC51E8613C10862004839163
:106D200080188321F3BC421000C600168004E110D5
:106D3000421080180016F3F8477895118C0B6818EC
:106D4000611041468014812180048426A00480962D
:106D5000E01980180006801642E661380004E00061
:106D6000001CA8F1E13C008680188004F1FC421070
:106D70008E0B0016F27C0C0C0C09DD93C02C6D15EB
:106D8000E088400A0C198C25C02C6D21E088420A4D
:106D900020048A65E00402766C1D4C110016C02B9D
:106DA000E1380046871100048C0B0016E8007BE8F0
:106DB00067C90C098171402D80B5A70B6800656813
:106DC000807B8C0B63110C09404AC02D80E5E0806C
:106DD0006FFC4C687F588C0B8C0B6814E035A17BE2
:106DE0006D150C09400AC02C8645E08C02862004F3
:106DF0004C11E004C02B6C1D8C0B0016E8007A08C7
:106E000067C90C09807B402D80B5A90B680062E83A
:106E1000807B8C0BD8B5A17B6D150C09400AC02C6A
:106E20008425E0906FD4752820048C0BE004029632
:106E30006C1D4C110016C02B6C788C0B0C09EFC428
:106E4000C02C6D156088400AD26581716D210C09D6
:106E5000400AC02CD0A5E08802A620044C11E00412
:106E6000C02B6C1D0C098016C02D6311E080404AB8
:106E700070F884258C0B6FF86FF870486F188C0BC6
:106E80008C0B6FF86FF86F6879588C0B8C0B68005F
:106E9000553883358C0B681C6FF8628801958C0B14
:106EA000013181010C1B8C0B50588E2B8271EFF835
:106EB000E0400E0A210BFCF53138807B7C78DFFC4A
:106EC0008C0B680066350C0B81714016E080404ADF
:106ED0009FFC30886FF858280C098C0BC02D63116B
:106EE000E080400A62F88EB58C0B6FF86FF8596835
:106EF0005CF88C0B8C0B6FF80C098765C02D67C98B
:106F00008215A30B68005B28807B8C0B2DA8A17BCE
:106F10002004DFFCE00402566C1D4C118016C02BCF
:106F20006C810C090200C02CE51DEC0440C682C532
:106F30008311610400168004E10C0186020600043E
:106F4000801EE800FFFC215840C6A10B0206010488
:106F5000000580004011800020A880004218FFFC3E
:106F60008C0B6FF843B620044C11E008C02B6C1D4D
:106F70008311001668007B8857358C0BC1C3807B5A
:106F8000FA7C040CEC301EF00486006B0C09E13C2A
:106F9000C03863150C19A50B402C0E99C1140106BD
:106FA000C000000580000206811001068000000577
:106FB000410600168004E114E01980188804801648
:106FC000421080188016F3DC80188804F3BC42104D
:106FD00000C600168004E110C21980188C0B001640
:106FE000EFE45FE881013E0E50863C0E0391E12400
:106FF000E1244E46612454C6A1B5810100067C0EF1
:107000004C01E008C02B6C1DEFD45F6860080016CF
:10701000E01042C66C1D4C018121402B6814706841
:1070200000C68C0B8004E144819580B8EFD45F48A2
:10703000632D4C914C91C038C03863298008A0045E
:10704000E080400A0C0980C5C03863298245A10B45
:10705000E08C560A0C09FA85C0386329F8F5A10BB3
:107060007518FD15A004E814404A800880C5E08426
:1070700063290C09A10BC0385CD880C54C91EFD4B2
:10708000C0386329EFC04448EFD45B68600800262D
:10709000E03C42866C1D4C018121402B68146C68D9
:1070A00000C68C0B8004E144816580B8EFD45B4856
:1070B00063294C919C04C038404A80088245E08096
:1070C000E08C560A0C09FC85C0386329FAF5A10B3F
:1070D0007198FD959C04E814404A800880C5E084BE
:1070E00063290C09A10BC038595882850086EFD45A
:1070F0008004E13CD01980184C918016C038632977
:10710000E13C0086801880048016D019EFC040084A
:107110006EA90C09A30BC02C81100106800000058C
:107120008000409100C69E258004E114400A80083A
:107130009AA5E084EFD4560860080036E0044226A1
:107140006C1D4C018121402B6814670800C68C0B14
:107150008004E144816580B8EFD455E863294C91FF
:10716000A804C038404A80088245E080E08C560A76
:107170000C09FC85C0386329FAF5A10B6C38FD9524
:10718000A804E814404A800880C5E08463290C09FB
:10719000A10BC038FC0492259025E90DEFBC7B883B
:1071A000611000C6E1105746832100044210801888
:1071B0000016F3F8AC048111951100166814636889
:1071C0002C048C0BE1104346E13C048600C600967B
:1071D0008004E114404A80080205E0840206400071
:1071E0004011C0008804C000421080188016F3DCF3
:1071F00080188804F3BC421000C600168004E11019
:10720000C219801841F60016BE0EE00C8201FC0483
:107210002F58E80DBE049FFC8185BC0EEFD44FC8EB
:1072200063294C917738C0380C09EFBC403863159E
:10723000E1144F068215A50B6FF87088BC0E8C0BFD
:1072400063294C010086C0388004E13CE0198018B5
:107250009C048016421080188016F3BC98F13C0400
:10726000F27C0C0CC1C3DD93FA7C040CEC301EF0F4
:107270000809804BC02D67CDE08C400A080B96D5DD
:1072800040166BE1668112401440C0B540B56541BF
:10729000BC4E817173F140008803C0FF640110008F
:1072A00000404028C0B366B100407C0EC09C6741DE
:1072B00087B5BE0E7C04A80A73F14C0028BAC0FF43
:1072C000816B886374B880F5880B6810A10B3C440F
:1072D000BE048C1580F5816B681072483C44880BA5
:1072E00088F5A10BA10BA40A240A86A5A41AE0B76D
:1072F000210B9E0973C1441020BFC0FF0016C9179F
:10730000A4BF0000E686400A4507E1BE0165902B58
:107310005934801BEC040210A11BC93EC407FE7542
:1073200004918083827184A1E49C0F0A8101F0851D
:107330000C0C98F1DD93F27C6C1D08294000402B69
:107340004801F3F4402D67CDE00C0E36600C023698
:107350007FB8880B230BEFCC0E0698F18E0BC00084
:10736000F27C0C0CC1C3DD93FA0C040C827B006B25
:107370006D210C098181402CE084400A40C68AE5D9
:1073800085316104834100048C0B0086637D0C15FC
:107390004098C00B822B681863110C09404AC02D1D
:1073A00082C5E0806FF85DC84F388C0B8C0B681479
:1073B000794102068C0B5DCDEFF862880C0B81558C
:1073C00063F88E1B008BEFF44D588C0B0C09E814FE
:1073D000C02C6D01653D4C01900BC022F20C0C0CD1
:1073E000C1C3DD936C8100090200C02CE51DEC04D3
:1073F00040C682A58311610400168004E10C018659
:1074000002060004801EE800A10BDD93DA005C0890
:10741000610440C680048111DD938016FA7C044C1F
:10742000826B007B6D390E098181402CE080400A1F
:107430000E099CE5C02D63116D414E81404AC02C60
:107440004070E0805E38DC001406C80091B16138FD
:107450000E098BF5C02D6311E080400A12060475F9
:107460000206C0005DCD79415D788E0B01D5EFF845
:107470000331808B0C1B8E0B61D8922B008BEFF4A9
:10748000120A8291FCD5E0406D410E09A10BC02C7F
:107490000000140580000266800040130D410E09B3
:1074A000000A802C1405F00440B38000A18B00007A
:1074B00001118AF551788E0B0E09E800402C6D41C0
:1074C000A10B808B00001405800002768000401321
:1074D0000D410E09000A802C1405F00402960000EC
:1074E00040138000A18B00000E1B8295401666356C
:1074F0000E298E0BC02C6D096FC471A8808B821968
:107500006D410E098201C02C6D414E010E09C02C47
:10751000C02C6D416D110E19C30DC02C900BE6757A
:10752000F27C0C4CC1C3DD93638100158531400BA7
:10753000638500258141400BE0143368FA00040C98
:107540000C09806BC02C6D516080400A82858101DE
:10755000680056880C198C0BC02D67C94060AB1BA6
:1075600068389C000C198FFCC02C6D51E084420AD5
:1075700067B882858C0B6FEC67C90C19B11BC02DE5
:107580009C0040608FFC67286D510C19420AC02C8A
:1075900082A5E088680056280C198C0BC02D67C99D
:1075A00080B5B31B0C0C8C0BCBF5F200F2000C0C6D
:1075B000C1C3DD93FA84040C0C09806BC02D6531C6
:1075C000E080404A0C0980E5C02D6535E080400A26
:1075D0000D118C85794104064E78DDCD8C0B6FF84A
:1075E0008085A10BF2840C0C6B98DD938C0B6FF4EF
:1075F0006AAD0C090C79C02BC02C6CFD1E79A30B55
:107600009C004060081072C89A8002746D510C0989
:10761000400AC02C8425E08C61344106E00845A670
:10762000027400044C21FA80C02B6C1D8C0B0026C8
:10763000E8004D68F4F5A10B04060F11DDCD79418A
:107640000C0C8C0B0B18F284C1C3FFF8FA04044C29
:107650008101006B6FE06AC8007B8111E1484186BF
:1076600080088004E090400A0C098CC5C02D67CDCD
:10767000E084400A0C098C05C02C6D15E090404A4E
:107680000C0980C5C02C6CFD88B5A10B603C41F68F
:1076900061D883114206EF7C8C0B6000EFE07EA87E
:1076A00061380106E00C43F60C298004C02D67CD3B
:1076B000E088444AC00040154216FE358C0B60003D
:1076C000EFE07D8867CD0C094000C02D4C01F3EC44
:1076D000C02D67CD8E0B0311EFE066A80C4C810125
:1076E000DD93F204FE7C040CEC601EF0806B3E1E09
:1076F000650D0C098111402B81A10B1E002A911CE4
:10770000810160040098FE0EC0004001645002F048
:107710007FB88C0B80ABEFC8604802066BB88C0B4F
:107720000060E81440096401610112067C0EC0206B
:10773000E6E41006817109156E190C0B400AC0159C
:107740008C65E49CF09C4062688100B9160AC01BFD
:107750008A65E3FC40010178BE04C0000406A10B69
:10776000061600244060800042901C0042629C008B
:10777000450650A00646C018406040006C78DC000A
:107780000B34E804E4400AF08C1B0C0B964B7C2471
:10779000EFC87DA8A1AB80AB7E1484B5910A81A10E
:1077A000FB800214FE0E820312900271C00265017A
:1077B00066C11080FE7DC001FE04F00562994C0395
:1077C000140BC0160C0CB0F1DD93F67CE11000C672
:1077D00080188004F3F84210DD938016FA84040CBC
:1077E000807B026BEFEC794882B5A10B66350E1BEE
:1077F000420AC01680E5E0808C1B0E0BF2840C0C54
:10780000E0101E08F2840C0CC1C3DD9363890015DF
:107810008531400B041083411C58EC28C1C3E0148F
:10782000FA00040C0C09806BC02D67C98235AD0BC2
:107830006FFC51C8A10B8C0B0C0982B5C02D67C918
:10784000701C000A80D581010C0C8C0B10D8F20042
:107850000C0CFFFCDD93F200FA0C040C8181006B30
:107860006D150C09400AC02C9C65E0906FEC5B28FC
:1078700060188C0B8C0B6FEC64B10C09807B40386A
:107880008E55A10B600101460306407DC00A6001D0
:1078900061094C050006400EC0036001610D4C05F6
:1078A00040C6400EC064600161154C05A101400E48
:1078B00061114C154306400EC12D604962414C03D5
:1078C0004C03C01C401C6245E020000661194C15A9
:1078D0004C83C00EC01C6239623D4C834C03C01CFB
:1078E000C01C6249624D4C034C03C01CC01C625159
:1078F00062554C830C09C01CC03864B50060A10BF4
:1079000000E1042107010260046080540054074133
:1079100006410660449880580C098FD0C03864B97D
:107920000060A10B005407010741026049788054B0
:1079300004600FD08058064063210C09A10BC038A9
:10794000507002058C0B9C00F20C0C0CFFEC27A86D
:107950000C0C900BDD93F20CFA0C040C0A06006B75
:107960000C09EFDCC02C6D0D6D150C190C2BC02C07
:10797000C01666316CED0C79404A402C0C89E080D1
:10798000C02C6C716CF10C494210402C0214DC20AC
:10799000400A1C0C0660E090C0B305310535066056
:1079A0008C3880B36D114C314610402C4C31FC109A
:1079B000C02C6D154A0A94580424E0840424C08421
:1079C000854BFA80DC1002341C504210E08C404A97
:1079D0006D154C114010402C4C0193F0802C0D156E
:1079E000543880858C0B680463110C09400AC02D43
:1079F0000C09E080C02C0D15D3F840000D154C018A
:107A0000100A402C8465FFFC7A800084FA8002749E
:107A10000C09811B002C0D15800002060D114C1164
:107A20004000802C4C0193E0802C0D150C0C810142
:107A3000DD93F20CFA00040C680043084858806B90
:107A40008C0B680C6C110C09400AC02B8465E09407
:107A5000EFDC0186400A800882B5E0806C210C09C9
:107A6000A70BC02B4BF882B58C0B6FFC68046AC85F
:107A700081458C0B6FD45188A10B8C0B57588255C4
:107A80008C0B680080B5A10B680044E881018C0B69
:107A9000F2000C0CC1C3DD936C21001945C6402BCC
:107AA0004021E008C02B6C1D4226A31B4011800022
:107AB000802B0C1DA71B8A45A51B82058000423622
:107AC0000C1D40118515802BE00042466C1D4011B5
:107AD0000206402B8428EFDCF0C04420E040040A7A
:107AE000842880E5F0C04420E080040A842880B522
:107AF000F3DC442000298426C02B6C11E094440A56
:107B0000C0000416C0A042216E09001BC419C01594
:107B10006E094013000640158018EFDCF3F84210A0
:107B2000DD938016FA9C040C8101007B6FE0440811
:107B3000818181116C210E09806B402BE00843D6B6
:107B40006C1D4E11A50BC02BA70B88450E0BA27503
:107B5000C0156E09737540000004C0FF4E03FC940D
:107B600040156E094D588E0B4838EFBC8E0B6800DF
:107B700064D50E09A70BC02BA50B8605000608C50A
:107B8000A30B8FDC03D588F5EFDC00066E090E0B26
:107B90004000C015C0FF7371FC9400046E094E03D1
:107BA0000C0CC015DD93F29CEFDC0006424A8018F5
:107BB00080E5E08C6C150E19420AC02B80A5E0848C
:107BC00001558008FC080004C8098008EFDC0206A3
:107BD000513884068E0B6FE4EFDC1206400AA408CD
:107BE00082B5E080400AA40882F5E0888E0B3D1142
:107BF000EFE054086800496887258E0B8E0B3F1113
:107C0000F29C0C0CFFE013686E090E050206400999
:107C1000C0FA6001E002401A64CD0E150404C005EC
:107C2000D017E184C20D8413C00000460002401A40
:107C3000E14C0386040E84140E0B9511C0156E09D9
:107C4000FC9800046E094E038E0B4015EFE051289E
:107C5000603C41F673B8831143D8EF785281EFF05E
:107C60000311E0A00C0C8C0B3A18F29CC1C3FFDC92
:107C7000FA00040C0146006B0004E124E00843E62E
:107C80006C1D4C114546402B0C15E124C0096E09B2
:107C9000882480080834C507F00C440068107D086B
:107CA00002068C0B48866FDC860EE03CC4248604FA
:107CB00068B10C3B480AC00A000E6692C3D064004B
:107CC000600E400A8823C9474002C50D0209918809
:107CD0004000C0004201DC04000640004C05C0002A
:107CE000C00564CDF2000C0CC1C3DD936E09001514
:107CF00004064009C0FA600164CD0005422AC005AF
:107D0000D007E006E1840414C01D8403C0000046CF
:107D10000006400AE14C0386840E8414C1C3DD933F
:107D2000FA00040C41F6006B4C01E008402B6C1D7E
:107D300049F8B7118C0B6FE064CD0C15028AC005B1
:107D400080F5E5948C0B0121F2000C0CE0100A2860
:107D50008C0B3B11EFE048E8600442468C0B81211C
:107D6000F2000C0CE0100968FA7C044C0006006B71
:107D70000004E13800BC83B1E1940046A1AB80A8C7
:107D80000C298265402B6C1D6DF88C0B941B6FC801
:107D90000E08A10B0E60C00040B3645162588C0BFA
:107DA0008E1B6FE067CD0C090204C02D420AE190E2
:107DB0008219608006314C13400A40168625E08403
:107DC0006C110C19424AC02B8465E094613803069B
:107DD000E00C45F6404A84144225E0880C09C000B6
:107DE000C02D07CD4000FE354C01F3ECC02D67CD12
:107DF00064D10060106040B3C0AF641181A10F0E68
:107E0000819113A5FBFC160A1311A60543188C0BD0
:107E1000120AEFE041067BFC4C01E000C02B6C1D18
:107E200041269CA54C01E000402B6C1D5D988C0BFD
:107E30000F14E80064D88C0B1911EFE041988C0BFB
:107E40004166EFE04C01E000402B6C1D6EF88C0B9E
:107E500080ABE80098F5A1ABE00041366C1D4C0109
:107E60008C0B402BE8105CC8A1AB80AB41469695CB
:107E70004C01E000402B6C1D4DD88C0B80ABE814FE
:107E80009435A1AB6D090C090C1BC02CC0166635CE
:107E90006C040400E00041566C1D4C019E29402BEF
:107EA0008C0B0219EFC06448A1AB80AB41768E9574
:107EB0004C01E000402B6C1D54F88C0B80ABEFFCA8
:107EC0008C35A1AB61380006E00043864C1180047C
:107ED000402B6C1D001C85115A388C0B80ABEFF4C5
:107EE0008835A1AB6C710C094396402C4C11E00015
:107EF000C02B6C1DE3FC000A0C1980E5C02C6CED56
:107F00001606811B01F58000411681A14C01E0009D
:107F1000402B6C1D42388C0B00ABE800A1AB839169
:107F20008391E4258E1B0C0BEFE05608901B0C0B85
:107F3000EFE05948D8E5A1AB6C910C09210BC02C9E
:107F4000E00041A66C1D4C014060402B5A989C00FB
:107F5000940B8FC8F27C0C4CC1C3DD93FA04040C63
:107F6000EC501EF00306006B0C0BE008C0156E0908
:107F70006C1D4C118311402B6D094C11404AC02CD3
:107F8000810160940D0D0C194C03C02CC016667154
:107F90006CE94C014210C02C4C11DC40C02C0D0D82
:107FA00069650C150C29C00DC02C6D0DE000021A7E
:107FB000A0000038442080C54C21F3DCC02C6D0D9E
:107FC00066350C1B442040164C01F3E0402C6CED50
:107FD0004C21C229402C6D0DE00C45F66CF14C2172
:107FE000420A402C4C03E09440160681E088420A85
:107FF0000CF94C21420A402C4C01E08C402C0CFD29
:10800000E090420A03354C05420A400B4C21E09CAB
:10801000C02C6CF5645880E58C0B6FF066350C1B3A
:10802000420AC0168625E0A067F10C598C0B402748
:1080300067ED0C490C39C027C02767E967E50C29B3
:108040000C19C027C02767E1E8044148A17B807B69
:108050000C1B9E75C0166635E0A4420A031182858A
:108060007AD881218C0B6FBCA17B807B0C1B9AB5CD
:10807000C0166635E0B8420A7F5880E58C0B680C64
:10808000A17B807B0C099835C02D6311E080400AEC
:10809000DC004060CFEC63C865510C094346402BBF
:1080A0008414E104EC04000004068E09E008420692
:1080B00063150C094C11C038C02B6C1D0285A50B33
:1080C00080000A760205A30B80000A660A26A10B2F
:1080D0000A46C0000260800040546541641104609B
:1080E0000860C09E40A26671E43000F006F02156A0
:1080F00063B8E410A10BEF840C1D0C290206402B81
:1081000084B5C00460084416645000604C21C09ED1
:10811000402B6C1D64A102605C78C0A3A10BEF84AE
:108120000C298605402B6C1DE00402166E8D4C1543
:108130000E56400A4C05E00C400A6E89E00C0256CF
:108140006FC850480E0B8C0B0C0CA8F1DD93F20499
:1081500069650C05A10BC00D0C0980E5C02B6C11E5
:10816000E094404A414684E54BE6614C0004E00C53
:1081700066D106600C29C0544015630D66E10860A5
:108180000C19C0A3C01563096C1D4C514EB8C02B0F
:108190000C09EFA0C02B6C116094404AE00C004623
:1081A0006C1D4C018645C02B66B10060026040BF6B
:1081B000C0C0652164C10460066040ADC0AD6521EA
:1081C0006FAC5D48662008600060C0AE40D8656155
:1081D0004458811104C66F747765E010C1C3817182
:1081E000F87C04CC6D0D00C90316402C4011E0084A
:1081F000402B6C1DEFDC09866C7900190079C02CCE
:10820000402C6C75FC0010C46D0D408100ABC02C7F
:10821000C016663100198D1EC02C6D09631500B59E
:108220000069C00BC02C6CF900198F1EC02C6CF5B6
:108230006635005B0099C016C02C6CF1F860082907
:10824000E084440A0F1B865506108331020A440459
:108250000616E3FC120A00004031E3FC402C6CF5EA
:10826000808583210490959B4021C404402C6CF1AF
:1082700082CFF111C4C9076563FC020A1654964BFC
:10828000832161B483310245E0840674FA800634A8
:108290008331071BC40406106CF54031120A402CD0
:1082A00080E5E3FC02A4C2A7839BFA80C404049087
:1082B0006CF14021560A402C80A5E080FA800234FF
:1082C00080F5CE1DE080564A464A80E58085E080F4
:1082D0005880015558C0FC1808BBF3E0EFDC098654
:1082E0006D0D40C1580A402C82C5E084FA800264BA
:1082F00083110F1B44040260F3FC0C0A8000021679
:108300006CF940110029C02C402C6CFDFFF8020EC6
:10831000FFF80C0EE3FC040A44040220E0B44A0A0D
:108320006CFD40118855C02C42C2911118C478844C
:1083300022CFFC0C40C1A11BC02C6D0D8D149015DB
:10834000020A8F3480E5FBFC7A800214FA80043440
:1083500084F5832B6CED00198321402C6D0940219D
:10836000020AC02C88D5E3F08D148575020A8F347B
:1083700082A5FBFC7A800214FA80043480E5832B0A
:10838000E40402306D0940118395C02C6CED001996
:108390009121402C788844C2FC0C18C4832124CF3E
:1083A0006D094021020A402C40C1E3F0C02C6D0D44
:1083B0000C1080654061E404C02C6CED6CED00197C
:1083C000A11BC02C42C082C54011F3BCC02C6D0D56
:1083D000421090189016F3F86D0D00C98315C02C4B
:1083E000E08C584A00198225C02B6C11E094424A57
:1083F00058C000B558C0DC4040C1F3BCC02C6D0D66
:10840000E08C584A00158405C00B63158265A11BDA
:10841000633500258311400B0220972B4015C404BF
:10842000C00B6335F07C0CCCC1C3DD93FA04044C63
:10843000680C4A280E01807B402C6D01008A816106
:1084400082D5E1B86C1D0E290C46402B0246E00C8B
:108450008E0B600CEFC477A80C06A10B8C0B800070
:10846000F2040C4CC1C3DD93FA00040C0C09806BC0
:10847000C02C6CFD80F5A10B6C6D0C09404AC02C22
:108480008265E08C63350C05A10BC00B0C15826571
:10849000C00B631580D5830B6D150C090555C02CD9
:1084A0000C09C609C02C6C6DE090400A0C098625A9
:1084B000C02C6C898485A10B680C45E80C118C0BD1
:1084C000C02C6D056C890C290C01C02CC02C6D01D1
:1084D000F188461282F5870D840D82230C0982955E
:1084E000C02C6D15F3F040006D154C010C0CC02C28
:1084F000DD93F2006D150C194C01C02CC02C6D05DC
:108500004C11C619C02C6D15C1C3FF3582C5A93BDE
:1085100002A5A33B818804248485A53B8485A73BD1
:108520005C08A13B23B8DA008975FF705C08A12BB9
:1085300045349A00EC0404207BFD4630C13EDFFF49
:108540008131FF6583318145DD938125F81C040C61
:10855000900145274BFE0141C03F7FFD0484859576
:108560000674A33BC4C48841A01146641BFD50801F
:108570004E709FFF1FFF1BFD12748A8F58C060E072
:108580009FFF1BFC1BFD4C60B09F1FFF10C4517769
:1085900061C7E0C0FB800E7418C450672E8FFA804C
:1085A0004095B86F4085F8084065F804C54DF00C5B
:1085B0000C0CF4F5DD93F01CF81C040C900145271D
:1085C00049FE0131C03F7FFD7FF10A0E180E403F8A
:1085D000C03F7001026583D58631700CF8080275C2
:1085E000F8040285781052624095F1671274780899
:1085F0000A9FE0A02C9FE177E0C00C8478044095AE
:108600002E6F986F4065D1874085F010C53DF80CFE
:108610000C0CF875DD93F01CEC401EF0601800297E
:1086200000498131BE3EE010C5277C3EA72B7E3E2F
:10863000668A464A0A268341180600008265800041
:108640008151252B814103C1A32B80C5015180F5A8
:10865000814181C1FCCEBE5EC008FE4E00340013D5
:1086600001B5FA80484A81310AF0610A8231E4108A
:108670000A45C447C546FC10FA800834FC95C14D34
:10868000A0F10101C1C3DD93EC401EF0601C002984
:1086900000498131855160147C3EBE3E272BC527A1
:1086A000E68A484A18167E3E8205800081C1252B45
:1086B000A32B80A5015180D5BE5E81C1FECEFC3EBC
:1086C000813142080044001381A5FA80610A484ABA
:1086D000E4100AF0C4478231FC100A450834C5464C
:1086E000C14DFA800101FC95DD93A0F1F81C040C4A
:1086F000610C07C6E10C490646060CC40C64E10C8B
:10870000E10C46864F8610540C44E10C1C348B81DE
:10871000E4600E001C988175EC041080DD98F196E1
:10872000A18BD9961800FE358961647471788155E2
:10873000EC040C60A16BD5761D51FE75815580CB84
:108740000A507168D166EC04FE75A15B95411C016D
:1087500041588155EC040840A14BCD560020FE75D0
:1087600083316C0468800034080081C100346C04DB
:108770000A00E88881016C04816103450E54E92DEB
:10878000000448B08255DB80E8B00E4400600073FE
:108790000034E4300E7468800E03FB8086C1826171
:1087A000FAB58D1B610442066BFC010A0414C0FF7C
:1087B000DB80000404010000040CC0800C0C81016B
:1087C000DD93F01CFA04044C4216006B6638E0009E
:1087D0000C09E80C402B6C45E10C42460E60041479
:1087E000C0AF6431000CA90B0406E20071588E0B77
:1087F0008C1B6FFC6438026074788E0B0C19EFFCD4
:10880000402B6C39E46000606C410C298131402BB5
:108810000C498185A14BFC0441168075821182317F
:10882000FE15C53D6C3D0C090260402B0C39E4740B
:10883000402B6C45446281410195F08088589C2111
:108840008075A15B8241450682210201FE15C74D5C
:108850006C450C298C0B402B6C410C197478C02B87
:108860004638EFFC8C0B68100C4C8101DD93F20450
:10887000FE7C040CED401EF04016006B089BE004EB
:108880004C0186AB402B6C1D010184BB5EB1828B19
:108890008A7B613061205EA1E2800206E1105E9178
:1088A0009F0EA10E5E019D0E5E01E0D05E01E0C054
:1088B0008C0B60B0E80C5F089F2101118C3B0C0B06
:1088C000E8046D4860900084E18C028440000D8EC5
:1088D0004E09F1C0E0040E6A71845002937E8F014C
:1088E00000B8958E80004001FA800084150E90013A
:1088F0005E0191019F0160B040A20F0EB20FF9AC72
:108900009AA5A10B4F761E89118EE000F0AC50A203
:10891000928307656C1D0C294376402B5158E0006B
:108920008C0B6FC45EB1A10B5EA1C1305E91C12002
:108930001548C110160AC00081017000440400B03F
:10894000F000164A6200020CF000144A6200040CA7
:10895000141A828381117000240502A084834000D0
:108960007000124A060C8121121A62000490F00075
:1089700040002405049B868380BB82ABF265E88DB2
:108980005EB193045EA1E1301104E1205E91A30B7E
:108990005E07E1101504E03CE4200E001E75897EA0
:1089A000160A40201074FBFCB003FA8044000C252A
:1089B0001504F07CE080500AA12B8875A001888501
:1089C00060D05E01F3C0420065C4028A02808E0B53
:1089D0000080043C5E118C04838580D06C1D0C29C2
:1089E0004376402B4B18E0008C0B6FC4E0004F76B1
:1089F0000F48A10B9BA1C000E1205EA1A12BF14576
:108A00008440000060D05E015E018E0B00F0E0C08B
:108A100016F065003E0EE4D0E4C008F004F00B2E22
:108A20003CBEE530E4B00AF08C0B011168004DE863
:108A30001EA98C3B140A60C08605FBFCE0804E0A30
:108A4000443C0270CC040070C0D05E118B0482B52F
:108A5000E040000AC0281E05C440000080281E0512
:108A600060D05E015E018E0B00F0E0C004F064F0A7
:108A70003E0EE520E4C008F00AF03CBE0311E4B06D
:108A80004B388C0B8C3B680060C01E99FBFC120AB3
:108A9000504A86A50E70E0805E71CC048495C0D0EB
:108AA000A10B8B0480281E0580D05E01950482A551
:108AB0005E01A001420060D0028AF3C00E80E5C4CE
:108AC0005E718C085E7180D000F0E0C004F064E05C
:108AD0003E0EE510E4C008F00AF03CBE0511E4B01B
:108AE00048388C0B8C3B6800807B858196D5A17BB8
:108AF0008C3B13141E198F04A11B60C040101E254F
:108B0000FA800004FB8040A27B804092FA8002142D
:108B100040205E25FB804212040491048C0B7A8075
:108B2000E8045A48A17B807B0C0B90354CD88C1BF9
:108B30001E07E80040C6603C0004E10801218511E1
:108B4000020681710016C000E1084106022C800473
:108B50000026E200E108414600168004E108418653
:108B6000020C80040026E200E10841C600168004E1
:108B7000E10C000683110004004600168004E10C9D
:108B8000008600868004E10C8D3480269F14A104A9
:108B90004C319D24C02767E167E54C014C11C0278B
:108BA000C02767E967ED4C214C71C027402767F566
:108BB0001304A9319F248B411D04A1144616A10B57
:108BC00008F64000442AC000D017668EE692400A9C
:108BD0008023822369594C250E0BC008E5401EF006
:108BE000F67C0C0CC1C3DD93FA7C044C93348F3EAD
:108BF0008B7591649488909894F5D19D500218A833
:108C00001079F0A44027634156A283C110B4F1A4A7
:108C10004E7061901684FBFC16C4FA80967FE8AC17
:108C20008675A17B108A0FC40EB6F41016160000CC
:108C30004E7280000E7491A018799A8016B47C242C
:108C40009893889CA476B67F0E7088788876EC041A
:108C500082718C7498A88C7E7A8012A4EC040E1019
:108C60006480149098A6E57DA11B8455148A8655CE
:108C700084F5F6000E904AA750A0ED44B073F08042
:108C800090789876EC040E7081B59076F3FC150A16
:108C90000E9082159876ED880E7090789076EC089C
:108CA000A18B888881C5EA156C1D00294366402B7D
:108CB00074B8E0084D666FC0A10BE0088161805573
:108CC0000C4C8C0BDD93F27CF87C040CEC401EF019
:108CD00066B104009131408B814101550630494E07
:108CE000A13BEC040121FE95015181318B9581411D
:108CF00010447C2E7E1EFA80F408088A888104289D
:108D000081913E4E0C2488AB0E2461940469E19C51
:108D1000E18418240E242E6F0879E18C2E6F90C9FF
:108D2000386F9E294867A9C1800058168B612C2F87
:108D300000000CF6FA800E244E0A85758665E4A4C0
:108D40007A8008A4F000065A7000060A041C98BB3A
:108D5000025462004447FA80DC0056604402051B5E
:108D60000415F09040086BAD80101606441596135C
:108D7000C0086BAD600C121A0A0A829154807BFC09
:108D80000A0CBC00B19BE2007C24F635BE4483395A
:108D90007C0C040A020C82217E14E20082118243C0
:108DA000F43C050A0101E8C50C0CA0F1DD93F07C50
:108DB000FA7C040CEC301EF04056006B4C01E000D5
:108DC000402B6C1D7C0E810171788C0B0C09E80026
:108DD000C02B65F9E080400A050100600206409B57
:108DE00063D8C00004064F6C0C09C018C02B6C215E
:108DF00088F5AB0B6D210C094000C02CC209F3F0C3
:108E00006D214C018C0B402CEFF47B086D210C097B
:108E1000807B402C4286217B8321EFDC40000426AE
:108E2000C409F3F06D214C018265C02C6C1D0C2926
:108E30008C0B402B6FC068A8A10B8E1BC0000C3898
:108E40008111017181A1135512B43E34D09DFA8075
:108E5000004A9C359AC5FBFC7000060A0111960B6E
:108E600084058121F004060A000000069C0042B03F
:108E700004060225060A800082B5F008811101016E
:108E80004C01962BC02767E567E94C114C21C027A0
:108E9000C02767ED80F5A17B6FF47688807B8C0B13
:108EA0008245A17B6C1D0C298C0B402B6FC064E8A4
:108EB000A10B8E1B02F0A0F58C0B6420E8004E88FD
:108EC000807B7C0465F90C194486402B400AE03C09
:108ED000420AE00ACF07E0808405FC0E7A8002A4F3
:108EE000650004600614C09B0433E0888C0E822366
:108EF000E40044B14411BC140C1BE50040156AF9B0
:108F0000C30D82A1D19D862507F50C0916B0402717
:108F1000E675C4046AF50C1BC11DC0150C1B820547
:108F2000C0156AF143F6430D8855E00C415603C560
:108F3000BC14E000160A83D543F670148615E00CC5
:108F4000020ABC148495F00C6AF50C1BC11DC015F7
:108F50000C1B8205C0156AF143F6430D8215E00C27
:108F6000E000414667F54C0143F64027030AE00C58
:108F700086D5F40C67F50C09004AC0278605FBFC72
:108F800067E10C298C0B402782113E1E02143C1E07
:108F900041D8FA80808BE8001656EB8D0006000061
:108FA000D4658000E000413667F54C014CA1C02734
:108FB00040266CF160988C0B4086EFB481116FDC19
:108FC0000E0B80160C0C98F1DD93F27CF81C04CC8F
:108FD00067F10059A71B402718240131153CE18C8B
:108FE00005418F6180040F5602160485251B800001
:108FF000E0084EA60000020680001006231B8265D2
:109000000295814103568111834160048111291623
:1090100012F08381B09FE4503863A476FBFC0A4AC7
:10902000701C58200A648121FF617A800000048648
:10903000E8B01864084405554C12FA8010F07088A6
:109040000063E4500C798B1B40276341E1FC0C1456
:109050000C6482634C12FC001069F1984E727C180B
:109060000C7F9830A17B816150045070C1840E74D4
:109070004C627E750634D0A088137A808A1D8C33AA
:109080000034F6A50CCCFA80DD93F01CFA0C040C2D
:10909000827B006B6D590C059121400A6E0D0C15F9
:1090A0004978C0090C29EFA8402B6551E1184346C7
:1090B0008351041484188448637D0C359E49C00B89
:1090C0008E19C9170224235F4EB8E09004546FA88C
:1090D00042B8E890808B6FE8601002065058902BE1
:1090E0008E3B6FA8A17B807B0C2982E5402B6C1DF9
:1090F00052B88C0B8E1B6FC00E06A30B8E0BC000DC
:10910000F20C0C0C8101DD93F20C0C0CC1C3DD934D
:1091100064C100390216402B4011E00C402B6C1D3D
:1091200000198341C01562196635002B0059C0161D
:10913000C02B650D6C7540110019C02C402B6C11B3
:10914000700544204031C080402C6C7D7EF9442065
:109150000039C079C02B65096094424A40118511DD
:10916000C02265956D3140110206402C4041C0007F
:10917000C02C6C8D6C8540514023C02CC0166635C8
:109180006D3540314011C02CC02C0C810E1940139C
:109190004011C015C02B0C59C1C3DD93E014022946
:1091A0006635003B8444C016063482294045FC00E5
:1091B000400B63154033A43F40166635EFDC0806CC
:1091C00060240229FC0C0634C22790584A50042916
:1091D000A45FF3F402299056C627E028A62F902911
:1091E00066354023042440160239FC10C837E02CB1
:1091F000A43FA0396635403346304016C0FF737D2A
:10920000E03002294420CA270029F080402B64C5A1
:109210004033A43FC0166635E01002394031A72B19
:10922000C02C6C71002980F5C02B6C11E094444A6D
:10923000022982650239E0184021E020C02C6C79B7
:10924000663140330229C0160039E03CC02C6D2144
:109250006D3900598229C02CFC000634601C02299B
:109260004031A43F402C6D21FC040634604002498B
:10927000F3F84A506C8940210400402CC06E64C150
:109280008449C2474041A64F402C6D21F3EC484031
:10929000E0440239A65F82396D3940510239C02C51
:1092A000C437E048A64F88396D2140410239C02CAF
:1092B0000049E04CC02C6D154630CA3748407080DC
:1092C000A64FF37C6D1540410239C02C0049E05097
:1092D000C02C6D5108448239A64FFC006D514041AD
:1092E0000844402C0239FC04C237E054A83F8439BA
:1092F0006D5140310634402C0249FC08C447E05807
:10930000A83F88496D5140314630402C0249F3DC7A
:10931000C647E05CA83F90496D5140319F31402CD9
:109320000249816506306034C946EC04FE55A13B14
:10933000E038022968FD40210219C01B4011E034C9
:10934000C0226FB9C1C3DD93FA00040CEC601EF0BB
:109350000C05806BC00A6D6562190C190C29C015CB
:10936000C02B6C2165B90C393C0EC02B1116810144
:109370000F3683118B06A32B82258D168285A72B92
:109380005E11A52B042600248085800045F6130677
:109390000345E00C0C4B833140156E090C25FD5143
:1093A000C00D6965212BCB47060C8521C84B620097
:1093B000041613364642C0000C49F994C02B65B51B
:1093C0008B21092600162706C040701182490B0E1A
:1093D0008C0B1536993697369D269B16A1169F46FF
:1093E000A516A316EFFC69688C0B1E1BEFFC6D889D
:1093F0000C0CB0F1DD93F200FA00040CEC601EF0EE
:1094000070000216E00404068101006B83113E1E09
:109410008B2111269B16BC0E9F069D26A306A11626
:10942000A706A506AB16A916AF06AD168C0B13063C
:109430009716951666D899161E1BEFFC6AF88C0BCA
:10944000B0F1EFFCF2000C0CC1C3DD93FA00040C88
:10945000EC601EF08321006B61D10C190C39C01532
:10946000C01562196D650C058916C00A65B90C191D
:109470001136C02B3C0E89318F16810165B50C1950
:109480001B36C02B8B068F3182190D2602161F1634
:10949000C0407011A1269D36A526A3261306A70657
:1094A0008B1E8C0B97269526633899261E1BEFFC86
:1094B00067588C0BB0F1EFFCF2000C0CC1C3DD93CC
:1094C000FA00040CEC601EF08321006B61D10C19D2
:1094D0000C39C015C01562196D650C058916C00AD6
:1094E00065B90C191136C02B3C0E87318F168101DE
:1094F00065B50C191B36C02B8B068D3182190D26D4
:1095000002161F16C0407011A1269D36A526A3265F
:109510001306A7068B1E8C0B972695265F98992617
:109520001E1BEFFC63B88C0BB0F1EFFCF2000C0CCF
:10953000C1C3DD93FA00040CEC601EF08321006BC4
:1095400065B50C098141402B62190C390A1640158A
:10955000BC4EF000618C020411368209F888421278
:109560008B311F068C0B3E5E9D369B26A346A14683
:10957000A716A546AB46A926AF46AD269526934627
:1095800099269726EFFC5C688C0B1E1BEFFC60880D
:109590000C0CB0F1DD93F200FA00040CEC601EF04C
:1095A0000416006BC00460116C210C09A131402B22
:1095B00083213E2E8B3111366034004A020C81012A
:1095C000BC0EE2009D369B26A1069F06A526A3069B
:1095D000A926A7161306AB06AD268C0B9526AF263B
:1095E00099269726EFFC59688C0B1E1BEFFC5D88B3
:1095F0000C0CB0F1DD93F200FA0C040C0206006BC7
:109600007498E2804046E8040F8660044C01E01044
:10961000402B6C1D81958C8B6381100940F8C0270D
:109620006106E800EC040E70FCF5A17B45760111A3
:109630000C0BE0000C0C8C3BA915F20C61840404AB
:10964000E18C020470804420F03C480060840604F1
:10965000282FA0194630C607A22F710072004000C3
:109660005D93A62FC1C3A40F60044826640C4B066B
:109670004041C020402B6C1D640D48068135C02040
:10968000D1C6CDC8FEB58B4B81158531FA7C044C13
:109690004106006B0004E1144786867B5246600455
:1096A0004C31E12C402B6C1D0038AD7BE03981B191
:1096B000000600360004E118E00447966C1D4C31AA
:1096C0008331402BA4048036868580B68A05A37B2F
:1096D0008CC5A57B9025A77B92E5A97B8445AB7BB8
:1096E00096B5A17B612C010680049F11014600B64E
:1096F0008004E12CA4048016421080188016F3E444
:1097000001868BA58004E12C01C600168004E12CA3
:10971000A4048026421080188016FD80010689C5A9
:109720009F11612C00B68004E12C01468016800454
:109730008018A404F3E442108016C419010687C5FA
:109740008004E12C014600168004E12CA40480264C
:10975000CC19801885F58016612C0186E0004376CF
:1097600000B68004E12C01C6801680048018A40491
:10977000F27C421083F58016612C0186E00043766E
:1097800000B68004E12C01C6801680048018A40471
:10979000F27C4210FC94021481D580166C1D0C29B9
:1097A00011A6402B03A6E0088C0B6008EFBC5CE818
:1097B0009A85A30BE12C54C68008A80480F5A10B60
:1097C000E13401468004800482B5B10B6C1D0C2984
:1097D00011A6402B03A6E0088C0B6008EFBC5B6869
:1097E0009485A30BE47D240488D580188121421937
:1097F000428600167198E03C8C0B6800614400C6FC
:10980000E1340546A814800480388824480A844836
:109810008085E080B54B8844460A8E158085E08CB3
:10982000B53B88340C29FC75402B6C1DE00811B643
:1098300003B605756019E00800168121E03C4286F8
:1098400068006F4800C68C0B054661448004E13413
:109850008824A81484488038E090480A8844808589
:109860008475B34BE08C460A88348085FC75B33B25
:109870006C1D0C2911C6402B03C6E0085658E008A1
:109880008C0B6FBC8045A30B73D881812404E80046
:10989000E00802F6410600B68004E1146C1D4C118C
:1098A0008018C02BF3BC4210000600168004E1189B
:1098B000900B00B6F27C0C4CC1C3DD93600448569B
:1098C00064200B864041C020402B6C1D64110806AB
:1098D0008135C020D1C6CDC8FEB58B4BDB758D312F
:1098E000643149064BC64020C0206439CDC881355B
:1098F0008B4BD1C68B31FEB5C1C3D9A5E0044476EC
:109900006C1D402141C6402BC020643905C601654D
:10991000C020643DC136C538FEB5850B81015D931D
:10992000FA1C044C8111007B81310121EFFC6B0892
:109930000E70006BC09A66F1640D5106A191402033
:10994000E1088175EFFC67C812905D06A19BEC04ED
:109950008C0BFE35F21C0C4CC1C3DD93FA1C044C7D
:109960008111007B87310121EFFC69280E70006BAB
:10997000C0B366B164211186138640208175E01062
:1099800065D8E1085D06EFFCEC041290FE35A19B62
:109990000C4C8C0BDD93F21CFA7C044C0046006BE3
:1099A0000004E118E00442366C1D4C1183B1402BD9
:1099B000613055C600B68191E13410C60096A80406
:1099C000E134000684288014F3C0442080048426F7
:1099D0009E198018FF404210008600168004E13472
:1099E000A0048096A10B8008014680F58004E13434
:1099F000BB0B80040C2982B5402B6C1DE0080FA620
:109A0000600803A64A188C0BA30BEFBC28048A45F8
:109A1000E03C428600B6812160788C0B00C6E800ED
:109A2000054661448004E1348824A01484488038C9
:109A30008085A14BBD4B8844460A84758085E08CA7
:109A4000BD3B88340C29FC95402B6C1DE0080FC6EB
:109A5000600803C647988C0BA30BEFBC817180454F
:109A6000E80065280096A804E118004600968004E6
:109A70000C4C8E0BDD93F27C0025A11B000B052105
:109A8000812C43C68000021580004225A31B80C59F
:109A9000A51B808583658225653100250206400B64
:109AA0008414E1300025842E400B6521E12C43C64F
:109AB000042E8414E1300206653100058414C00BC5
:109AC000DD93840EF80C044C611804460834A51B81
:109AD0008C468141A31B882543061025A11B812CA0
:109AE00000399A35402D6531E12C43064BB60414FC
:109AF00089C1E00C84488239F3F848408731264F09
:109B0000437604460049E00C402D65316531000084
:109B100007D5C0B50049C247402D6531E12C430649
:109B2000824984344A508C58A85FF3F884348C56A8
:109B3000653100498C58C02D8849C247F3EC4A5022
:109B40008C56A85F00498434C02D6531C2478C58BB
:109B50004A509049A85FF3DC04148C56E0084BF699
:109B6000653500391806402D8448E004A039C8370F
:109B7000F3BC48408F31264F43F604460049E004C9
:109B8000402D653565350000CA47C0B5612C4D06CE
:109B90001874984FFA8006348A8F9C889C86A88F08
:109BA00080089844C5079058270F8209A05F825FFC
:109BB0000804905680168311F00C0C4CC1C3DD9341
:109BC000F80C044C61880414E198478686190C54FB
:109BD0006090082464B00600A24FC08B0A43C447BB
:109BE00081D5815118C05D844C85EC04A1CBF01067
:109BF0002031FE5508408251C00164011846A55B22
:109C00004C4040007C95DC00DC004E30619846867C
:109C1000E0004B866516442A640000000C34C08CBA
:109C2000E00C48068151033565124C5AF0B04E12D3
:109C3000006584638C737C3088C144779C6E867326
:109C4000E0E0180A7001FC55B55B825118067E559C
:109C50008101C000F00C0C4CC1C3DD93F83C044CF6
:109C600061880614E0080B069321061966964A3AA5
:109C7000E0900834668A581A65B00C00A24FC08B79
:109C800081C118530E608375898164408AAB089B3B
:109C900059AE8185EC041080601C4C958891C8A158
:109CA000FE15A18B0A5002C1C00265016500084083
:109CB000A5CB8E6B4B86FA3508006000C09065809E
:109CC0006516463AE00C40068151035565024E5A2E
:109CD000F098501270985242867388614E8A8E8333
:109CE000A47EE68AE2305285E0E00C0A0251FC15BF
:109CF000B55B984B44E01840C0000C068101FCD5D0
:109D0000F03C0C4CC1C3DD93FA00040C6FFC4468BA
:109D10008C0B806BF2000C0CFFF0028800005D934E
:109D2000C028654100005D93C02B66116108038661
:109D300084149D21030604260424E10808168311D7
:109D4000E1144506883888240836C83960010606BB
:109D50000025C040C00A6EF1A121472D0805002949
:109D6000014600278004E128010600268004E1283E
:109D7000DD938016E128038684288414872B843899
:109D80000220FEB54011ED5CC02C6D01C1C3DD9316
:109D900060084356E12805866C1D40118814C02BCD
:109DA00084388428FEB5872BED5C02206D014011BC
:109DB0004011C02CC015613165394011DD93C022BE
:109DC00060084366E12805866C1D40118814C02B8D
:109DD00084388428FEB5872BED5C02206D0140118C
:109DE0004011C02CC015613165594011DD93C01B75
:109DF00060084396E12805866C1D40118814C02B2D
:109E000084388428FEB5872BED5C02206D0140115B
:109E10004011C02CC015613562F140114011C015D0
:109E2000C01B655DC1C3DD936E01000B07064015C5
:109E30000C34E1448721A12BE686400A00C60C0EB3
:109E40008014E1445C08842680049A00424A801809
:109E5000FEA5E08C80168111C1C3DD936E01000B5D
:109E600007C640150C34E1448721A12BE686400A41
:109E700001860C0E8014E1445C08842680049A005C
:109E8000424A8018FEA5E08C80168111C1C3DD9383
:109E9000F800044C61384BC6143485618C48A12B02
:109EA000F3EC484048460C4610C4E144B0368131DA
:109EB000B06690C4303690C4E14458866E01000B01
:109EC000B0C4C0156686400AB00E87110016900413
:109ED000E13C000684C8801484C6C8C98018800488
:109EE000F3EC421094048016C819801880E580169F
:109EF00080189004E08C424A8036FEA5F0000C4C9D
:109F0000C1C3DD93614400C680048111DD938016D6
:109F1000FA9C040C43E6029B086BE0044011867B2C
:109F2000402B6C1D41B8848B4206E800C267611863
:109F300084690414424604968414E1184286048617
:109F40008414E118420604768414E1104420842825
:109F5000AC2FF3F40C0C842683F5F29C61144106BB
:109F6000E11447868141001484188428CB278C345F
:109F700082190429A41F0C5A80348C4C8C48E05759
:109F8000F3F8484000348C46F984405242408C48F3
:109F90008C16F2FCC1C3DD9361144386E1C0040456
:109FA00048000414CA07F004F10040004306042CE2
:109FB0008424E11446308838A83FF3F884148836A6
:109FC00044208428A02FF2FCDD938426FA9C040C04
:109FD00041F6009B066BE0045201847B402B6C1D14
:109FE0007BD8828B1229EFFC402C6E95E11C024637
:109FF000C887041471C0488004269E79E11843463E
:10A0000088388424F23C46308836A83F842884145B
:10A01000F3C044200426AE2FE11C0286846684141B
:10A02000F29C0C0CC1C3F7A5FA84040C826B007B74
:10A0300065350E390E29C02BC02B6539653D0E19CB
:10A040007C58C02B0E0BEFFC66B88C1BA10BE800F4
:10A050000C0C8085DD93F2848C1B0E0BF2840C0CAF
:10A06000E00027E8FA3C040C41A6006B4C01E00438
:10A07000402B6C1DE00443A66FFC7D88807B8C0B1D
:10A08000A4D5A17B653D0C290C19C02BC02B6539CB
:10A0900065350C094BD8C02B008BEFA0E1040146BD
:10A0A000902B00040CA58094C0096E0D65410C39FD
:10A0B000920BC02B6FA04BA84C05941B400B636DFB
:10A0C0000C39920B402B65494AF8941B902B6FA0DA
:10A0D00063654C05920B400B65450C39941B402B76
:10A0E0006FA04A484C05902B400B63710C39920BC2
:10A0F000402B654D4998941B902B6FA06D590C1502
:10A100009121400A63694C05020BC00B4618941B51
:10A110004C05EFA040066D49E11C02864C058414F5
:10A12000C00869416B1D4C054C05C008C0086BF1A7
:10A130004C018408C01B65714C018408C022655124
:10A140004C018408C0226CA1434604088414E11821
:10A150006FF14C018408C0224C019E09C01B65753B
:10A160009E09840865554C018408C0224C019E0953
:10A17000C0226CA59E0984086FF54C018408C0229A
:10A180008E09C90765794C018408C01B8E09C9076F
:10A1900065594C018408C0228E09C9076CA94C017D
:10A1A0008408C0228E09C9076FF94C014078C0228B
:10A1B0008C0B68000C0C8E0BDD93F23C68B1001B1D
:10A1C000060E400AC3D06401E18404146C7900399E
:10A1D0008623402CE006422AE1840434422A82236A
:10A1E000002BE00EC00A68B50206C41D42128000B2
:10A1F0004015D188C00B6375C1C3DD93FA9C040C74
:10A200000C19806BC02B64C165510C990C79C02B63
:10A21000C02B65C9EC040010C797650D81010215BC
:10A220000C09A71BC02C0E31830180B56E314C0187
:10A230000C09C02C402C6D0DF004000A8E930275A1
:10A24000E08C404A054D006001C580AD05490060C5
:10A25000404AC0AD0060E08C80AD0545054100601E
:10A260008088C0AD6F9C75280294900B81417A80E4
:10A270006102461A101B8C0B64B88E2B0C09EFFC84
:10A28000C02B65516C1D0C19C807C02B6AA94C0363
:10A290004C03C00DC011629966494C034C03C011B8
:10A2A000401167F152188C0BA10BE8000C0C808553
:10A2B000DD93F29C6C1D0C198C0B402BF29C0C0C4A
:10A2C000C1C39F85F804040C6E3100190019C02C1D
:10A2D000402C6D0D8245A11BE08C424A05A1040073
:10A2E00001C580B305910400424AC0B30400E08C6C
:10A2F00080B305C105B104000069C0B3C02B64CDB3
:10A30000005B8824C0156AD16AE1004BA36B40153D
:10A3100068C900CB003BC00AC00A68CD0461006573
:10A3200084C580050065A56B8005045D00758425E6
:10A33000400B63750285A76B9C004C70645D0065E3
:10A34000CC7DC005046100654C628005424A9A9C40
:10A35000D8C7608C026402E55857E0B04A5AD84723
:10A36000484AE00A4055E00AC00B6379637D4045E6
:10A37000481AC00BD81D600A421258374045D1B068
:10A38000400B6381481A8141423AC00A4045E00AC5
:10A39000C00B6385638940158101400BF0040C0CF0
:10A3A000C1C3DD93FA3C040C00B6008B5001E008F9
:10A3B000402B6C1D067B88AB7538849B820B6F9C91
:10A3C0006F9C7688210B806B0206FF11A3AB000007
:10A3D000820302E58295D30D84A5A37B5095A17BD2
:10A3E000C00B052150958415C00B6521A37B8335D7
:10A3F000A17B82C5052150058235C00B6521500522
:10A400008185C00B653150958145C00B6531500584
:10A41000100BC00B73188E1B5A18EFF80E646FFCEC
:10A420004386E1A08414E11843C604768414E1183D
:10A430000C0C84661B18F23CC1C3FFFCFA04044CEC
:10A44000866B4227042484210624FA808233E18427
:10A45000600A4E3A0029C62D402B0C1DC0084296BA
:10A46000CFB477486001000681317D09E01E400AC3
:10A47000E51A420AE59A440A648100104222C7A103
:10A48000040E728CC00374246F6044C80C4C81317C
:10A49000DD93F204FA00040C6C010C1281114028C7
:10A4A0006F606DE88C0B8C2BF2000C0CC1C3DD933C
:10A4B000FA00040C4206022B0414E118E12447863A
:10A4C000841881618C388C348245871B6008036650
:10A4D000E0080D66EFB473A80C06A10B8C0B80008E
:10A4E000F2000C0CC1C3DD93FA00040C4286022B6F
:10A4F0000414E118E12447C6841881618C388C3437
:10A500008245871B60080376E0080D76EFB471E89A
:10A510000C06A10B8C0B8000F2000C0CC1C3DD9368
:10A52000FA00040C02C6022B0414E128E118474685
:10A53000841881618C388C348E39C9378245871BE9
:10A5400060080386E0080D86EFB470080C06A10BC6
:10A550008C0B8000F2000C0CC1C3DD93FA00040CDC
:10A560000286022B0414E128E11847468418816111
:10A570008C388C34871B9E39039682450D96600873
:10A580006E38E008A10BEFB480000C060C0C8C0BAD
:10A59000DD93F2006C800412813181114800C53DC9
:10A5A000000450044212C18406305090FCF5C404EB
:10A5B000820B5D93FA00040C0C09806BC02B65B50F
:10A5C000E084400A05A90C194086402B0005C10013
:10A5D0004011C0008495C0006D210C09400AC02CB8
:10A5E00082C5E08063790C158531400B8C0B0341EB
:10A5F0006FFC6DA88C0B822BF2000C0C8101816525
:10A60000F2000C0CC1C3DD93FA7C044C0086006B95
:10A610008004E13C421080188016F1FC65B50C09FD
:10A62000404AC02B0004609880C5FA006CFD0C19EC
:10A63000A11BC02CFF1182858235820D66ED0C199D
:10A64000A11BC02602600285809906E5E094400ABD
:10A65000044502600260C09E80AD05A953F604184F
:10A660000C39E000C02B65AD70844432050AA61396
:10A67000161264FC1224E000400A1A800060E09088
:10A68000409906F1C00002064F605EA8C01804069B
:10A6900015860FBE0101E100897581716100408658
:10A6A000E0084206832100048C0B00B6EFF87BE83B
:10A6B000603C42864B188C0B007BEFE075B88C0B2E
:10A6C0000C09EFF8402C6D01F0A04462A17B281426
:10A6D0006BF144018408C02641F682658111603C1B
:10A6E000EF645F68600C43065EB88C0B51D8EFC80E
:10A6F0000C19EFDCC02B65B5E090420A028482653C
:10A7000004606088C09966F09023041344B1840EFD
:10A710000C15E400C00A6D610206C20D4C11C000A8
:10A72000C02606ED82B180D5FA8010B4ECE5D28D5A
:10A7300065B50C198291402BE090420AC01C1E2581
:10A74000D188448206E14C21938B40260C0984F584
:10A75000402666E5E10042868321041466ED4C2123
:10A760000406C026E03C41F66F645B284306811175
:10A770008C0B600CEFC85A68420A85954486609439
:10A780000824E100044102604CB1C09E402666E509
:10A7900005B10260841880AD021290138816ECFC9B
:10A7A0006C6D0C294C11C02CC02666E969B54C05AE
:10A7B000440AC0098245E0906FF86DE80C098C0BE3
:10A7C000C02C6D016D054C014046C02C8014E10089
:10A7D000442084280426F3ECE13C02868428841477
:10A7E000FC9C042480048426C81980188E0B001653
:10A7F000F27C0C4CC1C3DD93FA00040C40A6006B44
:10A800004C01E000402B6C1D69588C0B6AD8EFF4AA
:10A810008C0B6FE80C19A10B802C0D15937C42104A
:10A820000D154C118111002C6C214C110C0CC02BFE
:10A83000DD93F200FA1C044C8171006B66350C0B41
:10A8400043F640164C73EFFCC0166671E080404A38
:10A850000C199885C02B6C496C510C890C29C02BA4
:10A86000C02B6C556C4D0C39C517402BC527C587BF
:10A87000482A45374A3AE6A20644E6860854FA8052
:10A88000893BFA8080000016888C0004020010C505
:10A890000C398C04402C6D09E084400A6686442AF9
:10A8A000FA800814815101116C0400304002833198
:10A8B0000009D098C02C0CA16CE94C018305C02C78
:10A8C0008425A18B7A801884E89412346032584A27
:10A8D000FB8002144C13B21FC0166671855D98533D
:10A8E0008345FC156C1D0C294296402B52D8E0087C
:10A8F0008C0B6FB4E0084E9666710C1BA30B4016D0
:10A900006CE90C090E06402C0004C00002147A8089
:10A91000400AFB80A11FE6A266714C138E0B401605
:10A92000F21C0C4CC1C3DD93E1044206841A84146A
:10A930006E194013DD93C015F87C040CECA01EF0DA
:10A940006C4100698791402B6C4900298F31402B65
:10A950006C5100498581402B8D911396669A422A4D
:10A9600015968B71421A939189B16012999117963D
:10A97000BE1EBD366C4D00191F36C02B5E919B313B
:10A980003C1EE0906031020E0D1EC241E0400216F6
:10A990006C4500A91D1CC02B1996951100C9839107
:10A9A000402B6C55BF16A9AB9711211691911B96A0
:10A9B000E0805E819F812586E0945E319D31233663
:10A9C000E08C5E1181112B16E0845E71E0885E914F
:10A9D000120629965E31C0005E81E0982F86E09CC9
:10A9E000C00010069116AD36A7769DB6017192157E
:10A9F0008395819164600AF00A3982B18033FC0C3E
:10AA0000688146718271401B6C4100690A64C02BE9
:10AA100006B47A809453FA80FAB5CB3D6C4500B900
:10AA20008291402BF42C528AC088069413F1543042
:10AA30007AD5C003DC0056A06C810039A33BC02C42
:10AA4000DFFC51EE68BD40818575C01B64200AF0B3
:10AA50000A3982B18033FC0C688146818281401BB7
:10AA60006C4100690A64C02B06B47A809453FA8062
:10AA7000FAB5CB3D6C4500A98291402BF428528A4F
:10AA8000DA800694C69E543A56A07AF547E6DC0072
:10AA90004031E00CC01B68BDBC54BE34E012442AF7
:10AAA000FA8006346032485A64800A008725C06EF6
:10AAB0006E1900CB580AC01559E6E4844C50000CBE
:10AAC00088A59C006C7900C9E5CDC02C94C8883558
:10AAD0006C4100690079C02BC02C6CE9E01A50CAA7
:10AAE000E00A527AE11A58CAE692508AE10A4C7A90
:10AAF00058CA10930E94E68A50027A804E7AF084F7
:10AB00008CC3668E64810C808EC3C06E021198C6A1
:10AB1000020A8251F2B5E0400C0CD0F1DD93F07CDA
:10AB200000001014004349380000092C00001A24CA
:10AB300000435348000000200000194400000000BA
:10AB4000000000E000000000008002000080020120
:10AB500000000000008002110080021200000000CE
:10AB6000008002160080021700800218008002197F
:10AB70000080021A0080021B000000000080021DFD
:10AB80000080021E00800220008002240080022635
:10AB90000080022C000000000080022F008002468E
:10ABA000000000000080024A000000000080024C0B
:10ABB0000080024D0080024E008002510000000023
:10ABC00000800253000000000080025700000000D7
:10ABD000008002590080025A0080025F00800260FB
:10ABE00000800261008002620080026300800264D3
:10ABF00000800265008002660080026700800268B3
:10AC00000080027300000000008002780080027C57
:10AC10000080028100800286008002870000000020
:10AC200000800295000000000080029900000000F2
:10AC3000008002A3008002A800000000008002AA99
:10AC4000008002AB008002AC008002AD008002AE4A
:10AC5000008002B1008002B200000000008002B655
:10AC6000008002B7008002B8008002B9008002BAFA
:10AC7000008002BB008002BC008002BD008002BEDA
:10AC8000008002BF008002C2008002C3008002C4B4
:10AC9000008002C5008040000000000000804002EB
:10ACA0000080400300804004008040060000000057
:10ACB000008040090080400A0080400B0080400C6A
:10ACC000000000000080400E0080400F00000000E7
:10ACD00000804013008040140080401500000000F8
:10ACE000008040190080401E0080401F00804020EE
:10ACF0000000000000804024008040250080403C8F
:10AD00000080403D0080403E0080403F0080404049
:10AD10000080404100804042008040430080404429
:10AD20000080404500804046008040470080404809
:10AD3000008040490080404A0080404B0080404CE9
:10AD40000080404D0080404E0080404F00804050C9
:10AD500000804051008040520080405300804054A9
:10AD60000080405500804056008040570080405889
:10AD7000008040590080405A0080405B0080405C69
:10AD8000000000000080405E000000000080406085
:10AD900000000000008040690080406A0080406B35
:10ADA00000000000008040740080407800804079FE
:10ADB0000080407A0080407C008040840080408594
:10ADC00000804088008040890080408E00000000A4
:10ADD0000080409000804091008040990000000079
:10ADE0000080409F00000000008040A1008040A241
:10ADF00000000000008040A8008040B0008040B605
:10AE0000008040D0008040D1008040D4008040D5F8
:10AE100000000000008040DD00000000008040DFF6
:10AE2000008043DC008043DD00000000008043E43C
:10AE30000080440400804428000000000080444852
:10AE40000080444C008044500080445400804458AA
:10AE50000080445C0080446000804464008044685A
:10AE6000000000000080469800000000008048C8F4
:10AE7000008048C900000000008048CB008048CC1A
:10AE8000000000000080491C000000000080343CED
:10AE900000808000008080010080800200808006A9
:10AEA0000080800700000000008080090000000092
:10AEB0000080800E00808010000000000080801460
:10AEC000008080180080801C000000000080802D21
:10AED0000080802E008080310080803200808035AC
:10AEE00000808036008080370000000000808039BC
:10AEF0000080803A0080803B0080803C0080803D64
:10AF00000080803E00808040008080440080804837
:10AF1000008080490080804A000000000080804C52
:10AF200000808050008080540080805500808056D2
:10AF300000000000008080580080805C00808060FD
:10AF400000808061008080620000000000808064DA
:10AF5000008080680080806C0080806D0080806E42
:10AF60000000000000808070008080740080807885
:10AF7000008080790080807A000000000080807C62
:10AF80000080808000000000008080880080808C2D
:10AF90000000000000808094008080980000000085
:10AFA000008000800080008100800082008000839B
:10AFB000008000840080008500800086008000877B
:10AFC00000800088008000890080008A0080008B5B
:10AFD0000080008C0080008D0080008E0080008F3B
:10AFE000008000900000000000800101008001024C
:10AFF000008001030080010400800105008001063B
:10B00000008001070080010A0080010C00812C00F3
:10B0100000812FFC00000D00000000640000BB80D8
:10B0200000001A480000FB7800000000000000004B
:10B0300000000000000017EC00001854000018BCCD
:10B040000000000000000000000000000000000000
:10B0500000000000000000000000000000000000F0
:10B060000000000000001A3F000000000000000087
:10B0700000000000000000000000000000000000D0
:10B0800000000000000000000000000000000000C0
:10B0900000000000000000000000000000000000B0
:10B0A00000000000000000000000000000000000A0
:10B0B0000000000000000000000000000000000090
:10B0C0000000000000000000000000000000000080
:10B0D000000000000000000000000001000000006F
:10B0E000ABCD330EE66D12340005DEEC0000000B34
:10B0F0000000000000000000000000000000000050
:10B10000000000000000000000000000000000003F
:10B11000000000000000000000000000000000002F
:10B12000000000000000000000000000000000001F
:10B13000000000000000000000000000000000000F
:10B1400000000000000000000000000000000000FF
:10B1500000000000000000000000000000000000EF
:10B1600000000000000000000000000000000000DF
:10B1700000000000000000000000000000000000CF
:10B1800000000000000000000000000000000000BF
:10B1900000000000000000000000000000000000AF
:10B1A000000000000000000000000000000000009F
:10B1B000000000000000000000000000000000008F
:10B1C000000000000000000000000000000000007F
:10B1D000000000000000000000000000000000006F
:10B1E000000000000000000000000000000000005F
:10B1F000000000000000000000000000000000004F
:10B2000000000000000000000000000054000040AA
:10B210009E1400C09E2001409E3400409E380404CD
:10B220009F3804029FB801009FC801000000000F72
:10B2300002020024540000409FD800C09FE4014057
:10B240009FF800409FFC0404A0FC0100A10C010039
:10B25000A11C00C0A1280902A2480040A24C008104
:10B26000A2540081A25C0081A2640081A26C0084CF
:10B27000A28C00820000000F0702004400C1814040
:10B2800001C0804101C0804100C1814001C08041B6
:10B2900000C1814000C1814001C0804101C08041A6
:10B2A00000C1814000C1814001C0804100C1814096
:10B2B00001C0804101C0804100C1814001C0804186
:10B2C00000C1814000C1814001C0804100C1814076
:10B2D00001C0804101C0804100C1814000C1814066
:10B2E00001C0804101C0804100C1814001C0804156
:10B2F00000C1814000C1814001C0804101C0804146
:10B3000000C1814000C1814001C0804100C1814035
:10B3100001C0804101C0804100C1814000C1814025
:10B3200001C0804101C0804100C1814001C0804115
:10B3300000C1814000C1814001C0804100C1814005
:10B3400001C0804101C0804100C1814001C08041F5
:10B3500000C1814000C1814001C0804101C08041E5
:10B3600000C1814000C1814001C0804100C18140D5
:10B3700001C0804101C0804100C1814000C0C101C5
:10B38000C30302C2C60607C705C5C404CC0C0DCD55
:10B390000FCFCE0E0ACACB0BC90908C8D81819D9C5
:10B3A0001BDBDA1A1EDEDF1FDD1D1CDC14D4D515F5
:10B3B000D71716D6D21213D311D1D010F03031F1E5
:10B3C00033F3F23236F6F737F53534F43CFCFD3D15
:10B3D000FF3F3EFEFA3A3BFB39F9F83828E8E92905
:10B3E000EB2B2AEAEE2E2FEF2DEDEC2CE42425E5B5
:10B3F00027E7E62622E2E323E12120E0A06061A125
:10B4000063A3A26266A6A767A56564A46CACAD6DD4
:10B41000AF6F6EAEAA6A6BAB69A9A86878B8B97944
:10B42000BB7B7ABABE7E7FBF7DBDBC7CB47475B574
:10B4300077B7B67672B2B373B17170B05090915164
:10B440009353529296565797559594549C5C5D9D94
:10B450005F9F9E5E5A9A9B5B995958988848498984
:10B460004B8B8A4A4E8E8F4F8D4D4C8C4484854534
:10B47000874746868242438341818040070000001F
:10B480000000000000000000000000C0FFFF0100FD
:10B490000000000000000000000000C02D56322E09
:10B4A000302E303400000000C8B402080000002034
:10B4B000580300005C020108D0B5020858030020C0
:10B4C00068200000C456010811143801401324F408
:10B4D000180E9D350108B9340108C9360108F50870
:10B4E0001EFD330108B5081A49081A151C180ACDA3
:10B4F0003701082538010891081ADD181AB1081A11
:10B50000651832013210179CB402089FD81810C079
:10B51000032009600B080817080808039FE45CB1C2
:10B520001301E0322014209FF81B4017012D9FFCCF
:10B53000040417214B0438080912045B05E8080AC3
:10B540001583200A18B83CE9040B140716182306C3
:10B55000A52308340B11039C1C1A2BA00A28646431
:10B56000092C042BA0FC07390C72033C3FA10C14DE
:10B570009A84141428A11C22C03770EB0C8001E0BF
:10B58000D626A12809022933123610120301D90147
:10B590004302330217024B02410117022212271203
:10B5A0005D12055A112201ED13A2483A4008124CCF
:10B5B0007A81149A540C9A5C0C9A640C126C0A1FCF
:10B5C000845C128C021382120F44010304000000F9
:0400000508010131BC
:00000001FF
